person_id,age,age_band,gender,race,state,observation_months,inpatient_visits,outpatient_visits,total_visits,distinct_care_sites,diabetes,chf,copd,stroke,cancer,renal_disease,drug_exposures,distinct_drugs,drug_eras,distinct_conditions,distinct_procedures,risk_class,split,label_rule_version
3,66.0,65-74,Male,White,ND,0,0,0,0,0,0,0,0,0,0,0,0,0,0,0,0,Low,train,outcome_score_v1: score = total_visits + 3*inpatient_visits + drug_eras over 2009-2010; rank-based terciles (tie-safe) -> Low/Medium/High
63,77.0,75-84,Female,White,IA,0,0,5,19,13,1,0,1,1,0,0,51,49,56,44,15,High,production,outcome_score_v1: score = total_visits + 3*inpatient_visits + drug_eras over 2009-2010; rank-based terciles (tie-safe) -> Low/Medium/High
123,85.0,85+,Female,White,GA,0,1,5,47,32,1,1,1,1,1,1,17,17,19,108,30,High,train,outcome_score_v1: score = total_visits + 3*inpatient_visits + drug_eras over 2009-2010; rank-based terciles (tie-safe) -> Low/Medium/High
183,66.0,65-74,Male,White,DE,0,0,0,0,0,0,0,0,0,0,0,0,0,0,0,0,Low,validation,outcome_score_v1: score = total_visits + 3*inpatient_visits + drug_eras over 2009-2010; rank-based terciles (tie-safe) -> Low/Medium/High
243,89.0,85+,Male,White,NY,0,0,0,35,32,1,1,1,0,1,0,43,42,48,78,31,High,test,outcome_score_v1: score = total_visits + 3*inpatient_visits + drug_eras over 2009-2010; rank-based terciles (tie-safe) -> Low/Medium/High
303,76.0,75-84,Male,Hispanic,CA,0,0,0,0,0,0,0,0,0,0,0,37,37,40,0,0,Low,train,outcome_score_v1: score = total_visits + 3*inpatient_visits + drug_eras over 2009-2010; rank-based terciles (tie-safe) -> Low/Medium/High
363,66.0,65-74,Male,White,OH,0,0,11,35,21,1,1,1,1,1,0,35,35,39,82,37,High,production,outcome_score_v1: score = total_visits + 3*inpatient_visits + drug_eras over 2009-2010; rank-based terciles (tie-safe) -> Low/Medium/High
423,73.0,65-74,Male,White,TX,0,0,8,23,19,0,0,0,0,0,0,1,1,1,48,22,Medium,train,outcome_score_v1: score = total_visits + 3*inpatient_visits + drug_eras over 2009-2010; rank-based terciles (tie-safe) -> Low/Medium/High
483,86.0,85+,Male,White,TX,0,0,3,34,29,1,0,0,1,0,0,42,42,52,78,30,High,production,outcome_score_v1: score = total_visits + 3*inpatient_visits + drug_eras over 2009-2010; rank-based terciles (tie-safe) -> Low/Medium/High
543,78.0,75-84,Female,Others,HI,0,0,0,0,0,0,0,0,0,0,0,1,1,1,0,0,Low,test,outcome_score_v1: score = total_visits + 3*inpatient_visits + drug_eras over 2009-2010; rank-based terciles (tie-safe) -> Low/Medium/High
603,52.0,<65,Male,White,IN,0,0,7,13,12,0,1,0,1,0,0,37,34,40,18,6,High,train,outcome_score_v1: score = total_visits + 3*inpatient_visits + drug_eras over 2009-2010; rank-based terciles (tie-safe) -> Low/Medium/High
723,65.0,65-74,Male,White,VA,0,0,1,17,12,1,1,1,0,0,1,44,44,43,34,12,High,train,outcome_score_v1: score = total_visits + 3*inpatient_visits + drug_eras over 2009-2010; rank-based terciles (tie-safe) -> Low/Medium/High
783,83.0,75-84,Female,White,IN,0,0,0,13,10,1,0,1,0,0,1,44,40,45,36,6,High,train,outcome_score_v1: score = total_visits + 3*inpatient_visits + drug_eras over 2009-2010; rank-based terciles (tie-safe) -> Low/Medium/High
843,67.0,65-74,Female,White,CA,0,0,0,0,0,0,0,0,0,0,0,45,44,47,0,0,Medium,train,outcome_score_v1: score = total_visits + 3*inpatient_visits + drug_eras over 2009-2010; rank-based terciles (tie-safe) -> Low/Medium/High
903,89.0,85+,Male,White,KS,0,4,9,38,24,1,1,1,1,1,1,35,35,38,90,29,High,train,outcome_score_v1: score = total_visits + 3*inpatient_visits + drug_eras over 2009-2010; rank-based terciles (tie-safe) -> Low/Medium/High
963,71.0,65-74,Female,White,FL,0,0,1,7,7,0,0,0,0,0,0,12,12,15,11,9,Medium,production,outcome_score_v1: score = total_visits + 3*inpatient_visits + drug_eras over 2009-2010; rank-based terciles (tie-safe) -> Low/Medium/High
2,74.0,65-74,Female,White,MD,0,0,5,28,27,1,0,0,1,1,0,76,74,78,66,20,High,production,outcome_score_v1: score = total_visits + 3*inpatient_visits + drug_eras over 2009-2010; rank-based terciles (tie-safe) -> Low/Medium/High
62,87.0,85+,Female,White,NH,0,0,2,15,13,0,0,1,1,0,0,0,0,0,34,19,Low,production,outcome_score_v1: score = total_visits + 3*inpatient_visits + drug_eras over 2009-2010; rank-based terciles (tie-safe) -> Low/Medium/High
242,74.0,65-74,Male,White,IN,0,0,8,78,45,1,0,1,0,1,1,10,8,8,154,43,Medium,production,outcome_score_v1: score = total_visits + 3*inpatient_visits + drug_eras over 2009-2010; rank-based terciles (tie-safe) -> Low/Medium/High
302,90.0,85+,Female,White,IL,0,0,0,2,2,0,0,0,1,0,0,26,26,28,6,2,High,train,outcome_score_v1: score = total_visits + 3*inpatient_visits + drug_eras over 2009-2010; rank-based terciles (tie-safe) -> Low/Medium/High
362,73.0,65-74,Female,White,CO,0,0,3,25,15,1,0,0,1,0,0,4,4,4,52,21,Medium,train,outcome_score_v1: score = total_visits + 3*inpatient_visits + drug_eras over 2009-2010; rank-based terciles (tie-safe) -> Low/Medium/High
422,89.0,85+,Male,White,CA,0,0,0,0,0,0,0,0,0,0,0,21,21,21,0,0,Low,production,outcome_score_v1: score = total_visits + 3*inpatient_visits + drug_eras over 2009-2010; rank-based terciles (tie-safe) -> Low/Medium/High
482,84.0,75-84,Female,White,FL,0,0,5,17,11,1,0,0,0,1,1,79,72,80,35,14,High,train,outcome_score_v1: score = total_visits + 3*inpatient_visits + drug_eras over 2009-2010; rank-based terciles (tie-safe) -> Low/Medium/High
542,67.0,65-74,Male,White,WV,0,0,0,0,0,0,0,0,0,0,0,0,0,0,0,0,Low,production,outcome_score_v1: score = total_visits + 3*inpatient_visits + drug_eras over 2009-2010; rank-based terciles (tie-safe) -> Low/Medium/High
602,82.0,75-84,Female,White,KY,0,1,3,28,21,1,1,1,1,1,1,8,7,8,68,23,Medium,train,outcome_score_v1: score = total_visits + 3*inpatient_visits + drug_eras over 2009-2010; rank-based terciles (tie-safe) -> Low/Medium/High
662,80.0,75-84,Male,Others,IL,0,0,0,0,0,0,0,0,0,0,0,32,31,35,0,0,Medium,validation,outcome_score_v1: score = total_visits + 3*inpatient_visits + drug_eras over 2009-2010; rank-based terciles (tie-safe) -> Low/Medium/High
722,77.0,75-84,Male,White,MI,0,0,2,28,24,1,1,1,1,0,1,4,4,4,73,22,Medium,production,outcome_score_v1: score = total_visits + 3*inpatient_visits + drug_eras over 2009-2010; rank-based terciles (tie-safe) -> Low/Medium/High
782,86.0,85+,Female,Black,SC,0,0,0,0,0,0,0,0,0,0,0,13,13,19,0,0,Low,test,outcome_score_v1: score = total_visits + 3*inpatient_visits + drug_eras over 2009-2010; rank-based terciles (tie-safe) -> Low/Medium/High
842,77.0,75-84,Female,White,IN,0,0,8,21,17,1,0,1,0,0,0,20,20,21,35,16,Medium,production,outcome_score_v1: score = total_visits + 3*inpatient_visits + drug_eras over 2009-2010; rank-based terciles (tie-safe) -> Low/Medium/High
902,89.0,85+,Female,White,MA,0,1,8,60,53,1,1,1,1,1,1,26,24,27,146,55,High,production,outcome_score_v1: score = total_visits + 3*inpatient_visits + drug_eras over 2009-2010; rank-based terciles (tie-safe) -> Low/Medium/High
1,51.0,<65,Female,Others,WI,0,1,0,1,1,0,0,1,0,0,0,50,50,50,7,1,High,test,outcome_score_v1: score = total_visits + 3*inpatient_visits + drug_eras over 2009-2010; rank-based terciles (tie-safe) -> Low/Medium/High
121,42.0,<65,Male,White,NC,0,0,0,0,0,0,0,0,0,0,0,0,0,0,0,0,Low,train,outcome_score_v1: score = total_visits + 3*inpatient_visits + drug_eras over 2009-2010; rank-based terciles (tie-safe) -> Low/Medium/High
181,62.0,<65,Female,Black,KY,0,0,10,23,14,1,1,0,0,1,0,44,43,50,53,23,High,test,outcome_score_v1: score = total_visits + 3*inpatient_visits + drug_eras over 2009-2010; rank-based terciles (tie-safe) -> Low/Medium/High
241,51.0,<65,Female,White,IL,0,0,0,25,14,1,1,1,1,0,1,1,1,1,60,23,Medium,validation,outcome_score_v1: score = total_visits + 3*inpatient_visits + drug_eras over 2009-2010; rank-based terciles (tie-safe) -> Low/Medium/High
301,71.0,65-74,Male,White,PA,0,0,0,30,22,1,1,1,1,0,1,32,30,33,61,21,High,production,outcome_score_v1: score = total_visits + 3*inpatient_visits + drug_eras over 2009-2010; rank-based terciles (tie-safe) -> Low/Medium/High
361,89.0,85+,Female,Others,CA,0,0,7,31,26,1,0,0,0,1,0,12,12,14,59,30,High,production,outcome_score_v1: score = total_visits + 3*inpatient_visits + drug_eras over 2009-2010; rank-based terciles (tie-safe) -> Low/Medium/High
481,67.0,65-74,Male,White,MO,0,0,3,18,8,1,0,0,1,1,0,2,2,2,39,19,Low,test,outcome_score_v1: score = total_visits + 3*inpatient_visits + drug_eras over 2009-2010; rank-based terciles (tie-safe) -> Low/Medium/High
541,83.0,75-84,Female,White,TX,0,0,3,20,13,0,0,1,1,1,0,1,1,1,41,18,Medium,validation,outcome_score_v1: score = total_visits + 3*inpatient_visits + drug_eras over 2009-2010; rank-based terciles (tie-safe) -> Low/Medium/High
601,83.0,75-84,Female,White,WI,0,0,0,11,9,1,0,0,0,0,0,0,0,0,29,10,Low,validation,outcome_score_v1: score = total_visits + 3*inpatient_visits + drug_eras over 2009-2010; rank-based terciles (tie-safe) -> Low/Medium/High
661,77.0,75-84,Female,White,MN,0,0,0,0,0,0,0,0,0,0,0,2,2,2,0,0,Low,production,outcome_score_v1: score = total_visits + 3*inpatient_visits + drug_eras over 2009-2010; rank-based terciles (tie-safe) -> Low/Medium/High
721,92.0,85+,Female,White,NJ,0,3,1,39,30,1,1,1,1,1,1,24,24,26,101,19,High,production,outcome_score_v1: score = total_visits + 3*inpatient_visits + drug_eras over 2009-2010; rank-based terciles (tie-safe) -> Low/Medium/High
781,96.0,85+,Female,White,MN,0,0,0,15,4,0,1,0,0,1,0,2,2,2,31,9,Low,train,outcome_score_v1: score = total_visits + 3*inpatient_visits + drug_eras over 2009-2010; rank-based terciles (tie-safe) -> Low/Medium/High
841,63.0,<65,Female,White,KY,0,0,1,13,9,1,0,0,0,0,0,1,1,1,39,10,Low,test,outcome_score_v1: score = total_visits + 3*inpatient_visits + drug_eras over 2009-2010; rank-based terciles (tie-safe) -> Low/Medium/High
901,67.0,65-74,Male,White,MS,0,0,3,12,10,0,1,0,0,1,0,11,11,12,26,15,High,train,outcome_score_v1: score = total_visits + 3*inpatient_visits + drug_eras over 2009-2010; rank-based terciles (tie-safe) -> Low/Medium/High
961,69.0,65-74,Male,White,NY,0,0,0,7,7,1,0,0,1,0,0,0,0,0,16,4,Low,test,outcome_score_v1: score = total_visits + 3*inpatient_visits + drug_eras over 2009-2010; rank-based terciles (tie-safe) -> Low/Medium/High
1021,89.0,85+,Female,White,ME,0,1,7,44,29,1,0,0,1,0,1,69,67,75,111,48,High,production,outcome_score_v1: score = total_visits + 3*inpatient_visits + drug_eras over 2009-2010; rank-based terciles (tie-safe) -> Low/Medium/High
1081,67.0,65-74,Male,White,FL,0,1,0,1,1,0,1,0,0,0,0,96,90,100,8,0,Medium,production,outcome_score_v1: score = total_visits + 3*inpatient_visits + drug_eras over 2009-2010; rank-based terciles (tie-safe) -> Low/Medium/High
1141,39.0,<65,Male,Black,NY,0,0,0,0,0,0,0,0,0,0,0,44,42,49,0,0,Medium,production,outcome_score_v1: score = total_visits + 3*inpatient_visits + drug_eras over 2009-2010; rank-based terciles (tie-safe) -> Low/Medium/High
1201,81.0,75-84,Male,White,AZ,0,0,0,27,20,1,0,0,1,1,1,1,1,1,65,24,Medium,train,outcome_score_v1: score = total_visits + 3*inpatient_visits + drug_eras over 2009-2010; rank-based terciles (tie-safe) -> Low/Medium/High
4,74.0,65-74,Male,White,TX,0,0,1,34,31,1,1,0,1,1,0,31,31,32,99,38,High,train,outcome_score_v1: score = total_visits + 3*inpatient_visits + drug_eras over 2009-2010; rank-based terciles (tie-safe) -> Low/Medium/High
64,50.0,<65,Female,White,SC,0,0,1,28,20,1,0,1,0,0,1,35,34,34,55,21,High,production,outcome_score_v1: score = total_visits + 3*inpatient_visits + drug_eras over 2009-2010; rank-based terciles (tie-safe) -> Low/Medium/High
124,65.0,65-74,Male,White,MN,0,0,4,28,19,1,1,0,0,1,0,49,47,49,63,22,High,train,outcome_score_v1: score = total_visits + 3*inpatient_visits + drug_eras over 2009-2010; rank-based terciles (tie-safe) -> Low/Medium/High
244,45.0,<65,Female,White,TX,0,1,8,58,42,1,1,1,1,1,1,65,61,73,135,50,High,validation,outcome_score_v1: score = total_visits + 3*inpatient_visits + drug_eras over 2009-2010; rank-based terciles (tie-safe) -> Low/Medium/High
304,78.0,75-84,Male,White,IN,0,0,6,44,29,1,1,1,1,1,0,43,41,42,103,28,High,test,outcome_score_v1: score = total_visits + 3*inpatient_visits + drug_eras over 2009-2010; rank-based terciles (tie-safe) -> Low/Medium/High
364,85.0,85+,Female,White,NY,0,0,3,21,18,1,0,0,0,1,1,1,1,1,55,20,Low,production,outcome_score_v1: score = total_visits + 3*inpatient_visits + drug_eras over 2009-2010; rank-based terciles (tie-safe) -> Low/Medium/High
424,66.0,65-74,Male,White,PA,0,0,0,0,0,0,0,0,0,0,0,14,13,16,0,0,Low,production,outcome_score_v1: score = total_visits + 3*inpatient_visits + drug_eras over 2009-2010; rank-based terciles (tie-safe) -> Low/Medium/High
484,70.0,65-74,Female,Black,MI,0,0,3,27,25,1,1,0,0,0,0,21,21,22,55,25,Medium,train,outcome_score_v1: score = total_visits + 3*inpatient_visits + drug_eras over 2009-2010; rank-based terciles (tie-safe) -> Low/Medium/High
544,81.0,75-84,Female,White,LA,0,0,2,13,13,1,0,1,0,1,0,18,17,17,28,11,Medium,validation,outcome_score_v1: score = total_visits + 3*inpatient_visits + drug_eras over 2009-2010; rank-based terciles (tie-safe) -> Low/Medium/High
604,67.0,65-74,Female,White,NJ,0,0,0,3,3,0,0,0,0,0,0,0,0,0,8,3,Low,validation,outcome_score_v1: score = total_visits + 3*inpatient_visits + drug_eras over 2009-2010; rank-based terciles (tie-safe) -> Low/Medium/High
0,76.0,75-84,Male,White,NC,0,0,3,25,22,1,0,0,1,1,0,4,4,4,60,22,Medium,train,outcome_score_v1: score = total_visits + 3*inpatient_visits + drug_eras over 2009-2010; rank-based terciles (tie-safe) -> Low/Medium/High
60,68.0,65-74,Female,White,IN,0,0,0,0,0,0,0,0,0,0,0,17,14,19,0,0,Low,production,outcome_score_v1: score = total_visits + 3*inpatient_visits + drug_eras over 2009-2010; rank-based terciles (tie-safe) -> Low/Medium/High
120,29.0,<65,Female,White,NY,0,0,0,14,7,1,0,0,1,0,0,24,22,26,35,5,High,train,outcome_score_v1: score = total_visits + 3*inpatient_visits + drug_eras over 2009-2010; rank-based terciles (tie-safe) -> Low/Medium/High
180,80.0,75-84,Male,Others,AL,0,0,0,0,0,0,0,0,0,0,0,0,0,0,0,0,Low,train,outcome_score_v1: score = total_visits + 3*inpatient_visits + drug_eras over 2009-2010; rank-based terciles (tie-safe) -> Low/Medium/High
240,53.0,<65,Male,Black,IL,0,0,0,12,11,1,0,0,0,0,0,35,35,39,34,11,High,production,outcome_score_v1: score = total_visits + 3*inpatient_visits + drug_eras over 2009-2010; rank-based terciles (tie-safe) -> Low/Medium/High
300,28.0,<65,Male,Black,Missing,0,0,0,0,0,0,0,0,0,0,0,0,0,0,0,0,Low,production,outcome_score_v1: score = total_visits + 3*inpatient_visits + drug_eras over 2009-2010; rank-based terciles (tie-safe) -> Low/Medium/High
360,64.0,<65,Male,White,MS,0,0,0,31,24,1,1,1,0,1,0,17,17,15,66,22,High,production,outcome_score_v1: score = total_visits + 3*inpatient_visits + drug_eras over 2009-2010; rank-based terciles (tie-safe) -> Low/Medium/High
420,73.0,65-74,Female,White,MN,0,0,0,0,0,0,0,0,0,0,0,30,30,29,0,0,Medium,train,outcome_score_v1: score = total_visits + 3*inpatient_visits + drug_eras over 2009-2010; rank-based terciles (tie-safe) -> Low/Medium/High
480,27.0,<65,Male,Black,DC,0,0,1,7,7,0,0,0,0,0,0,10,10,11,12,6,Medium,validation,outcome_score_v1: score = total_visits + 3*inpatient_visits + drug_eras over 2009-2010; rank-based terciles (tie-safe) -> Low/Medium/High
540,72.0,65-74,Male,Black,AR,0,0,2,49,34,1,1,1,0,1,1,2,2,2,87,35,Medium,train,outcome_score_v1: score = total_visits + 3*inpatient_visits + drug_eras over 2009-2010; rank-based terciles (tie-safe) -> Low/Medium/High
600,73.0,65-74,Male,Black,AL,0,0,0,0,0,0,0,0,0,0,0,0,0,0,0,0,Low,production,outcome_score_v1: score = total_visits + 3*inpatient_visits + drug_eras over 2009-2010; rank-based terciles (tie-safe) -> Low/Medium/High
660,77.0,75-84,Female,White,AL,0,0,4,15,14,1,0,0,0,0,0,0,0,0,32,13,Low,validation,outcome_score_v1: score = total_visits + 3*inpatient_visits + drug_eras over 2009-2010; rank-based terciles (tie-safe) -> Low/Medium/High
720,79.0,75-84,Female,White,FL,0,0,6,44,39,1,1,1,1,1,1,91,87,90,105,36,High,production,outcome_score_v1: score = total_visits + 3*inpatient_visits + drug_eras over 2009-2010; rank-based terciles (tie-safe) -> Low/Medium/High
780,60.0,<65,Male,White,NJ,0,2,4,53,48,1,1,1,1,1,1,40,40,47,112,38,High,production,outcome_score_v1: score = total_visits + 3*inpatient_visits + drug_eras over 2009-2010; rank-based terciles (tie-safe) -> Low/Medium/High
840,99.0,85+,Male,White,IL,0,0,11,15,9,1,0,0,0,0,0,42,40,49,30,12,High,train,outcome_score_v1: score = total_visits + 3*inpatient_visits + drug_eras over 2009-2010; rank-based terciles (tie-safe) -> Low/Medium/High
900,57.0,<65,Male,Black,DE,0,0,0,0,0,0,0,0,0,0,0,0,0,0,0,0,Low,production,outcome_score_v1: score = total_visits + 3*inpatient_visits + drug_eras over 2009-2010; rank-based terciles (tie-safe) -> Low/Medium/High
960,80.0,75-84,Female,White,FL,0,0,4,33,26,1,1,1,0,1,1,5,5,5,84,34,Medium,production,outcome_score_v1: score = total_visits + 3*inpatient_visits + drug_eras over 2009-2010; rank-based terciles (tie-safe) -> Low/Medium/High
1080,69.0,65-74,Male,White,NJ,0,1,5,16,16,1,0,1,0,1,1,23,22,28,35,14,Medium,production,outcome_score_v1: score = total_visits + 3*inpatient_visits + drug_eras over 2009-2010; rank-based terciles (tie-safe) -> Low/Medium/High
7,65.0,65-74,Male,Black,CA,0,0,0,0,0,0,0,0,0,0,0,41,39,42,0,0,Medium,test,outcome_score_v1: score = total_visits + 3*inpatient_visits + drug_eras over 2009-2010; rank-based terciles (tie-safe) -> Low/Medium/High
67,80.0,75-84,Female,White,NY,0,0,9,31,14,1,0,1,1,1,0,45,43,47,74,26,High,train,outcome_score_v1: score = total_visits + 3*inpatient_visits + drug_eras over 2009-2010; rank-based terciles (tie-safe) -> Low/Medium/High
127,78.0,75-84,Female,White,TN,0,0,0,1,1,0,0,0,0,0,0,0,0,0,4,1,Low,production,outcome_score_v1: score = total_visits + 3*inpatient_visits + drug_eras over 2009-2010; rank-based terciles (tie-safe) -> Low/Medium/High
187,67.0,65-74,Male,White,FL,0,0,0,0,0,0,0,0,0,0,0,4,4,4,0,0,Low,train,outcome_score_v1: score = total_visits + 3*inpatient_visits + drug_eras over 2009-2010; rank-based terciles (tie-safe) -> Low/Medium/High
307,58.0,<65,Female,Others,PA,0,0,2,34,30,1,0,1,1,0,0,23,23,26,78,28,High,validation,outcome_score_v1: score = total_visits + 3*inpatient_visits + drug_eras over 2009-2010; rank-based terciles (tie-safe) -> Low/Medium/High
367,78.0,75-84,Female,White,MA,0,0,4,43,33,1,1,0,0,1,1,3,3,3,95,31,Medium,train,outcome_score_v1: score = total_visits + 3*inpatient_visits + drug_eras over 2009-2010; rank-based terciles (tie-safe) -> Low/Medium/High
427,88.0,85+,Male,White,IL,0,0,4,22,16,1,0,1,0,1,1,53,49,58,51,14,High,production,outcome_score_v1: score = total_visits + 3*inpatient_visits + drug_eras over 2009-2010; rank-based terciles (tie-safe) -> Low/Medium/High
6,66.0,65-74,Female,White,TX,0,0,0,0,0,0,0,0,0,0,0,20,20,23,0,0,Medium,test,outcome_score_v1: score = total_visits + 3*inpatient_visits + drug_eras over 2009-2010; rank-based terciles (tie-safe) -> Low/Medium/High
66,69.0,65-74,Male,White,MO,0,0,1,7,6,1,0,1,0,0,0,1,1,1,18,6,Low,train,outcome_score_v1: score = total_visits + 3*inpatient_visits + drug_eras over 2009-2010; rank-based terciles (tie-safe) -> Low/Medium/High
126,64.0,<65,Male,White,Missing,0,0,2,14,14,0,1,0,0,0,0,16,16,17,30,10,Medium,test,outcome_score_v1: score = total_visits + 3*inpatient_visits + drug_eras over 2009-2010; rank-based terciles (tie-safe) -> Low/Medium/High
246,91.0,85+,Male,White,CA,0,0,0,0,0,0,0,0,0,0,0,36,35,37,0,0,Low,production,outcome_score_v1: score = total_visits + 3*inpatient_visits + drug_eras over 2009-2010; rank-based terciles (tie-safe) -> Low/Medium/High
306,88.0,85+,Female,White,FL,0,0,5,24,19,1,0,1,1,1,0,26,26,36,57,20,High,production,outcome_score_v1: score = total_visits + 3*inpatient_visits + drug_eras over 2009-2010; rank-based terciles (tie-safe) -> Low/Medium/High
366,74.0,65-74,Female,White,IN,0,0,0,17,16,0,0,1,0,1,0,0,0,0,32,21,Medium,production,outcome_score_v1: score = total_visits + 3*inpatient_visits + drug_eras over 2009-2010; rank-based terciles (tie-safe) -> Low/Medium/High
426,65.0,65-74,Male,White,CA,0,0,0,47,38,1,1,1,0,1,1,3,2,3,98,40,Medium,train,outcome_score_v1: score = total_visits + 3*inpatient_visits + drug_eras over 2009-2010; rank-based terciles (tie-safe) -> Low/Medium/High
486,74.0,65-74,Male,White,WA,0,1,4,20,16,0,1,1,0,0,0,18,17,21,45,11,High,production,outcome_score_v1: score = total_visits + 3*inpatient_visits + drug_eras over 2009-2010; rank-based terciles (tie-safe) -> Low/Medium/High
606,78.0,75-84,Male,White,WI,0,0,6,29,19,1,1,0,1,1,0,9,9,9,73,25,Medium,production,outcome_score_v1: score = total_visits + 3*inpatient_visits + drug_eras over 2009-2010; rank-based terciles (tie-safe) -> Low/Medium/High
666,64.0,<65,Male,White,SD,0,1,3,15,11,0,0,1,1,0,0,7,6,4,38,12,Medium,production,outcome_score_v1: score = total_visits + 3*inpatient_visits + drug_eras over 2009-2010; rank-based terciles (tie-safe) -> Low/Medium/High
726,71.0,65-74,Male,Black,CA,0,0,1,11,11,0,0,1,0,0,0,6,6,6,29,8,Low,train,outcome_score_v1: score = total_visits + 3*inpatient_visits + drug_eras over 2009-2010; rank-based terciles (tie-safe) -> Low/Medium/High
786,76.0,75-84,Male,White,OH,0,0,0,56,40,1,0,1,1,1,0,21,21,25,121,49,High,production,outcome_score_v1: score = total_visits + 3*inpatient_visits + drug_eras over 2009-2010; rank-based terciles (tie-safe) -> Low/Medium/High
846,74.0,65-74,Female,White,IL,0,0,3,9,7,1,0,1,0,1,0,47,46,51,19,8,High,validation,outcome_score_v1: score = total_visits + 3*inpatient_visits + drug_eras over 2009-2010; rank-based terciles (tie-safe) -> Low/Medium/High
906,81.0,75-84,Male,White,NY,0,0,0,18,18,1,0,0,0,0,0,1,1,1,31,21,Medium,production,outcome_score_v1: score = total_visits + 3*inpatient_visits + drug_eras over 2009-2010; rank-based terciles (tie-safe) -> Low/Medium/High
966,66.0,65-74,Male,White,FL,0,0,0,0,0,0,0,0,0,0,0,0,0,0,0,0,Low,production,outcome_score_v1: score = total_visits + 3*inpatient_visits + drug_eras over 2009-2010; rank-based terciles (tie-safe) -> Low/Medium/High
1026,83.0,75-84,Male,White,NM,0,0,0,0,0,0,0,0,0,0,0,0,0,0,0,0,Low,production,outcome_score_v1: score = total_visits + 3*inpatient_visits + drug_eras over 2009-2010; rank-based terciles (tie-safe) -> Low/Medium/High
1086,88.0,85+,Female,White,TX,0,0,2,15,14,1,0,0,1,0,0,15,15,17,41,26,Medium,test,outcome_score_v1: score = total_visits + 3*inpatient_visits + drug_eras over 2009-2010; rank-based terciles (tie-safe) -> Low/Medium/High
1146,70.0,65-74,Female,White,OH,0,2,0,2,1,0,1,0,0,1,1,42,41,45,14,2,High,train,outcome_score_v1: score = total_visits + 3*inpatient_visits + drug_eras over 2009-2010; rank-based terciles (tie-safe) -> Low/Medium/High
1206,72.0,65-74,Female,White,MD,0,0,1,10,10,0,0,0,0,0,0,0,0,0,22,9,Low,production,outcome_score_v1: score = total_visits + 3*inpatient_visits + drug_eras over 2009-2010; rank-based terciles (tie-safe) -> Low/Medium/High
8,57.0,<65,Female,White,TN,0,0,0,2,2,0,0,0,0,0,0,10,10,10,10,2,Low,production,outcome_score_v1: score = total_visits + 3*inpatient_visits + drug_eras over 2009-2010; rank-based terciles (tie-safe) -> Low/Medium/High
68,68.0,65-74,Female,White,CA,0,0,0,0,0,0,0,0,0,0,0,11,11,14,0,0,Medium,production,outcome_score_v1: score = total_visits + 3*inpatient_visits + drug_eras over 2009-2010; rank-based terciles (tie-safe) -> Low/Medium/High
128,80.0,75-84,Female,Black,NC,0,0,0,0,0,0,0,0,0,0,0,19,17,20,0,0,Low,production,outcome_score_v1: score = total_visits + 3*inpatient_visits + drug_eras over 2009-2010; rank-based terciles (tie-safe) -> Low/Medium/High
188,84.0,75-84,Female,White,FL,0,0,0,0,0,0,0,0,0,0,0,35,34,37,0,0,Low,train,outcome_score_v1: score = total_visits + 3*inpatient_visits + drug_eras over 2009-2010; rank-based terciles (tie-safe) -> Low/Medium/High
248,80.0,75-84,Female,Black,NJ,0,0,0,0,0,0,0,0,0,0,0,0,0,0,0,0,Low,train,outcome_score_v1: score = total_visits + 3*inpatient_visits + drug_eras over 2009-2010; rank-based terciles (tie-safe) -> Low/Medium/High
308,74.0,65-74,Female,Others,LA,0,0,4,46,28,1,1,1,0,1,1,74,71,81,100,35,High,train,outcome_score_v1: score = total_visits + 3*inpatient_visits + drug_eras over 2009-2010; rank-based terciles (tie-safe) -> Low/Medium/High
368,75.0,75-84,Female,White,CA,0,1,6,27,24,1,0,1,0,0,0,24,24,26,73,19,Medium,train,outcome_score_v1: score = total_visits + 3*inpatient_visits + drug_eras over 2009-2010; rank-based terciles (tie-safe) -> Low/Medium/High
428,82.0,75-84,Female,White,IL,0,0,4,28,24,1,0,1,0,1,0,25,25,29,61,25,High,train,outcome_score_v1: score = total_visits + 3*inpatient_visits + drug_eras over 2009-2010; rank-based terciles (tie-safe) -> Low/Medium/High
548,93.0,85+,Female,White,VA,0,2,2,10,8,1,1,1,1,1,0,0,0,0,34,14,Low,production,outcome_score_v1: score = total_visits + 3*inpatient_visits + drug_eras over 2009-2010; rank-based terciles (tie-safe) -> Low/Medium/High
608,66.0,65-74,Female,White,MA,0,0,6,30,28,1,0,0,0,1,1,1,1,1,69,29,Medium,production,outcome_score_v1: score = total_visits + 3*inpatient_visits + drug_eras over 2009-2010; rank-based terciles (tie-safe) -> Low/Medium/High
668,66.0,65-74,Female,White,MS,0,0,12,32,22,1,1,1,0,0,1,50,48,55,65,34,High,train,outcome_score_v1: score = total_visits + 3*inpatient_visits + drug_eras over 2009-2010; rank-based terciles (tie-safe) -> Low/Medium/High
728,86.0,85+,Male,White,UT,0,0,0,3,3,1,0,0,0,0,0,18,18,22,8,4,Low,test,outcome_score_v1: score = total_visits + 3*inpatient_visits + drug_eras over 2009-2010; rank-based terciles (tie-safe) -> Low/Medium/High
788,85.0,85+,Female,White,MO,0,0,1,18,17,1,0,1,0,1,1,35,34,39,42,11,High,production,outcome_score_v1: score = total_visits + 3*inpatient_visits + drug_eras over 2009-2010; rank-based terciles (tie-safe) -> Low/Medium/High
848,88.0,85+,Female,White,FL,0,0,3,24,19,1,1,0,0,1,0,1,1,1,57,22,Medium,train,outcome_score_v1: score = total_visits + 3*inpatient_visits + drug_eras over 2009-2010; rank-based terciles (tie-safe) -> Low/Medium/High
968,58.0,<65,Male,White,IA,0,0,0,0,0,0,0,0,0,0,0,21,21,24,0,0,Low,validation,outcome_score_v1: score = total_visits + 3*inpatient_visits + drug_eras over 2009-2010; rank-based terciles (tie-safe) -> Low/Medium/High
1028,75.0,75-84,Male,White,PA,0,0,0,0,0,0,0,0,0,0,0,7,7,7,0,0,Medium,train,outcome_score_v1: score = total_visits + 3*inpatient_visits + drug_eras over 2009-2010; rank-based terciles (tie-safe) -> Low/Medium/High
1088,70.0,65-74,Female,White,AZ,0,0,0,22,18,1,0,1,0,0,1,1,1,1,48,18,Low,production,outcome_score_v1: score = total_visits + 3*inpatient_visits + drug_eras over 2009-2010; rank-based terciles (tie-safe) -> Low/Medium/High
129,74.0,65-74,Male,White,MI,0,0,2,32,31,1,0,1,1,1,0,30,30,34,76,23,High,train,outcome_score_v1: score = total_visits + 3*inpatient_visits + drug_eras over 2009-2010; rank-based terciles (tie-safe) -> Low/Medium/High
249,67.0,65-74,Female,White,GA,0,1,11,79,47,1,1,1,0,1,1,6,6,6,145,58,Medium,train,outcome_score_v1: score = total_visits + 3*inpatient_visits + drug_eras over 2009-2010; rank-based terciles (tie-safe) -> Low/Medium/High
309,88.0,85+,Male,Hispanic,GA,0,0,3,8,8,0,0,1,1,0,1,3,3,3,21,13,Low,production,outcome_score_v1: score = total_visits + 3*inpatient_visits + drug_eras over 2009-2010; rank-based terciles (tie-safe) -> Low/Medium/High
369,55.0,<65,Male,White,MO,0,2,6,21,17,1,0,1,0,0,1,35,35,36,53,15,High,production,outcome_score_v1: score = total_visits + 3*inpatient_visits + drug_eras over 2009-2010; rank-based terciles (tie-safe) -> Low/Medium/High
429,70.0,65-74,Female,Black,NV,0,0,5,42,30,1,0,0,1,1,0,3,3,3,92,45,Medium,train,outcome_score_v1: score = total_visits + 3*inpatient_visits + drug_eras over 2009-2010; rank-based terciles (tie-safe) -> Low/Medium/High
489,48.0,<65,Male,White,OH,0,3,3,67,49,1,1,0,1,1,1,2,2,2,151,39,High,production,outcome_score_v1: score = total_visits + 3*inpatient_visits + drug_eras over 2009-2010; rank-based terciles (tie-safe) -> Low/Medium/High
549,71.0,65-74,Female,White,NJ,0,0,0,0,0,0,0,0,0,0,0,22,22,23,0,0,Medium,production,outcome_score_v1: score = total_visits + 3*inpatient_visits + drug_eras over 2009-2010; rank-based terciles (tie-safe) -> Low/Medium/High
609,88.0,85+,Female,White,OK,0,0,2,11,11,1,0,0,0,0,0,45,38,40,28,14,High,train,outcome_score_v1: score = total_visits + 3*inpatient_visits + drug_eras over 2009-2010; rank-based terciles (tie-safe) -> Low/Medium/High
669,69.0,65-74,Male,White,CA,0,0,1,4,4,0,0,0,0,0,0,15,15,16,6,4,Medium,validation,outcome_score_v1: score = total_visits + 3*inpatient_visits + drug_eras over 2009-2010; rank-based terciles (tie-safe) -> Low/Medium/High
729,68.0,65-74,Male,White,MI,0,0,2,16,14,1,0,0,0,0,0,0,0,0,39,13,Low,train,outcome_score_v1: score = total_visits + 3*inpatient_visits + drug_eras over 2009-2010; rank-based terciles (tie-safe) -> Low/Medium/High
5,78.0,75-84,Female,White,OK,0,2,7,29,23,0,1,1,0,1,1,10,10,10,87,29,High,test,outcome_score_v1: score = total_visits + 3*inpatient_visits + drug_eras over 2009-2010; rank-based terciles (tie-safe) -> Low/Medium/High
65,67.0,65-74,Female,White,MS,0,1,2,30,26,1,1,1,1,0,1,14,14,16,80,18,High,production,outcome_score_v1: score = total_visits + 3*inpatient_visits + drug_eras over 2009-2010; rank-based terciles (tie-safe) -> Low/Medium/High
185,73.0,65-74,Male,White,IN,0,0,0,4,4,0,0,0,0,0,0,0,0,0,7,3,Low,production,outcome_score_v1: score = total_visits + 3*inpatient_visits + drug_eras over 2009-2010; rank-based terciles (tie-safe) -> Low/Medium/High
245,83.0,75-84,Female,White,ME,0,0,13,55,32,1,1,0,0,1,0,3,3,3,95,31,Medium,production,outcome_score_v1: score = total_visits + 3*inpatient_visits + drug_eras over 2009-2010; rank-based terciles (tie-safe) -> Low/Medium/High
365,73.0,65-74,Male,Black,GA,0,0,0,4,4,1,0,1,0,0,0,0,0,0,13,4,Low,production,outcome_score_v1: score = total_visits + 3*inpatient_visits + drug_eras over 2009-2010; rank-based terciles (tie-safe) -> Low/Medium/High
425,65.0,65-74,Female,White,NJ,0,0,3,9,9,0,0,0,0,0,0,30,30,33,19,7,Medium,production,outcome_score_v1: score = total_visits + 3*inpatient_visits + drug_eras over 2009-2010; rank-based terciles (tie-safe) -> Low/Medium/High
545,89.0,85+,Female,White,TX,0,0,2,16,13,0,0,0,0,1,0,1,1,1,38,17,Medium,production,outcome_score_v1: score = total_visits + 3*inpatient_visits + drug_eras over 2009-2010; rank-based terciles (tie-safe) -> Low/Medium/High
605,65.0,65-74,Female,White,MA,0,0,0,18,16,0,0,0,0,1,0,0,0,0,43,21,Medium,train,outcome_score_v1: score = total_visits + 3*inpatient_visits + drug_eras over 2009-2010; rank-based terciles (tie-safe) -> Low/Medium/High
665,86.0,85+,Female,White,NY,0,0,0,14,14,1,0,1,0,0,1,4,4,4,32,8,Low,train,outcome_score_v1: score = total_visits + 3*inpatient_visits + drug_eras over 2009-2010; rank-based terciles (tie-safe) -> Low/Medium/High
725,73.0,65-74,Male,White,GA,0,1,2,27,25,1,1,1,1,1,1,53,51,53,69,21,High,test,outcome_score_v1: score = total_visits + 3*inpatient_visits + drug_eras over 2009-2010; rank-based terciles (tie-safe) -> Low/Medium/High
785,75.0,75-84,Male,White,OR,0,0,0,0,0,0,0,0,0,0,0,0,0,0,0,0,Low,train,outcome_score_v1: score = total_visits + 3*inpatient_visits + drug_eras over 2009-2010; rank-based terciles (tie-safe) -> Low/Medium/High
845,78.0,75-84,Female,White,NC,0,0,0,41,34,1,1,1,1,1,1,6,6,6,100,33,Medium,train,outcome_score_v1: score = total_visits + 3*inpatient_visits + drug_eras over 2009-2010; rank-based terciles (tie-safe) -> Low/Medium/High
965,89.0,85+,Female,White,MI,0,0,10,21,15,1,1,1,0,1,0,45,42,48,58,20,High,train,outcome_score_v1: score = total_visits + 3*inpatient_visits + drug_eras over 2009-2010; rank-based terciles (tie-safe) -> Low/Medium/High
1025,67.0,65-74,Female,White,FL,0,0,0,2,2,0,1,0,0,0,0,0,0,0,6,2,Low,production,outcome_score_v1: score = total_visits + 3*inpatient_visits + drug_eras over 2009-2010; rank-based terciles (tie-safe) -> Low/Medium/High
1085,72.0,65-74,Female,White,LA,0,0,0,0,0,0,0,0,0,0,0,22,22,22,0,0,Low,production,outcome_score_v1: score = total_visits + 3*inpatient_visits + drug_eras over 2009-2010; rank-based terciles (tie-safe) -> Low/Medium/High
1145,67.0,65-74,Male,White,IL,0,0,0,0,0,0,0,0,0,0,0,19,17,16,0,0,Low,train,outcome_score_v1: score = total_visits + 3*inpatient_visits + drug_eras over 2009-2010; rank-based terciles (tie-safe) -> Low/Medium/High
1205,41.0,<65,Female,White,IL,0,1,10,61,52,1,1,1,0,1,1,64,63,67,120,46,High,train,outcome_score_v1: score = total_visits + 3*inpatient_visits + drug_eras over 2009-2010; rank-based terciles (tie-safe) -> Low/Medium/High
1265,69.0,65-74,Female,Hispanic,NY,0,2,1,49,32,1,1,1,1,1,1,32,32,32,100,28,High,production,outcome_score_v1: score = total_visits + 3*inpatient_visits + drug_eras over 2009-2010; rank-based terciles (tie-safe) -> Low/Medium/High
12,87.0,85+,Female,White,NC,0,0,0,0,0,0,0,0,0,0,0,33,33,33,0,0,Medium,production,outcome_score_v1: score = total_visits + 3*inpatient_visits + drug_eras over 2009-2010; rank-based terciles (tie-safe) -> Low/Medium/High
72,75.0,75-84,Female,White,CT,0,0,7,42,32,0,0,1,1,1,0,29,29,30,86,28,High,train,outcome_score_v1: score = total_visits + 3*inpatient_visits + drug_eras over 2009-2010; rank-based terciles (tie-safe) -> Low/Medium/High
132,66.0,65-74,Female,White,OH,0,0,14,40,24,1,0,0,0,0,1,32,30,33,91,47,High,train,outcome_score_v1: score = total_visits + 3*inpatient_visits + drug_eras over 2009-2010; rank-based terciles (tie-safe) -> Low/Medium/High
192,77.0,75-84,Female,White,MT,0,1,1,15,11,1,1,1,0,1,0,3,3,3,41,14,Medium,train,outcome_score_v1: score = total_visits + 3*inpatient_visits + drug_eras over 2009-2010; rank-based terciles (tie-safe) -> Low/Medium/High
252,79.0,75-84,Female,White,NC,0,0,3,24,16,1,0,0,0,0,0,1,1,1,42,18,Medium,test,outcome_score_v1: score = total_visits + 3*inpatient_visits + drug_eras over 2009-2010; rank-based terciles (tie-safe) -> Low/Medium/High
312,84.0,75-84,Female,White,VA,0,0,1,23,18,0,0,0,0,0,0,4,4,4,49,25,Medium,train,outcome_score_v1: score = total_visits + 3*inpatient_visits + drug_eras over 2009-2010; rank-based terciles (tie-safe) -> Low/Medium/High
372,70.0,65-74,Female,White,HI,0,0,7,18,16,1,1,0,0,0,0,3,3,3,37,16,Low,train,outcome_score_v1: score = total_visits + 3*inpatient_visits + drug_eras over 2009-2010; rank-based terciles (tie-safe) -> Low/Medium/High
492,88.0,85+,Female,White,MN,0,2,1,62,41,1,1,1,1,1,1,35,35,38,141,49,High,validation,outcome_score_v1: score = total_visits + 3*inpatient_visits + drug_eras over 2009-2010; rank-based terciles (tie-safe) -> Low/Medium/High
552,79.0,75-84,Male,White,PA,0,0,6,32,22,1,1,1,0,1,1,2,2,2,77,25,Medium,production,outcome_score_v1: score = total_visits + 3*inpatient_visits + drug_eras over 2009-2010; rank-based terciles (tie-safe) -> Low/Medium/High
672,72.0,65-74,Female,Others,CA,0,1,0,5,5,0,1,1,0,0,0,36,36,37,14,3,Medium,train,outcome_score_v1: score = total_visits + 3*inpatient_visits + drug_eras over 2009-2010; rank-based terciles (tie-safe) -> Low/Medium/High
732,67.0,65-74,Male,Black,MD,0,0,0,10,7,1,0,0,0,0,0,1,1,1,28,13,Low,train,outcome_score_v1: score = total_visits + 3*inpatient_visits + drug_eras over 2009-2010; rank-based terciles (tie-safe) -> Low/Medium/High
792,66.0,65-74,Male,Black,DE,0,0,2,10,9,1,1,0,0,1,1,5,5,5,26,10,Low,test,outcome_score_v1: score = total_visits + 3*inpatient_visits + drug_eras over 2009-2010; rank-based terciles (tie-safe) -> Low/Medium/High
912,35.0,<65,Male,White,CO,0,0,0,0,0,0,0,0,0,0,0,0,0,0,0,0,Low,production,outcome_score_v1: score = total_visits + 3*inpatient_visits + drug_eras over 2009-2010; rank-based terciles (tie-safe) -> Low/Medium/High
972,65.0,65-74,Female,White,IL,0,0,1,2,2,0,0,1,0,1,0,34,32,33,13,5,Medium,train,outcome_score_v1: score = total_visits + 3*inpatient_visits + drug_eras over 2009-2010; rank-based terciles (tie-safe) -> Low/Medium/High
1032,40.0,<65,Female,White,OR,0,2,2,28,13,1,1,1,1,0,1,43,43,49,73,19,High,train,outcome_score_v1: score = total_visits + 3*inpatient_visits + drug_eras over 2009-2010; rank-based terciles (tie-safe) -> Low/Medium/High
1092,67.0,65-74,Male,White,FL,0,0,3,22,19,1,1,1,1,1,1,0,0,0,59,26,Medium,production,outcome_score_v1: score = total_visits + 3*inpatient_visits + drug_eras over 2009-2010; rank-based terciles (tie-safe) -> Low/Medium/High
1212,97.0,85+,Male,White,IN,0,2,6,48,30,1,1,1,1,1,0,47,45,49,114,39,High,test,outcome_score_v1: score = total_visits + 3*inpatient_visits + drug_eras over 2009-2010; rank-based terciles (tie-safe) -> Low/Medium/High
1272,89.0,85+,Male,White,WA,0,0,3,32,28,1,0,1,0,1,0,0,0,0,65,26,Low,test,outcome_score_v1: score = total_visits + 3*inpatient_visits + drug_eras over 2009-2010; rank-based terciles (tie-safe) -> Low/Medium/High
1332,66.0,65-74,Male,Black,AZ,0,0,0,0,0,0,0,0,0,0,0,0,0,0,0,0,Low,production,outcome_score_v1: score = total_visits + 3*inpatient_visits + drug_eras over 2009-2010; rank-based terciles (tie-safe) -> Low/Medium/High
73,89.0,85+,Male,White,CO,0,0,0,0,0,0,0,0,0,0,0,0,0,0,0,0,Low,train,outcome_score_v1: score = total_visits + 3*inpatient_visits + drug_eras over 2009-2010; rank-based terciles (tie-safe) -> Low/Medium/High
133,94.0,85+,Male,White,IL,0,0,0,15,14,1,1,0,0,0,1,0,0,0,28,5,Low,production,outcome_score_v1: score = total_visits + 3*inpatient_visits + drug_eras over 2009-2010; rank-based terciles (tie-safe) -> Low/Medium/High
193,78.0,75-84,Male,White,GA,0,0,9,36,29,1,1,1,1,1,1,46,44,47,80,24,High,production,outcome_score_v1: score = total_visits + 3*inpatient_visits + drug_eras over 2009-2010; rank-based terciles (tie-safe) -> Low/Medium/High
253,60.0,<65,Female,White,TX,0,0,0,1,1,0,0,0,0,0,0,33,32,37,2,0,Medium,production,outcome_score_v1: score = total_visits + 3*inpatient_visits + drug_eras over 2009-2010; rank-based terciles (tie-safe) -> Low/Medium/High
313,74.0,65-74,Male,White,MN,0,0,0,0,0,0,0,0,0,0,0,18,18,20,0,0,Low,test,outcome_score_v1: score = total_visits + 3*inpatient_visits + drug_eras over 2009-2010; rank-based terciles (tie-safe) -> Low/Medium/High
373,28.0,<65,Female,White,PA,0,0,1,14,13,0,0,0,0,0,0,25,24,26,31,12,High,train,outcome_score_v1: score = total_visits + 3*inpatient_visits + drug_eras over 2009-2010; rank-based terciles (tie-safe) -> Low/Medium/High
433,87.0,85+,Male,Black,FL,0,0,0,0,0,0,0,0,0,0,0,28,25,25,0,0,Medium,production,outcome_score_v1: score = total_visits + 3*inpatient_visits + drug_eras over 2009-2010; rank-based terciles (tie-safe) -> Low/Medium/High
493,76.0,75-84,Male,White,FL,0,0,0,0,0,0,0,0,0,0,0,28,27,34,0,0,Medium,train,outcome_score_v1: score = total_visits + 3*inpatient_visits + drug_eras over 2009-2010; rank-based terciles (tie-safe) -> Low/Medium/High
553,70.0,65-74,Male,White,CO,0,0,0,2,2,0,0,0,0,0,0,17,17,20,4,2,Medium,production,outcome_score_v1: score = total_visits + 3*inpatient_visits + drug_eras over 2009-2010; rank-based terciles (tie-safe) -> Low/Medium/High
613,70.0,65-74,Male,White,NJ,0,0,3,9,7,1,0,1,0,0,0,0,0,0,20,9,Low,production,outcome_score_v1: score = total_visits + 3*inpatient_visits + drug_eras over 2009-2010; rank-based terciles (tie-safe) -> Low/Medium/High
673,69.0,65-74,Male,White,VT,0,0,0,0,0,0,0,0,0,0,0,12,12,14,0,0,Low,train,outcome_score_v1: score = total_visits + 3*inpatient_visits + drug_eras over 2009-2010; rank-based terciles (tie-safe) -> Low/Medium/High
733,30.0,<65,Male,Hispanic,CO,0,0,2,19,16,1,1,0,1,0,0,22,22,24,58,22,High,train,outcome_score_v1: score = total_visits + 3*inpatient_visits + drug_eras over 2009-2010; rank-based terciles (tie-safe) -> Low/Medium/High
793,61.0,<65,Male,White,KS,0,3,10,53,36,1,1,1,0,1,1,11,11,11,150,56,High,production,outcome_score_v1: score = total_visits + 3*inpatient_visits + drug_eras over 2009-2010; rank-based terciles (tie-safe) -> Low/Medium/High
853,70.0,65-74,Female,Black,MD,0,0,7,34,25,1,1,1,1,1,1,37,37,41,71,48,High,production,outcome_score_v1: score = total_visits + 3*inpatient_visits + drug_eras over 2009-2010; rank-based terciles (tie-safe) -> Low/Medium/High
913,82.0,75-84,Female,White,NH,0,0,0,11,9,1,0,0,1,0,0,35,33,39,15,8,Medium,validation,outcome_score_v1: score = total_visits + 3*inpatient_visits + drug_eras over 2009-2010; rank-based terciles (tie-safe) -> Low/Medium/High
973,83.0,75-84,Female,White,CT,0,0,0,0,0,0,0,0,0,0,0,0,0,0,0,0,Low,train,outcome_score_v1: score = total_visits + 3*inpatient_visits + drug_eras over 2009-2010; rank-based terciles (tie-safe) -> Low/Medium/High
1033,75.0,75-84,Male,White,IL,0,0,0,1,1,0,0,0,0,0,0,7,7,10,0,1,Low,production,outcome_score_v1: score = total_visits + 3*inpatient_visits + drug_eras over 2009-2010; rank-based terciles (tie-safe) -> Low/Medium/High
1093,74.0,65-74,Male,White,AR,0,0,0,3,3,0,0,0,0,0,0,39,38,42,5,2,Medium,validation,outcome_score_v1: score = total_visits + 3*inpatient_visits + drug_eras over 2009-2010; rank-based terciles (tie-safe) -> Low/Medium/High
1153,73.0,65-74,Female,Others,MI,0,0,0,22,22,0,0,0,0,0,0,2,2,2,47,11,Low,train,outcome_score_v1: score = total_visits + 3*inpatient_visits + drug_eras over 2009-2010; rank-based terciles (tie-safe) -> Low/Medium/High
1213,83.0,75-84,Male,White,PA,0,0,1,36,33,1,1,1,1,1,1,56,54,61,73,29,High,train,outcome_score_v1: score = total_visits + 3*inpatient_visits + drug_eras over 2009-2010; rank-based terciles (tie-safe) -> Low/Medium/High
71,74.0,65-74,Male,White,TX,0,1,1,19,17,1,0,0,0,1,0,25,25,28,45,14,High,test,outcome_score_v1: score = total_visits + 3*inpatient_visits + drug_eras over 2009-2010; rank-based terciles (tie-safe) -> Low/Medium/High
131,71.0,65-74,Female,Black,TX,0,0,3,22,21,1,1,1,1,1,0,69,68,68,62,17,High,production,outcome_score_v1: score = total_visits + 3*inpatient_visits + drug_eras over 2009-2010; rank-based terciles (tie-safe) -> Low/Medium/High
191,69.0,65-74,Female,White,SD,0,0,0,0,0,0,0,0,0,0,0,0,0,0,0,0,Low,production,outcome_score_v1: score = total_visits + 3*inpatient_visits + drug_eras over 2009-2010; rank-based terciles (tie-safe) -> Low/Medium/High
251,64.0,<65,Male,Black,AL,0,0,4,14,12,1,0,1,0,0,0,1,1,1,35,18,Low,production,outcome_score_v1: score = total_visits + 3*inpatient_visits + drug_eras over 2009-2010; rank-based terciles (tie-safe) -> Low/Medium/High
311,65.0,65-74,Male,White,IL,0,0,1,35,34,1,1,1,1,0,1,3,3,4,56,22,Medium,test,outcome_score_v1: score = total_visits + 3*inpatient_visits + drug_eras over 2009-2010; rank-based terciles (tie-safe) -> Low/Medium/High
371,82.0,75-84,Female,White,NY,0,0,0,16,15,1,0,0,0,1,0,13,13,12,38,15,Medium,train,outcome_score_v1: score = total_visits + 3*inpatient_visits + drug_eras over 2009-2010; rank-based terciles (tie-safe) -> Low/Medium/High
431,76.0,75-84,Male,White,FL,0,0,0,34,32,1,1,1,1,1,1,0,0,0,77,16,Medium,test,outcome_score_v1: score = total_visits + 3*inpatient_visits + drug_eras over 2009-2010; rank-based terciles (tie-safe) -> Low/Medium/High
491,76.0,75-84,Male,White,TX,0,0,4,29,23,1,0,0,1,1,0,34,34,39,78,35,High,train,outcome_score_v1: score = total_visits + 3*inpatient_visits + drug_eras over 2009-2010; rank-based terciles (tie-safe) -> Low/Medium/High
551,25.0,<65,Male,Hispanic,CA,0,0,0,0,0,0,0,0,0,0,0,0,0,0,0,0,Low,production,outcome_score_v1: score = total_visits + 3*inpatient_visits + drug_eras over 2009-2010; rank-based terciles (tie-safe) -> Low/Medium/High
14,73.0,65-74,Female,White,VA,0,0,1,15,10,0,0,0,1,0,0,1,1,1,38,14,Low,train,outcome_score_v1: score = total_visits + 3*inpatient_visits + drug_eras over 2009-2010; rank-based terciles (tie-safe) -> Low/Medium/High
134,72.0,65-74,Male,White,IL,0,1,3,17,14,1,0,1,1,0,0,35,33,35,45,9,High,production,outcome_score_v1: score = total_visits + 3*inpatient_visits + drug_eras over 2009-2010; rank-based terciles (tie-safe) -> Low/Medium/High
194,82.0,75-84,Male,White,FL,0,0,9,62,46,1,1,1,1,1,1,75,74,72,140,51,High,production,outcome_score_v1: score = total_visits + 3*inpatient_visits + drug_eras over 2009-2010; rank-based terciles (tie-safe) -> Low/Medium/High
254,49.0,<65,Female,White,TX,0,3,6,43,25,1,1,1,1,1,1,29,28,29,119,48,High,test,outcome_score_v1: score = total_visits + 3*inpatient_visits + drug_eras over 2009-2010; rank-based terciles (tie-safe) -> Low/Medium/High
314,67.0,65-74,Male,White,RI,0,0,0,0,0,0,0,0,0,0,0,50,48,48,0,0,Medium,production,outcome_score_v1: score = total_visits + 3*inpatient_visits + drug_eras over 2009-2010; rank-based terciles (tie-safe) -> Low/Medium/High
434,83.0,75-84,Female,White,NC,0,0,0,12,10,1,0,0,0,0,0,1,1,1,24,8,Low,production,outcome_score_v1: score = total_visits + 3*inpatient_visits + drug_eras over 2009-2010; rank-based terciles (tie-safe) -> Low/Medium/High
494,82.0,75-84,Female,White,MO,0,0,0,14,11,1,0,0,0,0,0,0,0,0,28,13,Low,test,outcome_score_v1: score = total_visits + 3*inpatient_visits + drug_eras over 2009-2010; rank-based terciles (tie-safe) -> Low/Medium/High
614,82.0,75-84,Female,White,CA,0,0,0,0,0,0,0,0,0,0,0,56,55,55,0,0,High,production,outcome_score_v1: score = total_visits + 3*inpatient_visits + drug_eras over 2009-2010; rank-based terciles (tie-safe) -> Low/Medium/High
734,96.0,85+,Female,White,NJ,0,0,12,28,22,1,1,0,1,1,0,5,5,5,64,23,Medium,production,outcome_score_v1: score = total_visits + 3*inpatient_visits + drug_eras over 2009-2010; rank-based terciles (tie-safe) -> Low/Medium/High
794,75.0,75-84,Male,Black,IL,0,0,0,5,3,0,0,0,0,1,0,31,29,36,13,8,Medium,production,outcome_score_v1: score = total_visits + 3*inpatient_visits + drug_eras over 2009-2010; rank-based terciles (tie-safe) -> Low/Medium/High
854,65.0,65-74,Male,White,CA,0,0,5,18,13,1,0,1,0,0,0,15,15,20,46,17,Medium,production,outcome_score_v1: score = total_visits + 3*inpatient_visits + drug_eras over 2009-2010; rank-based terciles (tie-safe) -> Low/Medium/High
914,84.0,75-84,Female,White,FL,0,0,2,14,14,1,0,0,0,0,0,18,17,19,28,13,High,train,outcome_score_v1: score = total_visits + 3*inpatient_visits + drug_eras over 2009-2010; rank-based terciles (tie-safe) -> Low/Medium/High
974,85.0,85+,Male,White,RI,0,2,7,63,41,1,1,1,1,1,0,3,3,3,141,40,Medium,test,outcome_score_v1: score = total_visits + 3*inpatient_visits + drug_eras over 2009-2010; rank-based terciles (tie-safe) -> Low/Medium/High
1034,74.0,65-74,Female,Others,FL,0,0,0,0,0,0,0,0,0,0,0,0,0,0,0,0,Low,train,outcome_score_v1: score = total_visits + 3*inpatient_visits + drug_eras over 2009-2010; rank-based terciles (tie-safe) -> Low/Medium/High
1094,71.0,65-74,Male,Black,IL,0,0,2,5,5,0,0,1,0,0,0,0,0,0,6,6,Low,production,outcome_score_v1: score = total_visits + 3*inpatient_visits + drug_eras over 2009-2010; rank-based terciles (tie-safe) -> Low/Medium/High
1154,65.0,65-74,Male,White,NE,0,1,5,45,19,1,0,1,1,1,0,4,4,4,113,37,Medium,train,outcome_score_v1: score = total_visits + 3*inpatient_visits + drug_eras over 2009-2010; rank-based terciles (tie-safe) -> Low/Medium/High
10,66.0,65-74,Female,White,TX,0,0,1,1,1,0,0,0,0,0,0,16,16,17,0,2,Low,train,outcome_score_v1: score = total_visits + 3*inpatient_visits + drug_eras over 2009-2010; rank-based terciles (tie-safe) -> Low/Medium/High
70,83.0,75-84,Female,Hispanic,CA,0,0,0,1,1,0,0,1,0,0,0,17,17,16,4,1,Medium,production,outcome_score_v1: score = total_visits + 3*inpatient_visits + drug_eras over 2009-2010; rank-based terciles (tie-safe) -> Low/Medium/High
190,67.0,65-74,Female,White,MI,0,0,0,1,1,0,0,0,0,0,0,0,0,0,2,1,Low,test,outcome_score_v1: score = total_visits + 3*inpatient_visits + drug_eras over 2009-2010; rank-based terciles (tie-safe) -> Low/Medium/High
250,68.0,65-74,Female,White,VA,0,0,5,23,17,1,0,0,0,1,1,38,35,42,57,25,High,train,outcome_score_v1: score = total_visits + 3*inpatient_visits + drug_eras over 2009-2010; rank-based terciles (tie-safe) -> Low/Medium/High
310,84.0,75-84,Female,Others,CA,0,0,0,0,0,0,0,0,0,0,0,55,52,60,0,0,Medium,train,outcome_score_v1: score = total_visits + 3*inpatient_visits + drug_eras over 2009-2010; rank-based terciles (tie-safe) -> Low/Medium/High
430,65.0,65-74,Male,White,LA,0,0,0,0,0,0,0,0,0,0,0,0,0,0,0,0,Low,train,outcome_score_v1: score = total_visits + 3*inpatient_visits + drug_eras over 2009-2010; rank-based terciles (tie-safe) -> Low/Medium/High
490,88.0,85+,Female,White,WA,0,0,0,0,0,0,0,0,0,0,0,0,0,0,0,0,Low,production,outcome_score_v1: score = total_visits + 3*inpatient_visits + drug_eras over 2009-2010; rank-based terciles (tie-safe) -> Low/Medium/High
550,83.0,75-84,Female,White,CA,0,0,1,41,28,1,1,1,1,1,0,0,0,0,86,31,Medium,train,outcome_score_v1: score = total_visits + 3*inpatient_visits + drug_eras over 2009-2010; rank-based terciles (tie-safe) -> Low/Medium/High
610,67.0,65-74,Female,White,IN,0,0,12,38,27,1,1,0,1,1,1,23,22,23,79,33,High,production,outcome_score_v1: score = total_visits + 3*inpatient_visits + drug_eras over 2009-2010; rank-based terciles (tie-safe) -> Low/Medium/High
15,77.0,75-84,Female,Others,CA,0,0,0,26,26,0,0,0,0,0,1,71,67,75,61,21,High,test,outcome_score_v1: score = total_visits + 3*inpatient_visits + drug_eras over 2009-2010; rank-based terciles (tie-safe) -> Low/Medium/High
75,71.0,65-74,Female,White,OH,0,0,0,24,18,0,1,1,1,0,0,16,16,21,50,22,Medium,production,outcome_score_v1: score = total_visits + 3*inpatient_visits + drug_eras over 2009-2010; rank-based terciles (tie-safe) -> Low/Medium/High
135,80.0,75-84,Female,White,LA,0,0,10,47,41,1,1,0,1,1,1,37,37,37,96,47,High,production,outcome_score_v1: score = total_visits + 3*inpatient_visits + drug_eras over 2009-2010; rank-based terciles (tie-safe) -> Low/Medium/High
195,66.0,65-74,Male,White,VA,0,0,0,9,8,1,0,0,0,0,0,15,15,18,19,6,Low,train,outcome_score_v1: score = total_visits + 3*inpatient_visits + drug_eras over 2009-2010; rank-based terciles (tie-safe) -> Low/Medium/High
255,53.0,<65,Female,White,MO,0,0,0,0,0,0,0,0,0,0,0,50,48,45,0,0,High,train,outcome_score_v1: score = total_visits + 3*inpatient_visits + drug_eras over 2009-2010; rank-based terciles (tie-safe) -> Low/Medium/High
315,86.0,85+,Female,White,NC,0,0,2,21,20,0,0,1,0,1,0,1,1,1,37,20,Low,production,outcome_score_v1: score = total_visits + 3*inpatient_visits + drug_eras over 2009-2010; rank-based terciles (tie-safe) -> Low/Medium/High
375,86.0,85+,Male,White,MN,0,0,0,3,2,0,0,0,1,0,0,43,37,41,7,2,High,validation,outcome_score_v1: score = total_visits + 3*inpatient_visits + drug_eras over 2009-2010; rank-based terciles (tie-safe) -> Low/Medium/High
435,92.0,85+,Female,White,PA,0,0,8,20,14,1,0,1,1,0,0,20,18,26,38,12,Medium,production,outcome_score_v1: score = total_visits + 3*inpatient_visits + drug_eras over 2009-2010; rank-based terciles (tie-safe) -> Low/Medium/High
495,73.0,65-74,Female,White,IL,0,1,5,53,36,1,1,1,1,1,1,36,36,37,131,40,High,validation,outcome_score_v1: score = total_visits + 3*inpatient_visits + drug_eras over 2009-2010; rank-based terciles (tie-safe) -> Low/Medium/High
615,59.0,<65,Male,White,CA,0,0,1,16,14,0,0,0,0,1,0,23,23,29,33,15,Medium,train,outcome_score_v1: score = total_visits + 3*inpatient_visits + drug_eras over 2009-2010; rank-based terciles (tie-safe) -> Low/Medium/High
735,69.0,65-74,Male,White,IA,0,0,7,7,5,0,0,0,0,0,0,0,0,0,9,2,Low,train,outcome_score_v1: score = total_visits + 3*inpatient_visits + drug_eras over 2009-2010; rank-based terciles (tie-safe) -> Low/Medium/High
795,78.0,75-84,Female,White,WA,0,0,0,0,0,0,0,0,0,0,0,34,33,38,0,0,Low,production,outcome_score_v1: score = total_visits + 3*inpatient_visits + drug_eras over 2009-2010; rank-based terciles (tie-safe) -> Low/Medium/High
855,69.0,65-74,Male,White,UT,0,1,6,19,12,1,1,1,0,1,0,28,27,26,44,15,High,train,outcome_score_v1: score = total_visits + 3*inpatient_visits + drug_eras over 2009-2010; rank-based terciles (tie-safe) -> Low/Medium/High
915,67.0,65-74,Female,White,Missing,0,0,0,0,0,0,0,0,0,0,0,26,24,30,0,0,Low,train,outcome_score_v1: score = total_visits + 3*inpatient_visits + drug_eras over 2009-2010; rank-based terciles (tie-safe) -> Low/Medium/High
975,67.0,65-74,Female,White,OH,0,0,6,23,17,1,0,0,0,1,0,0,0,0,40,19,Low,train,outcome_score_v1: score = total_visits + 3*inpatient_visits + drug_eras over 2009-2010; rank-based terciles (tie-safe) -> Low/Medium/High
1035,55.0,<65,Male,Black,GA,0,1,3,11,9,0,0,1,1,0,1,18,18,23,32,7,Medium,validation,outcome_score_v1: score = total_visits + 3*inpatient_visits + drug_eras over 2009-2010; rank-based terciles (tie-safe) -> Low/Medium/High
1155,82.0,75-84,Female,Black,SC,0,0,0,0,0,0,0,0,0,0,0,0,0,0,0,0,Low,production,outcome_score_v1: score = total_visits + 3*inpatient_visits + drug_eras over 2009-2010; rank-based terciles (tie-safe) -> Low/Medium/High
1215,70.0,65-74,Male,Others,WA,0,0,0,0,0,0,0,0,0,0,0,0,0,0,0,0,Low,test,outcome_score_v1: score = total_visits + 3*inpatient_visits + drug_eras over 2009-2010; rank-based terciles (tie-safe) -> Low/Medium/High
1275,78.0,75-84,Male,White,NJ,0,0,5,23,21,1,0,1,1,1,1,43,39,43,43,19,High,production,outcome_score_v1: score = total_visits + 3*inpatient_visits + drug_eras over 2009-2010; rank-based terciles (tie-safe) -> Low/Medium/High
17,81.0,75-84,Male,White,ID,0,0,1,9,9,1,0,1,1,1,0,27,26,33,33,9,High,train,outcome_score_v1: score = total_visits + 3*inpatient_visits + drug_eras over 2009-2010; rank-based terciles (tie-safe) -> Low/Medium/High
197,77.0,75-84,Male,White,MS,0,0,7,68,49,1,1,1,1,1,1,45,42,48,149,51,High,train,outcome_score_v1: score = total_visits + 3*inpatient_visits + drug_eras over 2009-2010; rank-based terciles (tie-safe) -> Low/Medium/High
257,82.0,75-84,Male,White,FL,0,0,2,9,9,1,0,0,0,0,0,9,9,10,18,12,Medium,train,outcome_score_v1: score = total_visits + 3*inpatient_visits + drug_eras over 2009-2010; rank-based terciles (tie-safe) -> Low/Medium/High
317,68.0,65-74,Female,White,MI,0,0,7,27,26,0,0,0,0,1,0,1,1,1,53,18,Medium,train,outcome_score_v1: score = total_visits + 3*inpatient_visits + drug_eras over 2009-2010; rank-based terciles (tie-safe) -> Low/Medium/High
437,80.0,75-84,Male,White,IN,0,0,3,17,16,1,0,1,1,0,0,2,2,3,45,16,Medium,train,outcome_score_v1: score = total_visits + 3*inpatient_visits + drug_eras over 2009-2010; rank-based terciles (tie-safe) -> Low/Medium/High
497,67.0,65-74,Male,White,OH,0,0,0,0,0,0,0,0,0,0,0,6,6,6,0,0,Medium,train,outcome_score_v1: score = total_visits + 3*inpatient_visits + drug_eras over 2009-2010; rank-based terciles (tie-safe) -> Low/Medium/High
557,78.0,75-84,Female,Others,CA,0,0,2,22,20,1,0,0,1,0,0,62,60,65,44,26,High,production,outcome_score_v1: score = total_visits + 3*inpatient_visits + drug_eras over 2009-2010; rank-based terciles (tie-safe) -> Low/Medium/High
677,69.0,65-74,Male,White,AL,0,0,0,0,0,0,0,0,0,0,0,1,1,1,0,0,Low,train,outcome_score_v1: score = total_visits + 3*inpatient_visits + drug_eras over 2009-2010; rank-based terciles (tie-safe) -> Low/Medium/High
737,87.0,85+,Female,White,FL,0,0,5,24,23,1,0,1,1,0,0,39,35,41,44,18,High,validation,outcome_score_v1: score = total_visits + 3*inpatient_visits + drug_eras over 2009-2010; rank-based terciles (tie-safe) -> Low/Medium/High
797,34.0,<65,Female,White,OK,0,0,6,18,13,1,0,1,0,0,0,42,41,44,38,13,High,validation,outcome_score_v1: score = total_visits + 3*inpatient_visits + drug_eras over 2009-2010; rank-based terciles (tie-safe) -> Low/Medium/High
857,83.0,75-84,Female,White,MI,0,1,0,1,1,1,0,0,1,0,0,0,0,0,2,0,Low,validation,outcome_score_v1: score = total_visits + 3*inpatient_visits + drug_eras over 2009-2010; rank-based terciles (tie-safe) -> Low/Medium/High
917,61.0,<65,Male,White,NJ,0,0,1,1,1,0,0,1,0,0,0,3,3,3,9,3,Medium,train,outcome_score_v1: score = total_visits + 3*inpatient_visits + drug_eras over 2009-2010; rank-based terciles (tie-safe) -> Low/Medium/High
977,76.0,75-84,Female,Black,NY,0,0,0,0,0,0,0,0,0,0,0,2,2,2,0,0,Low,production,outcome_score_v1: score = total_visits + 3*inpatient_visits + drug_eras over 2009-2010; rank-based terciles (tie-safe) -> Low/Medium/High
1037,83.0,75-84,Female,Black,NY,0,0,0,0,0,0,0,0,0,0,0,3,3,3,0,0,Low,train,outcome_score_v1: score = total_visits + 3*inpatient_visits + drug_eras over 2009-2010; rank-based terciles (tie-safe) -> Low/Medium/High
1097,71.0,65-74,Female,White,VA,0,0,4,49,25,1,0,1,0,0,0,44,43,54,114,39,High,train,outcome_score_v1: score = total_visits + 3*inpatient_visits + drug_eras over 2009-2010; rank-based terciles (tie-safe) -> Low/Medium/High
1157,71.0,65-74,Male,White,LA,0,0,0,7,7,0,0,0,0,0,0,0,0,0,17,5,Low,production,outcome_score_v1: score = total_visits + 3*inpatient_visits + drug_eras over 2009-2010; rank-based terciles (tie-safe) -> Low/Medium/High
19,83.0,75-84,Female,White,NY,0,0,5,15,15,1,1,1,0,1,1,0,0,0,31,13,Low,validation,outcome_score_v1: score = total_visits + 3*inpatient_visits + drug_eras over 2009-2010; rank-based terciles (tie-safe) -> Low/Medium/High
79,72.0,65-74,Male,Others,MN,0,0,0,4,3,1,0,0,0,0,0,14,14,17,12,3,Medium,train,outcome_score_v1: score = total_visits + 3*inpatient_visits + drug_eras over 2009-2010; rank-based terciles (tie-safe) -> Low/Medium/High
139,40.0,<65,Male,Black,CA,0,0,0,16,16,1,0,1,0,0,0,15,15,14,35,12,Medium,production,outcome_score_v1: score = total_visits + 3*inpatient_visits + drug_eras over 2009-2010; rank-based terciles (tie-safe) -> Low/Medium/High
199,88.0,85+,Female,Black,TX,0,1,15,57,49,1,1,1,0,1,1,46,43,45,138,41,High,production,outcome_score_v1: score = total_visits + 3*inpatient_visits + drug_eras over 2009-2010; rank-based terciles (tie-safe) -> Low/Medium/High
319,45.0,<65,Female,White,VA,0,0,2,12,11,1,0,0,1,0,0,26,25,30,30,11,Medium,test,outcome_score_v1: score = total_visits + 3*inpatient_visits + drug_eras over 2009-2010; rank-based terciles (tie-safe) -> Low/Medium/High
379,69.0,65-74,Male,White,WV,0,0,12,27,19,1,1,1,0,0,0,50,50,59,63,32,High,train,outcome_score_v1: score = total_visits + 3*inpatient_visits + drug_eras over 2009-2010; rank-based terciles (tie-safe) -> Low/Medium/High
439,86.0,85+,Female,White,MI,0,0,0,27,21,1,1,1,1,0,0,34,33,34,56,18,High,train,outcome_score_v1: score = total_visits + 3*inpatient_visits + drug_eras over 2009-2010; rank-based terciles (tie-safe) -> Low/Medium/High
499,68.0,65-74,Female,White,FL,0,0,0,0,0,0,0,0,0,0,0,27,26,29,0,0,Low,train,outcome_score_v1: score = total_visits + 3*inpatient_visits + drug_eras over 2009-2010; rank-based terciles (tie-safe) -> Low/Medium/High
559,77.0,75-84,Male,White,UT,0,0,4,37,20,1,1,0,0,0,1,0,0,0,71,27,High,validation,outcome_score_v1: score = total_visits + 3*inpatient_visits + drug_eras over 2009-2010; rank-based terciles (tie-safe) -> Low/Medium/High
619,88.0,85+,Female,White,MA,0,0,0,0,0,0,0,0,0,0,0,10,10,15,0,0,Low,train,outcome_score_v1: score = total_visits + 3*inpatient_visits + drug_eras over 2009-2010; rank-based terciles (tie-safe) -> Low/Medium/High
679,68.0,65-74,Male,White,MA,0,0,0,0,0,0,0,0,0,0,0,3,3,3,0,0,Low,production,outcome_score_v1: score = total_visits + 3*inpatient_visits + drug_eras over 2009-2010; rank-based terciles (tie-safe) -> Low/Medium/High
739,82.0,75-84,Male,White,RI,0,0,9,38,29,1,0,0,0,1,1,9,9,9,77,40,Medium,production,outcome_score_v1: score = total_visits + 3*inpatient_visits + drug_eras over 2009-2010; rank-based terciles (tie-safe) -> Low/Medium/High
799,72.0,65-74,Male,White,CT,0,0,2,12,10,1,0,1,0,1,0,8,8,8,27,11,Medium,validation,outcome_score_v1: score = total_visits + 3*inpatient_visits + drug_eras over 2009-2010; rank-based terciles (tie-safe) -> Low/Medium/High
859,44.0,<65,Male,White,NY,0,0,0,0,0,0,0,0,0,0,0,18,17,22,0,0,Low,production,outcome_score_v1: score = total_visits + 3*inpatient_visits + drug_eras over 2009-2010; rank-based terciles (tie-safe) -> Low/Medium/High
76,95.0,85+,Female,White,OH,0,0,0,15,13,1,0,0,0,0,0,1,1,1,35,10,Low,production,outcome_score_v1: score = total_visits + 3*inpatient_visits + drug_eras over 2009-2010; rank-based terciles (tie-safe) -> Low/Medium/High
136,72.0,65-74,Male,White,CT,0,0,0,0,0,0,0,0,0,0,0,0,0,0,0,0,Low,train,outcome_score_v1: score = total_visits + 3*inpatient_visits + drug_eras over 2009-2010; rank-based terciles (tie-safe) -> Low/Medium/High
196,66.0,65-74,Male,White,CA,0,0,0,3,3,0,0,0,0,0,0,55,53,57,7,4,High,production,outcome_score_v1: score = total_visits + 3*inpatient_visits + drug_eras over 2009-2010; rank-based terciles (tie-safe) -> Low/Medium/High
256,34.0,<65,Male,Hispanic,TX,0,0,5,30,17,1,0,1,0,1,0,14,13,15,75,25,Medium,production,outcome_score_v1: score = total_visits + 3*inpatient_visits + drug_eras over 2009-2010; rank-based terciles (tie-safe) -> Low/Medium/High
316,67.0,65-74,Male,White,TX,0,0,0,0,0,0,0,0,0,0,0,23,23,24,0,0,Medium,production,outcome_score_v1: score = total_visits + 3*inpatient_visits + drug_eras over 2009-2010; rank-based terciles (tie-safe) -> Low/Medium/High
376,76.0,75-84,Male,White,FL,0,0,8,35,25,1,0,0,1,1,1,76,72,83,88,32,High,production,outcome_score_v1: score = total_visits + 3*inpatient_visits + drug_eras over 2009-2010; rank-based terciles (tie-safe) -> Low/Medium/High
436,66.0,65-74,Female,White,TX,0,0,6,32,25,0,0,1,1,1,1,25,25,27,67,27,High,test,outcome_score_v1: score = total_visits + 3*inpatient_visits + drug_eras over 2009-2010; rank-based terciles (tie-safe) -> Low/Medium/High
496,68.0,65-74,Female,White,MI,0,2,5,60,45,1,1,1,1,1,1,64,64,71,143,47,High,test,outcome_score_v1: score = total_visits + 3*inpatient_visits + drug_eras over 2009-2010; rank-based terciles (tie-safe) -> Low/Medium/High
556,93.0,85+,Female,Others,CA,0,0,5,21,19,1,0,1,0,1,0,58,56,63,49,23,High,test,outcome_score_v1: score = total_visits + 3*inpatient_visits + drug_eras over 2009-2010; rank-based terciles (tie-safe) -> Low/Medium/High
616,75.0,75-84,Female,White,CA,0,0,4,35,25,1,0,1,1,1,1,1,1,1,94,34,High,production,outcome_score_v1: score = total_visits + 3*inpatient_visits + drug_eras over 2009-2010; rank-based terciles (tie-safe) -> Low/Medium/High
676,69.0,65-74,Male,Black,OR,0,0,0,0,0,0,0,0,0,0,0,0,0,0,0,0,Low,train,outcome_score_v1: score = total_visits + 3*inpatient_visits + drug_eras over 2009-2010; rank-based terciles (tie-safe) -> Low/Medium/High
736,76.0,75-84,Female,White,WI,0,0,2,49,13,1,0,1,0,1,0,0,0,0,99,32,High,production,outcome_score_v1: score = total_visits + 3*inpatient_visits + drug_eras over 2009-2010; rank-based terciles (tie-safe) -> Low/Medium/High
796,66.0,65-74,Male,White,KS,0,0,5,30,21,1,0,0,1,1,0,1,1,1,75,22,Medium,validation,outcome_score_v1: score = total_visits + 3*inpatient_visits + drug_eras over 2009-2010; rank-based terciles (tie-safe) -> Low/Medium/High
856,81.0,75-84,Female,White,SC,0,0,0,6,5,1,0,0,0,0,0,49,47,54,14,7,Medium,production,outcome_score_v1: score = total_visits + 3*inpatient_visits + drug_eras over 2009-2010; rank-based terciles (tie-safe) -> Low/Medium/High
18,66.0,65-74,Male,Black,SC,0,0,0,0,0,0,0,0,0,0,0,54,53,54,0,0,Medium,validation,outcome_score_v1: score = total_visits + 3*inpatient_visits + drug_eras over 2009-2010; rank-based terciles (tie-safe) -> Low/Medium/High
138,74.0,65-74,Male,White,IN,0,0,11,18,9,1,1,1,0,0,1,1,1,1,30,12,Low,train,outcome_score_v1: score = total_visits + 3*inpatient_visits + drug_eras over 2009-2010; rank-based terciles (tie-safe) -> Low/Medium/High
198,78.0,75-84,Male,White,PA,0,0,0,10,7,1,1,0,0,1,0,3,3,3,27,8,Low,test,outcome_score_v1: score = total_visits + 3*inpatient_visits + drug_eras over 2009-2010; rank-based terciles (tie-safe) -> Low/Medium/High
258,46.0,<65,Female,White,CA,0,0,8,45,38,1,0,1,0,1,1,77,72,75,96,33,High,production,outcome_score_v1: score = total_visits + 3*inpatient_visits + drug_eras over 2009-2010; rank-based terciles (tie-safe) -> Low/Medium/High
318,74.0,65-74,Male,Others,CA,0,0,3,9,9,1,0,0,0,0,0,1,1,1,19,8,Low,train,outcome_score_v1: score = total_visits + 3*inpatient_visits + drug_eras over 2009-2010; rank-based terciles (tie-safe) -> Low/Medium/High
378,74.0,65-74,Male,White,MT,0,0,0,0,0,0,0,0,0,0,0,0,0,0,0,0,Low,production,outcome_score_v1: score = total_visits + 3*inpatient_visits + drug_eras over 2009-2010; rank-based terciles (tie-safe) -> Low/Medium/High
438,98.0,85+,Female,White,VA,0,0,2,17,15,0,0,0,0,1,1,2,2,2,47,20,Medium,production,outcome_score_v1: score = total_visits + 3*inpatient_visits + drug_eras over 2009-2010; rank-based terciles (tie-safe) -> Low/Medium/High
558,78.0,75-84,Female,White,CO,0,0,3,10,8,1,0,0,1,0,0,0,0,0,21,14,Low,validation,outcome_score_v1: score = total_visits + 3*inpatient_visits + drug_eras over 2009-2010; rank-based terciles (tie-safe) -> Low/Medium/High
618,74.0,65-74,Female,White,LA,0,0,0,8,7,0,0,0,0,1,0,1,1,1,17,8,Low,production,outcome_score_v1: score = total_visits + 3*inpatient_visits + drug_eras over 2009-2010; rank-based terciles (tie-safe) -> Low/Medium/High
678,68.0,65-74,Male,White,WV,0,0,2,5,5,1,0,0,0,0,0,0,0,0,6,4,Low,production,outcome_score_v1: score = total_visits + 3*inpatient_visits + drug_eras over 2009-2010; rank-based terciles (tie-safe) -> Low/Medium/High
738,82.0,75-84,Male,White,MN,0,0,0,28,17,1,0,0,0,1,1,86,79,87,59,20,High,production,outcome_score_v1: score = total_visits + 3*inpatient_visits + drug_eras over 2009-2010; rank-based terciles (tie-safe) -> Low/Medium/High
798,73.0,65-74,Female,White,TX,0,0,0,20,19,1,0,1,0,1,1,1,1,1,39,21,Low,train,outcome_score_v1: score = total_visits + 3*inpatient_visits + drug_eras over 2009-2010; rank-based terciles (tie-safe) -> Low/Medium/High
20,64.0,<65,Female,Black,FL,0,0,7,16,16,1,1,1,0,0,0,0,0,0,29,15,Low,production,outcome_score_v1: score = total_visits + 3*inpatient_visits + drug_eras over 2009-2010; rank-based terciles (tie-safe) -> Low/Medium/High
80,65.0,65-74,Male,White,CO,0,0,0,2,2,1,0,0,0,0,0,57,56,53,4,2,High,train,outcome_score_v1: score = total_visits + 3*inpatient_visits + drug_eras over 2009-2010; rank-based terciles (tie-safe) -> Low/Medium/High
140,71.0,65-74,Female,White,MA,0,0,2,18,17,1,0,0,1,1,1,23,22,23,53,15,High,production,outcome_score_v1: score = total_visits + 3*inpatient_visits + drug_eras over 2009-2010; rank-based terciles (tie-safe) -> Low/Medium/High
200,79.0,75-84,Female,White,TX,0,0,10,25,19,1,1,0,0,1,0,50,48,55,57,10,High,validation,outcome_score_v1: score = total_visits + 3*inpatient_visits + drug_eras over 2009-2010; rank-based terciles (tie-safe) -> Low/Medium/High
320,69.0,65-74,Female,White,TX,0,0,3,24,19,1,1,1,0,0,0,1,1,1,50,20,Low,train,outcome_score_v1: score = total_visits + 3*inpatient_visits + drug_eras over 2009-2010; rank-based terciles (tie-safe) -> Low/Medium/High
380,69.0,65-74,Male,White,NY,0,0,0,30,27,0,1,0,1,1,0,2,2,2,73,26,Low,test,outcome_score_v1: score = total_visits + 3*inpatient_visits + drug_eras over 2009-2010; rank-based terciles (tie-safe) -> Low/Medium/High
440,72.0,65-74,Male,Black,MD,0,0,0,12,11,1,0,0,0,0,1,19,19,19,24,7,Low,test,outcome_score_v1: score = total_visits + 3*inpatient_visits + drug_eras over 2009-2010; rank-based terciles (tie-safe) -> Low/Medium/High
560,73.0,65-74,Female,Others,NV,0,0,1,2,2,1,0,0,0,0,0,1,1,1,7,2,Low,validation,outcome_score_v1: score = total_visits + 3*inpatient_visits + drug_eras over 2009-2010; rank-based terciles (tie-safe) -> Low/Medium/High
620,74.0,65-74,Female,White,OH,0,0,2,17,15,0,0,1,0,1,1,0,0,0,32,12,Low,train,outcome_score_v1: score = total_visits + 3*inpatient_visits + drug_eras over 2009-2010; rank-based terciles (tie-safe) -> Low/Medium/High
680,73.0,65-74,Male,White,MO,0,0,0,5,5,1,0,1,0,0,1,0,0,0,19,4,Low,train,outcome_score_v1: score = total_visits + 3*inpatient_visits + drug_eras over 2009-2010; rank-based terciles (tie-safe) -> Low/Medium/High
740,81.0,75-84,Female,White,TN,0,0,0,0,0,0,0,0,0,0,0,20,20,21,0,0,Medium,train,outcome_score_v1: score = total_visits + 3*inpatient_visits + drug_eras over 2009-2010; rank-based terciles (tie-safe) -> Low/Medium/High
800,69.0,65-74,Male,Black,VA,0,1,1,38,23,1,0,0,0,1,0,28,27,33,84,29,High,train,outcome_score_v1: score = total_visits + 3*inpatient_visits + drug_eras over 2009-2010; rank-based terciles (tie-safe) -> Low/Medium/High
860,89.0,85+,Female,White,OR,0,0,0,6,6,0,0,0,0,0,0,16,15,17,11,4,Medium,train,outcome_score_v1: score = total_visits + 3*inpatient_visits + drug_eras over 2009-2010; rank-based terciles (tie-safe) -> Low/Medium/High
21,49.0,<65,Male,White,IL,0,0,0,0,0,0,0,0,0,0,0,0,0,0,0,0,Low,production,outcome_score_v1: score = total_visits + 3*inpatient_visits + drug_eras over 2009-2010; rank-based terciles (tie-safe) -> Low/Medium/High
81,74.0,65-74,Male,White,NC,0,2,8,44,34,1,1,1,1,1,0,38,38,41,115,44,High,train,outcome_score_v1: score = total_visits + 3*inpatient_visits + drug_eras over 2009-2010; rank-based terciles (tie-safe) -> Low/Medium/High
141,82.0,75-84,Female,White,MO,0,0,0,0,0,0,0,0,0,0,0,7,7,7,0,0,Low,test,outcome_score_v1: score = total_visits + 3*inpatient_visits + drug_eras over 2009-2010; rank-based terciles (tie-safe) -> Low/Medium/High
201,72.0,65-74,Female,White,CT,0,0,0,0,0,0,0,0,0,0,0,0,0,0,0,0,Low,train,outcome_score_v1: score = total_visits + 3*inpatient_visits + drug_eras over 2009-2010; rank-based terciles (tie-safe) -> Low/Medium/High
321,70.0,65-74,Male,White,KY,0,0,0,0,0,0,0,0,0,0,0,22,22,27,0,0,Medium,production,outcome_score_v1: score = total_visits + 3*inpatient_visits + drug_eras over 2009-2010; rank-based terciles (tie-safe) -> Low/Medium/High
381,46.0,<65,Male,White,AZ,0,0,0,8,6,0,0,0,0,0,0,25,25,27,17,7,Medium,test,outcome_score_v1: score = total_visits + 3*inpatient_visits + drug_eras over 2009-2010; rank-based terciles (tie-safe) -> Low/Medium/High
501,52.0,<65,Male,Black,PA,0,1,5,66,35,1,1,1,1,1,1,59,58,62,166,51,High,production,outcome_score_v1: score = total_visits + 3*inpatient_visits + drug_eras over 2009-2010; rank-based terciles (tie-safe) -> Low/Medium/High
561,65.0,65-74,Male,Black,PA,0,0,0,18,13,0,0,0,0,1,0,0,0,0,38,18,Low,validation,outcome_score_v1: score = total_visits + 3*inpatient_visits + drug_eras over 2009-2010; rank-based terciles (tie-safe) -> Low/Medium/High
621,95.0,85+,Male,White,IN,0,0,10,47,23,1,1,1,1,1,1,91,87,95,112,47,High,production,outcome_score_v1: score = total_visits + 3*inpatient_visits + drug_eras over 2009-2010; rank-based terciles (tie-safe) -> Low/Medium/High
681,57.0,<65,Male,White,VA,0,0,0,13,11,1,0,0,0,0,0,0,0,0,32,10,Low,test,outcome_score_v1: score = total_visits + 3*inpatient_visits + drug_eras over 2009-2010; rank-based terciles (tie-safe) -> Low/Medium/High
741,71.0,65-74,Female,White,MN,0,0,0,3,2,0,0,0,0,0,1,22,22,25,7,3,Low,train,outcome_score_v1: score = total_visits + 3*inpatient_visits + drug_eras over 2009-2010; rank-based terciles (tie-safe) -> Low/Medium/High
861,51.0,<65,Male,White,PA,0,0,3,21,20,1,1,1,0,1,0,1,1,1,42,16,Medium,production,outcome_score_v1: score = total_visits + 3*inpatient_visits + drug_eras over 2009-2010; rank-based terciles (tie-safe) -> Low/Medium/High
23,96.0,85+,Female,White,TX,0,0,0,0,0,0,0,0,0,0,0,24,24,28,0,0,Medium,test,outcome_score_v1: score = total_visits + 3*inpatient_visits + drug_eras over 2009-2010; rank-based terciles (tie-safe) -> Low/Medium/High
83,79.0,75-84,Male,White,MS,0,1,6,61,29,1,1,1,1,1,1,48,48,53,129,43,High,train,outcome_score_v1: score = total_visits + 3*inpatient_visits + drug_eras over 2009-2010; rank-based terciles (tie-safe) -> Low/Medium/High
143,84.0,75-84,Male,White,IN,0,0,1,17,12,1,0,0,0,0,1,2,2,2,44,13,Medium,test,outcome_score_v1: score = total_visits + 3*inpatient_visits + drug_eras over 2009-2010; rank-based terciles (tie-safe) -> Low/Medium/High
203,69.0,65-74,Male,Others,NV,0,0,3,16,9,0,0,0,1,0,0,14,13,15,25,16,Medium,train,outcome_score_v1: score = total_visits + 3*inpatient_visits + drug_eras over 2009-2010; rank-based terciles (tie-safe) -> Low/Medium/High
383,79.0,75-84,Female,White,FL,0,0,0,1,1,0,0,0,0,0,0,26,26,30,3,2,Medium,train,outcome_score_v1: score = total_visits + 3*inpatient_visits + drug_eras over 2009-2010; rank-based terciles (tie-safe) -> Low/Medium/High
683,79.0,75-84,Female,White,VA,0,0,4,17,11,1,0,1,0,1,0,3,3,3,37,11,Low,production,outcome_score_v1: score = total_visits + 3*inpatient_visits + drug_eras over 2009-2010; rank-based terciles (tie-safe) -> Low/Medium/High
743,65.0,65-74,Female,White,FL,0,0,0,29,21,1,1,0,0,1,0,1,1,1,60,19,Medium,test,outcome_score_v1: score = total_visits + 3*inpatient_visits + drug_eras over 2009-2010; rank-based terciles (tie-safe) -> Low/Medium/High
803,71.0,65-74,Male,Black,NY,0,0,0,0,0,0,0,0,0,0,0,15,15,16,0,0,Low,train,outcome_score_v1: score = total_visits + 3*inpatient_visits + drug_eras over 2009-2010; rank-based terciles (tie-safe) -> Low/Medium/High
863,59.0,<65,Male,White,CA,0,0,6,21,15,1,0,1,0,1,0,3,3,3,38,20,Medium,production,outcome_score_v1: score = total_visits + 3*inpatient_visits + drug_eras over 2009-2010; rank-based terciles (tie-safe) -> Low/Medium/High
24,69.0,65-74,Male,White,HI,0,0,0,0,0,0,0,0,0,0,0,0,0,0,0,0,Low,train,outcome_score_v1: score = total_visits + 3*inpatient_visits + drug_eras over 2009-2010; rank-based terciles (tie-safe) -> Low/Medium/High
84,97.0,85+,Female,White,FL,0,0,0,14,13,0,0,0,0,1,0,20,20,25,26,12,Medium,production,outcome_score_v1: score = total_visits + 3*inpatient_visits + drug_eras over 2009-2010; rank-based terciles (tie-safe) -> Low/Medium/High
144,77.0,75-84,Female,White,TX,0,0,6,63,36,1,1,1,0,1,1,65,62,65,142,35,High,validation,outcome_score_v1: score = total_visits + 3*inpatient_visits + drug_eras over 2009-2010; rank-based terciles (tie-safe) -> Low/Medium/High
204,75.0,75-84,Female,White,MN,0,0,0,0,0,0,0,0,0,0,0,0,0,0,0,0,Low,production,outcome_score_v1: score = total_visits + 3*inpatient_visits + drug_eras over 2009-2010; rank-based terciles (tie-safe) -> Low/Medium/High
264,82.0,75-84,Male,White,RI,0,0,0,6,5,0,0,0,0,0,0,0,0,0,13,5,Low,validation,outcome_score_v1: score = total_visits + 3*inpatient_visits + drug_eras over 2009-2010; rank-based terciles (tie-safe) -> Low/Medium/High
324,81.0,75-84,Male,White,MI,0,0,6,21,16,0,0,0,1,1,0,20,19,21,45,24,High,validation,outcome_score_v1: score = total_visits + 3*inpatient_visits + drug_eras over 2009-2010; rank-based terciles (tie-safe) -> Low/Medium/High
384,87.0,85+,Male,White,MN,0,0,0,12,7,0,1,0,0,0,0,1,1,1,31,10,Low,test,outcome_score_v1: score = total_visits + 3*inpatient_visits + drug_eras over 2009-2010; rank-based terciles (tie-safe) -> Low/Medium/High
444,73.0,65-74,Female,Black,GA,0,0,0,0,0,0,0,0,0,0,0,21,20,23,0,0,Medium,validation,outcome_score_v1: score = total_visits + 3*inpatient_visits + drug_eras over 2009-2010; rank-based terciles (tie-safe) -> Low/Medium/High
624,69.0,65-74,Male,White,WI,0,0,1,13,11,0,0,1,0,1,0,3,3,3,30,9,Low,validation,outcome_score_v1: score = total_visits + 3*inpatient_visits + drug_eras over 2009-2010; rank-based terciles (tie-safe) -> Low/Medium/High
684,86.0,85+,Female,White,TN,0,0,3,11,8,0,0,1,0,0,1,0,0,0,21,7,Low,train,outcome_score_v1: score = total_visits + 3*inpatient_visits + drug_eras over 2009-2010; rank-based terciles (tie-safe) -> Low/Medium/High
804,90.0,85+,Female,White,WI,0,0,0,9,6,1,1,1,0,1,0,9,9,9,32,11,Low,production,outcome_score_v1: score = total_visits + 3*inpatient_visits + drug_eras over 2009-2010; rank-based terciles (tie-safe) -> Low/Medium/High
864,55.0,<65,Female,Black,CA,0,0,0,13,12,1,0,0,0,1,0,88,82,89,32,14,High,train,outcome_score_v1: score = total_visits + 3*inpatient_visits + drug_eras over 2009-2010; rank-based terciles (tie-safe) -> Low/Medium/High
924,62.0,<65,Female,White,SD,0,3,6,62,19,1,1,1,1,1,1,62,58,63,150,50,High,train,outcome_score_v1: score = total_visits + 3*inpatient_visits + drug_eras over 2009-2010; rank-based terciles (tie-safe) -> Low/Medium/High
984,67.0,65-74,Male,White,RI,0,0,0,0,0,0,0,0,0,0,0,0,0,0,0,0,Low,train,outcome_score_v1: score = total_visits + 3*inpatient_visits + drug_eras over 2009-2010; rank-based terciles (tie-safe) -> Low/Medium/High
1044,78.0,75-84,Female,White,NM,0,0,0,0,0,0,0,0,0,0,0,17,17,17,0,0,Low,train,outcome_score_v1: score = total_visits + 3*inpatient_visits + drug_eras over 2009-2010; rank-based terciles (tie-safe) -> Low/Medium/High
1104,70.0,65-74,Male,White,NY,0,0,2,10,9,1,0,0,0,0,0,0,0,0,13,5,Medium,validation,outcome_score_v1: score = total_visits + 3*inpatient_visits + drug_eras over 2009-2010; rank-based terciles (tie-safe) -> Low/Medium/High
1164,68.0,65-74,Male,White,TN,0,0,0,13,9,1,0,1,0,1,0,33,32,35,30,7,Medium,train,outcome_score_v1: score = total_visits + 3*inpatient_visits + drug_eras over 2009-2010; rank-based terciles (tie-safe) -> Low/Medium/High
1224,66.0,65-74,Male,White,IN,0,0,5,25,22,1,0,0,1,1,0,0,0,0,53,16,Medium,production,outcome_score_v1: score = total_visits + 3*inpatient_visits + drug_eras over 2009-2010; rank-based terciles (tie-safe) -> Low/Medium/High
22,56.0,<65,Male,Black,NY,0,0,8,41,34,1,1,1,1,1,1,98,94,95,91,38,High,production,outcome_score_v1: score = total_visits + 3*inpatient_visits + drug_eras over 2009-2010; rank-based terciles (tie-safe) -> Low/Medium/High
82,87.0,85+,Female,White,IN,0,2,0,60,26,1,1,1,1,1,1,5,5,5,139,31,Low,production,outcome_score_v1: score = total_visits + 3*inpatient_visits + drug_eras over 2009-2010; rank-based terciles (tie-safe) -> Low/Medium/High
142,79.0,75-84,Male,Black,MD,0,0,0,0,0,0,0,0,0,0,0,8,7,8,0,0,Low,production,outcome_score_v1: score = total_visits + 3*inpatient_visits + drug_eras over 2009-2010; rank-based terciles (tie-safe) -> Low/Medium/High
202,68.0,65-74,Male,Others,OR,0,1,3,35,28,1,1,0,0,1,0,2,1,1,65,20,Medium,test,outcome_score_v1: score = total_visits + 3*inpatient_visits + drug_eras over 2009-2010; rank-based terciles (tie-safe) -> Low/Medium/High
262,58.0,<65,Male,White,CA,0,0,0,10,9,1,1,0,1,0,0,28,28,34,26,10,High,test,outcome_score_v1: score = total_visits + 3*inpatient_visits + drug_eras over 2009-2010; rank-based terciles (tie-safe) -> Low/Medium/High
322,63.0,<65,Female,White,IL,0,0,1,1,1,1,0,0,0,0,0,15,15,18,5,0,Low,production,outcome_score_v1: score = total_visits + 3*inpatient_visits + drug_eras over 2009-2010; rank-based terciles (tie-safe) -> Low/Medium/High
382,90.0,85+,Female,White,TX,0,1,2,17,17,1,1,1,0,0,1,0,0,0,51,14,Low,train,outcome_score_v1: score = total_visits + 3*inpatient_visits + drug_eras over 2009-2010; rank-based terciles (tie-safe) -> Low/Medium/High
442,88.0,85+,Male,Black,NY,0,0,5,30,25,1,0,0,0,1,0,5,5,5,62,22,Medium,production,outcome_score_v1: score = total_visits + 3*inpatient_visits + drug_eras over 2009-2010; rank-based terciles (tie-safe) -> Low/Medium/High
502,84.0,75-84,Female,White,CA,0,0,0,0,0,0,0,0,0,0,0,8,8,8,0,0,Low,train,outcome_score_v1: score = total_visits + 3*inpatient_visits + drug_eras over 2009-2010; rank-based terciles (tie-safe) -> Low/Medium/High
562,79.0,75-84,Female,White,IL,0,3,1,53,36,1,1,1,1,1,1,26,26,28,127,43,High,production,outcome_score_v1: score = total_visits + 3*inpatient_visits + drug_eras over 2009-2010; rank-based terciles (tie-safe) -> Low/Medium/High
622,81.0,75-84,Female,White,CA,0,0,0,22,20,1,0,0,0,1,1,0,0,0,51,23,Low,production,outcome_score_v1: score = total_visits + 3*inpatient_visits + drug_eras over 2009-2010; rank-based terciles (tie-safe) -> Low/Medium/High
682,81.0,75-84,Male,Black,NY,0,0,0,3,3,0,0,0,0,0,0,0,0,0,7,2,Low,train,outcome_score_v1: score = total_visits + 3*inpatient_visits + drug_eras over 2009-2010; rank-based terciles (tie-safe) -> Low/Medium/High
742,79.0,75-84,Male,White,PA,0,0,0,0,0,0,0,0,0,0,0,43,41,44,0,0,Medium,test,outcome_score_v1: score = total_visits + 3*inpatient_visits + drug_eras over 2009-2010; rank-based terciles (tie-safe) -> Low/Medium/High
802,67.0,65-74,Male,Black,FL,0,0,0,8,8,0,0,0,0,0,0,18,18,19,22,4,High,production,outcome_score_v1: score = total_visits + 3*inpatient_visits + drug_eras over 2009-2010; rank-based terciles (tie-safe) -> Low/Medium/High
922,59.0,<65,Female,White,KY,0,0,0,8,6,1,0,0,0,0,0,13,12,15,22,12,Medium,train,outcome_score_v1: score = total_visits + 3*inpatient_visits + drug_eras over 2009-2010; rank-based terciles (tie-safe) -> Low/Medium/High
982,72.0,65-74,Male,White,IL,0,1,12,29,16,0,1,1,1,1,1,35,34,32,60,29,High,production,outcome_score_v1: score = total_visits + 3*inpatient_visits + drug_eras over 2009-2010; rank-based terciles (tie-safe) -> Low/Medium/High
1042,77.0,75-84,Female,White,MN,0,0,1,5,3,0,0,0,0,0,0,7,7,8,17,11,Medium,production,outcome_score_v1: score = total_visits + 3*inpatient_visits + drug_eras over 2009-2010; rank-based terciles (tie-safe) -> Low/Medium/High
25,70.0,65-74,Female,White,RI,0,0,3,38,29,1,0,0,1,1,1,3,3,3,89,38,Medium,production,outcome_score_v1: score = total_visits + 3*inpatient_visits + drug_eras over 2009-2010; rank-based terciles (tie-safe) -> Low/Medium/High
85,83.0,75-84,Male,White,NH,0,1,1,22,18,1,1,1,0,1,0,29,29,31,54,17,Medium,train,outcome_score_v1: score = total_visits + 3*inpatient_visits + drug_eras over 2009-2010; rank-based terciles (tie-safe) -> Low/Medium/High
145,36.0,<65,Male,White,VA,0,0,0,3,3,0,0,0,0,0,1,58,57,69,5,6,High,test,outcome_score_v1: score = total_visits + 3*inpatient_visits + drug_eras over 2009-2010; rank-based terciles (tie-safe) -> Low/Medium/High
205,86.0,85+,Female,White,TX,0,0,1,4,4,1,0,0,0,0,1,57,54,57,11,3,Medium,validation,outcome_score_v1: score = total_visits + 3*inpatient_visits + drug_eras over 2009-2010; rank-based terciles (tie-safe) -> Low/Medium/High
265,69.0,65-74,Male,White,NJ,0,0,0,0,0,0,0,0,0,0,0,0,0,0,0,0,Low,production,outcome_score_v1: score = total_visits + 3*inpatient_visits + drug_eras over 2009-2010; rank-based terciles (tie-safe) -> Low/Medium/High
325,75.0,75-84,Female,White,MN,0,0,0,0,0,0,0,0,0,0,0,0,0,0,0,0,Low,test,outcome_score_v1: score = total_visits + 3*inpatient_visits + drug_eras over 2009-2010; rank-based terciles (tie-safe) -> Low/Medium/High
445,95.0,85+,Female,White,OH,0,2,5,37,27,1,0,1,0,1,1,109,103,110,93,30,High,production,outcome_score_v1: score = total_visits + 3*inpatient_visits + drug_eras over 2009-2010; rank-based terciles (tie-safe) -> Low/Medium/High
505,66.0,65-74,Female,White,MO,0,0,0,22,13,1,1,1,0,0,0,31,30,34,47,20,High,production,outcome_score_v1: score = total_visits + 3*inpatient_visits + drug_eras over 2009-2010; rank-based terciles (tie-safe) -> Low/Medium/High
565,67.0,65-74,Male,White,CA,0,0,1,5,4,1,0,0,1,0,0,0,0,0,12,3,Low,validation,outcome_score_v1: score = total_visits + 3*inpatient_visits + drug_eras over 2009-2010; rank-based terciles (tie-safe) -> Low/Medium/High
625,71.0,65-74,Male,White,WY,0,0,0,11,10,0,0,0,0,1,0,0,0,0,27,8,Low,validation,outcome_score_v1: score = total_visits + 3*inpatient_visits + drug_eras over 2009-2010; rank-based terciles (tie-safe) -> Low/Medium/High
685,67.0,65-74,Female,White,NM,0,0,0,0,0,0,0,0,0,0,0,0,0,0,0,0,Low,train,outcome_score_v1: score = total_visits + 3*inpatient_visits + drug_eras over 2009-2010; rank-based terciles (tie-safe) -> Low/Medium/High
745,84.0,75-84,Male,White,NY,0,0,3,31,24,1,0,1,0,0,0,2,2,2,68,26,Medium,production,outcome_score_v1: score = total_visits + 3*inpatient_visits + drug_eras over 2009-2010; rank-based terciles (tie-safe) -> Low/Medium/High
805,68.0,65-74,Male,White,IL,0,0,1,17,15,1,0,1,1,0,1,28,27,31,46,20,Medium,train,outcome_score_v1: score = total_visits + 3*inpatient_visits + drug_eras over 2009-2010; rank-based terciles (tie-safe) -> Low/Medium/High
865,87.0,85+,Female,Black,FL,0,0,6,23,23,0,0,1,0,0,0,33,32,33,45,18,High,production,outcome_score_v1: score = total_visits + 3*inpatient_visits + drug_eras over 2009-2010; rank-based terciles (tie-safe) -> Low/Medium/High
26,69.0,65-74,Female,White,ME,0,0,0,1,1,0,0,0,0,0,0,27,27,29,0,1,Low,train,outcome_score_v1: score = total_visits + 3*inpatient_visits + drug_eras over 2009-2010; rank-based terciles (tie-safe) -> Low/Medium/High
86,77.0,75-84,Female,White,UT,0,0,0,0,0,0,0,0,0,0,0,50,49,54,0,0,Medium,production,outcome_score_v1: score = total_visits + 3*inpatient_visits + drug_eras over 2009-2010; rank-based terciles (tie-safe) -> Low/Medium/High
146,74.0,65-74,Female,White,MI,0,0,1,2,2,0,0,0,0,1,0,0,0,0,7,2,Low,production,outcome_score_v1: score = total_visits + 3*inpatient_visits + drug_eras over 2009-2010; rank-based terciles (tie-safe) -> Low/Medium/High
206,75.0,75-84,Male,White,CA,0,0,1,9,8,0,0,0,0,1,0,25,24,26,26,8,Medium,production,outcome_score_v1: score = total_visits + 3*inpatient_visits + drug_eras over 2009-2010; rank-based terciles (tie-safe) -> Low/Medium/High
266,88.0,85+,Male,White,TN,0,0,6,52,38,1,0,1,1,1,1,27,27,33,115,40,High,production,outcome_score_v1: score = total_visits + 3*inpatient_visits + drug_eras over 2009-2010; rank-based terciles (tie-safe) -> Low/Medium/High
326,45.0,<65,Male,White,SD,0,0,6,25,15,1,0,0,0,1,0,2,2,2,50,21,Medium,production,outcome_score_v1: score = total_visits + 3*inpatient_visits + drug_eras over 2009-2010; rank-based terciles (tie-safe) -> Low/Medium/High
386,74.0,65-74,Male,Others,AZ,0,0,0,0,0,0,0,0,0,0,0,0,0,0,0,0,Low,production,outcome_score_v1: score = total_visits + 3*inpatient_visits + drug_eras over 2009-2010; rank-based terciles (tie-safe) -> Low/Medium/High
446,61.0,<65,Female,White,PA,0,0,7,11,8,1,0,0,0,0,0,42,41,44,20,16,High,train,outcome_score_v1: score = total_visits + 3*inpatient_visits + drug_eras over 2009-2010; rank-based terciles (tie-safe) -> Low/Medium/High
506,75.0,75-84,Male,White,FL,0,0,1,33,27,0,1,0,0,1,0,0,0,0,71,30,Low,validation,outcome_score_v1: score = total_visits + 3*inpatient_visits + drug_eras over 2009-2010; rank-based terciles (tie-safe) -> Low/Medium/High
566,78.0,75-84,Female,White,TX,0,0,11,99,67,1,1,1,1,1,1,71,56,72,175,48,High,validation,outcome_score_v1: score = total_visits + 3*inpatient_visits + drug_eras over 2009-2010; rank-based terciles (tie-safe) -> Low/Medium/High
28,67.0,65-74,Male,White,OH,0,0,7,75,50,1,1,1,0,1,1,7,7,7,137,48,High,train,outcome_score_v1: score = total_visits + 3*inpatient_visits + drug_eras over 2009-2010; rank-based terciles (tie-safe) -> Low/Medium/High
88,84.0,75-84,Male,White,FL,0,1,11,62,44,1,1,1,1,1,1,1,1,1,138,40,High,validation,outcome_score_v1: score = total_visits + 3*inpatient_visits + drug_eras over 2009-2010; rank-based terciles (tie-safe) -> Low/Medium/High
148,41.0,<65,Male,White,FL,0,2,21,76,57,1,0,1,1,1,1,29,14,23,148,44,High,production,outcome_score_v1: score = total_visits + 3*inpatient_visits + drug_eras over 2009-2010; rank-based terciles (tie-safe) -> Low/Medium/High
208,40.0,<65,Male,Black,OH,0,3,8,75,51,1,1,1,0,1,1,48,46,44,166,55,High,production,outcome_score_v1: score = total_visits + 3*inpatient_visits + drug_eras over 2009-2010; rank-based terciles (tie-safe) -> Low/Medium/High
268,73.0,65-74,Male,White,CO,0,2,4,40,28,0,1,1,0,1,1,78,74,80,104,34,High,train,outcome_score_v1: score = total_visits + 3*inpatient_visits + drug_eras over 2009-2010; rank-based terciles (tie-safe) -> Low/Medium/High
328,75.0,75-84,Female,White,NY,0,0,5,20,18,1,0,1,0,0,1,49,48,51,44,19,High,test,outcome_score_v1: score = total_visits + 3*inpatient_visits + drug_eras over 2009-2010; rank-based terciles (tie-safe) -> Low/Medium/High
388,66.0,65-74,Male,White,TX,0,0,1,7,7,0,0,0,1,1,0,1,1,1,13,9,Medium,production,outcome_score_v1: score = total_visits + 3*inpatient_visits + drug_eras over 2009-2010; rank-based terciles (tie-safe) -> Low/Medium/High
508,68.0,65-74,Male,White,OH,0,0,0,20,14,1,1,0,0,0,1,3,3,3,38,13,Medium,production,outcome_score_v1: score = total_visits + 3*inpatient_visits + drug_eras over 2009-2010; rank-based terciles (tie-safe) -> Low/Medium/High
568,73.0,65-74,Male,White,AR,0,0,0,0,0,0,0,0,0,0,0,0,0,0,0,0,Low,test,outcome_score_v1: score = total_visits + 3*inpatient_visits + drug_eras over 2009-2010; rank-based terciles (tie-safe) -> Low/Medium/High
688,77.0,75-84,Male,Hispanic,FL,0,0,1,14,14,1,0,0,0,0,0,15,15,16,31,15,High,production,outcome_score_v1: score = total_visits + 3*inpatient_visits + drug_eras over 2009-2010; rank-based terciles (tie-safe) -> Low/Medium/High
748,83.0,75-84,Female,White,OH,0,0,1,3,3,1,0,0,0,0,0,20,20,22,9,5,Medium,production,outcome_score_v1: score = total_visits + 3*inpatient_visits + drug_eras over 2009-2010; rank-based terciles (tie-safe) -> Low/Medium/High
29,57.0,<65,Female,White,FL,0,1,10,30,27,1,1,1,1,1,0,43,42,43,66,20,High,production,outcome_score_v1: score = total_visits + 3*inpatient_visits + drug_eras over 2009-2010; rank-based terciles (tie-safe) -> Low/Medium/High
89,84.0,75-84,Female,White,RI,0,0,5,24,15,0,0,0,0,1,0,5,5,5,52,30,Low,production,outcome_score_v1: score = total_visits + 3*inpatient_visits + drug_eras over 2009-2010; rank-based terciles (tie-safe) -> Low/Medium/High
149,81.0,75-84,Female,White,FL,0,0,3,13,12,1,0,0,1,1,0,0,0,0,24,17,Low,production,outcome_score_v1: score = total_visits + 3*inpatient_visits + drug_eras over 2009-2010; rank-based terciles (tie-safe) -> Low/Medium/High
209,72.0,65-74,Male,White,OK,0,0,0,36,30,0,1,1,0,1,0,2,2,2,84,19,Medium,train,outcome_score_v1: score = total_visits + 3*inpatient_visits + drug_eras over 2009-2010; rank-based terciles (tie-safe) -> Low/Medium/High
329,66.0,65-74,Male,White,TX,0,0,4,24,18,1,0,0,1,0,0,1,1,1,55,18,Low,train,outcome_score_v1: score = total_visits + 3*inpatient_visits + drug_eras over 2009-2010; rank-based terciles (tie-safe) -> Low/Medium/High
449,77.0,75-84,Female,Black,AL,0,0,1,12,9,0,0,0,0,0,0,1,1,1,24,12,Medium,validation,outcome_score_v1: score = total_visits + 3*inpatient_visits + drug_eras over 2009-2010; rank-based terciles (tie-safe) -> Low/Medium/High
509,82.0,75-84,Male,White,NY,0,0,2,11,10,1,0,0,0,1,1,1,1,1,36,11,Medium,train,outcome_score_v1: score = total_visits + 3*inpatient_visits + drug_eras over 2009-2010; rank-based terciles (tie-safe) -> Low/Medium/High
569,84.0,75-84,Female,White,ID,0,1,12,69,46,1,1,1,0,1,1,39,38,42,128,55,High,production,outcome_score_v1: score = total_visits + 3*inpatient_visits + drug_eras over 2009-2010; rank-based terciles (tie-safe) -> Low/Medium/High
629,94.0,85+,Female,White,IN,0,0,5,22,14,1,0,1,0,0,0,63,62,63,46,24,High,train,outcome_score_v1: score = total_visits + 3*inpatient_visits + drug_eras over 2009-2010; rank-based terciles (tie-safe) -> Low/Medium/High
689,92.0,85+,Female,White,WA,0,0,11,21,12,1,0,1,0,1,0,49,49,50,33,21,High,train,outcome_score_v1: score = total_visits + 3*inpatient_visits + drug_eras over 2009-2010; rank-based terciles (tie-safe) -> Low/Medium/High
749,71.0,65-74,Female,White,AL,0,0,8,13,12,1,1,0,1,0,0,52,50,53,30,12,High,production,outcome_score_v1: score = total_visits + 3*inpatient_visits + drug_eras over 2009-2010; rank-based terciles (tie-safe) -> Low/Medium/High
809,76.0,75-84,Male,White,NC,0,3,1,34,20,1,0,1,1,1,1,39,38,41,81,29,High,production,outcome_score_v1: score = total_visits + 3*inpatient_visits + drug_eras over 2009-2010; rank-based terciles (tie-safe) -> Low/Medium/High
869,71.0,65-74,Female,White,WI,0,0,0,0,0,0,0,0,0,0,0,0,0,0,0,0,Low,production,outcome_score_v1: score = total_visits + 3*inpatient_visits + drug_eras over 2009-2010; rank-based terciles (tie-safe) -> Low/Medium/High
929,86.0,85+,Female,White,IA,0,0,2,20,10,1,0,0,0,1,0,0,0,0,35,20,Medium,production,outcome_score_v1: score = total_visits + 3*inpatient_visits + drug_eras over 2009-2010; rank-based terciles (tie-safe) -> Low/Medium/High
27,74.0,65-74,Male,White,FL,0,0,5,35,29,0,0,0,0,1,1,3,3,3,87,37,Medium,production,outcome_score_v1: score = total_visits + 3*inpatient_visits + drug_eras over 2009-2010; rank-based terciles (tie-safe) -> Low/Medium/High
87,97.0,85+,Female,White,AR,0,0,2,40,26,1,0,1,0,1,0,41,40,44,98,45,High,train,outcome_score_v1: score = total_visits + 3*inpatient_visits + drug_eras over 2009-2010; rank-based terciles (tie-safe) -> Low/Medium/High
147,68.0,65-74,Female,Black,MS,0,1,8,27,12,1,1,1,1,1,1,17,17,20,61,21,Medium,train,outcome_score_v1: score = total_visits + 3*inpatient_visits + drug_eras over 2009-2010; rank-based terciles (tie-safe) -> Low/Medium/High
207,65.0,65-74,Male,White,FL,0,4,4,60,49,1,1,1,1,1,1,1,1,1,145,37,High,production,outcome_score_v1: score = total_visits + 3*inpatient_visits + drug_eras over 2009-2010; rank-based terciles (tie-safe) -> Low/Medium/High
327,45.0,<65,Female,Black,MI,0,1,0,23,18,1,1,0,1,1,1,4,4,4,48,18,Medium,validation,outcome_score_v1: score = total_visits + 3*inpatient_visits + drug_eras over 2009-2010; rank-based terciles (tie-safe) -> Low/Medium/High
387,73.0,65-74,Male,White,IA,0,3,1,49,35,1,1,1,1,1,1,32,30,32,140,42,High,train,outcome_score_v1: score = total_visits + 3*inpatient_visits + drug_eras over 2009-2010; rank-based terciles (tie-safe) -> Low/Medium/High
447,75.0,75-84,Male,Others,CA,0,0,0,5,5,0,0,1,1,0,0,17,17,20,9,5,Low,test,outcome_score_v1: score = total_visits + 3*inpatient_visits + drug_eras over 2009-2010; rank-based terciles (tie-safe) -> Low/Medium/High
507,85.0,85+,Male,White,FL,0,0,4,26,26,0,0,1,0,1,1,3,3,3,60,31,Medium,train,outcome_score_v1: score = total_visits + 3*inpatient_visits + drug_eras over 2009-2010; rank-based terciles (tie-safe) -> Low/Medium/High
567,75.0,75-84,Male,Others,CA,0,0,3,32,32,1,0,1,0,1,1,35,35,38,82,19,High,production,outcome_score_v1: score = total_visits + 3*inpatient_visits + drug_eras over 2009-2010; rank-based terciles (tie-safe) -> Low/Medium/High
627,75.0,75-84,Male,White,FL,0,1,6,36,30,1,1,1,1,1,0,4,4,4,102,42,Medium,train,outcome_score_v1: score = total_visits + 3*inpatient_visits + drug_eras over 2009-2010; rank-based terciles (tie-safe) -> Low/Medium/High
687,68.0,65-74,Male,White,NC,0,0,0,14,14,1,0,0,1,0,0,0,0,0,33,14,Low,production,outcome_score_v1: score = total_visits + 3*inpatient_visits + drug_eras over 2009-2010; rank-based terciles (tie-safe) -> Low/Medium/High
747,79.0,75-84,Female,Others,TX,0,0,6,18,13,1,0,0,0,0,0,53,50,58,38,12,High,production,outcome_score_v1: score = total_visits + 3*inpatient_visits + drug_eras over 2009-2010; rank-based terciles (tie-safe) -> Low/Medium/High
807,81.0,75-84,Female,White,CA,0,2,0,19,16,1,1,1,1,1,0,33,32,31,59,15,Medium,train,outcome_score_v1: score = total_visits + 3*inpatient_visits + drug_eras over 2009-2010; rank-based terciles (tie-safe) -> Low/Medium/High
867,87.0,85+,Male,White,TX,0,0,0,14,14,0,0,1,0,0,0,20,20,22,31,7,Medium,train,outcome_score_v1: score = total_visits + 3*inpatient_visits + drug_eras over 2009-2010; rank-based terciles (tie-safe) -> Low/Medium/High
927,83.0,75-84,Male,White,WA,0,0,1,19,14,0,0,1,0,0,0,2,2,2,29,9,Medium,production,outcome_score_v1: score = total_visits + 3*inpatient_visits + drug_eras over 2009-2010; rank-based terciles (tie-safe) -> Low/Medium/High
30,77.0,75-84,Female,White,FL,0,0,7,30,25,1,0,0,1,1,1,65,63,70,74,16,High,train,outcome_score_v1: score = total_visits + 3*inpatient_visits + drug_eras over 2009-2010; rank-based terciles (tie-safe) -> Low/Medium/High
90,85.0,85+,Female,Black,NY,0,0,0,0,0,0,0,0,0,0,0,3,3,3,0,0,Low,train,outcome_score_v1: score = total_visits + 3*inpatient_visits + drug_eras over 2009-2010; rank-based terciles (tie-safe) -> Low/Medium/High
210,72.0,65-74,Male,White,IA,0,0,0,0,0,0,0,0,0,0,0,55,54,59,0,0,Low,train,outcome_score_v1: score = total_visits + 3*inpatient_visits + drug_eras over 2009-2010; rank-based terciles (tie-safe) -> Low/Medium/High
270,59.0,<65,Male,Black,IL,0,0,0,0,0,0,0,0,0,0,0,0,0,0,0,0,Low,production,outcome_score_v1: score = total_visits + 3*inpatient_visits + drug_eras over 2009-2010; rank-based terciles (tie-safe) -> Low/Medium/High
330,38.0,<65,Male,White,AR,0,1,11,31,24,1,1,1,0,1,1,51,48,56,63,21,High,train,outcome_score_v1: score = total_visits + 3*inpatient_visits + drug_eras over 2009-2010; rank-based terciles (tie-safe) -> Low/Medium/High
390,45.0,<65,Male,White,OR,0,0,0,0,0,0,0,0,0,0,0,0,0,0,0,0,Low,production,outcome_score_v1: score = total_visits + 3*inpatient_visits + drug_eras over 2009-2010; rank-based terciles (tie-safe) -> Low/Medium/High
450,94.0,85+,Male,White,VA,0,1,7,50,30,1,0,0,0,1,1,9,8,9,111,39,Medium,production,outcome_score_v1: score = total_visits + 3*inpatient_visits + drug_eras over 2009-2010; rank-based terciles (tie-safe) -> Low/Medium/High
510,82.0,75-84,Male,Black,OH,0,0,3,47,39,1,0,0,1,1,0,9,9,9,104,44,Medium,production,outcome_score_v1: score = total_visits + 3*inpatient_visits + drug_eras over 2009-2010; rank-based terciles (tie-safe) -> Low/Medium/High
570,75.0,75-84,Male,White,CA,0,0,0,0,0,0,0,0,0,0,0,15,15,17,0,0,Low,train,outcome_score_v1: score = total_visits + 3*inpatient_visits + drug_eras over 2009-2010; rank-based terciles (tie-safe) -> Low/Medium/High
630,72.0,65-74,Female,White,PA,0,0,0,3,3,0,0,0,0,0,0,23,22,24,6,3,Medium,validation,outcome_score_v1: score = total_visits + 3*inpatient_visits + drug_eras over 2009-2010; rank-based terciles (tie-safe) -> Low/Medium/High
690,71.0,65-74,Male,White,GA,0,0,6,32,26,1,0,1,0,1,0,60,57,64,86,32,High,production,outcome_score_v1: score = total_visits + 3*inpatient_visits + drug_eras over 2009-2010; rank-based terciles (tie-safe) -> Low/Medium/High
31,32.0,<65,Female,Black,FL,0,0,0,0,0,0,0,0,0,0,0,3,3,4,0,0,Low,validation,outcome_score_v1: score = total_visits + 3*inpatient_visits + drug_eras over 2009-2010; rank-based terciles (tie-safe) -> Low/Medium/High
91,67.0,65-74,Female,White,MS,0,2,4,52,31,1,0,1,1,1,1,40,39,42,113,37,High,train,outcome_score_v1: score = total_visits + 3*inpatient_visits + drug_eras over 2009-2010; rank-based terciles (tie-safe) -> Low/Medium/High
211,41.0,<65,Male,Black,NJ,0,0,1,7,7,1,0,1,0,0,0,10,10,13,18,5,Medium,production,outcome_score_v1: score = total_visits + 3*inpatient_visits + drug_eras over 2009-2010; rank-based terciles (tie-safe) -> Low/Medium/High
271,69.0,65-74,Male,White,MN,0,0,0,5,5,1,0,0,0,0,0,2,2,2,12,2,Low,train,outcome_score_v1: score = total_visits + 3*inpatient_visits + drug_eras over 2009-2010; rank-based terciles (tie-safe) -> Low/Medium/High
391,95.0,85+,Female,White,VA,0,1,4,21,20,1,0,1,1,0,1,29,28,33,54,18,Medium,train,outcome_score_v1: score = total_visits + 3*inpatient_visits + drug_eras over 2009-2010; rank-based terciles (tie-safe) -> Low/Medium/High
451,65.0,65-74,Male,White,KY,0,0,7,59,47,1,1,1,0,0,0,58,57,60,138,65,High,production,outcome_score_v1: score = total_visits + 3*inpatient_visits + drug_eras over 2009-2010; rank-based terciles (tie-safe) -> Low/Medium/High
511,59.0,<65,Female,White,CA,0,0,1,1,1,0,0,0,0,0,0,38,37,44,2,0,High,production,outcome_score_v1: score = total_visits + 3*inpatient_visits + drug_eras over 2009-2010; rank-based terciles (tie-safe) -> Low/Medium/High
571,69.0,65-74,Male,White,AZ,0,0,0,0,0,0,0,0,0,0,0,59,55,76,0,0,Medium,production,outcome_score_v1: score = total_visits + 3*inpatient_visits + drug_eras over 2009-2010; rank-based terciles (tie-safe) -> Low/Medium/High
631,77.0,75-84,Female,White,NC,0,0,0,0,0,0,0,0,0,0,0,0,0,0,0,0,Low,production,outcome_score_v1: score = total_visits + 3*inpatient_visits + drug_eras over 2009-2010; rank-based terciles (tie-safe) -> Low/Medium/High
691,78.0,75-84,Female,White,WI,0,0,0,3,3,0,0,0,0,1,0,15,15,16,12,2,Low,train,outcome_score_v1: score = total_visits + 3*inpatient_visits + drug_eras over 2009-2010; rank-based terciles (tie-safe) -> Low/Medium/High
751,66.0,65-74,Female,White,GA,0,0,1,9,8,1,1,0,1,0,0,10,10,11,21,10,Medium,production,outcome_score_v1: score = total_visits + 3*inpatient_visits + drug_eras over 2009-2010; rank-based terciles (tie-safe) -> Low/Medium/High
811,38.0,<65,Female,White,OR,0,0,1,5,5,0,0,0,0,0,0,16,15,19,7,6,Medium,production,outcome_score_v1: score = total_visits + 3*inpatient_visits + drug_eras over 2009-2010; rank-based terciles (tie-safe) -> Low/Medium/High
871,86.0,85+,Female,White,SC,0,0,0,7,7,0,0,0,0,0,0,12,12,14,15,6,Medium,validation,outcome_score_v1: score = total_visits + 3*inpatient_visits + drug_eras over 2009-2010; rank-based terciles (tie-safe) -> Low/Medium/High
931,47.0,<65,Male,Black,NM,0,0,0,4,4,0,0,1,0,0,0,10,10,12,11,5,Low,production,outcome_score_v1: score = total_visits + 3*inpatient_visits + drug_eras over 2009-2010; rank-based terciles (tie-safe) -> Low/Medium/High
991,70.0,65-74,Male,White,TX,0,0,0,1,1,0,0,0,0,0,0,62,58,66,3,2,Medium,validation,outcome_score_v1: score = total_visits + 3*inpatient_visits + drug_eras over 2009-2010; rank-based terciles (tie-safe) -> Low/Medium/High
1051,64.0,<65,Male,White,NJ,0,0,1,12,11,0,0,0,0,1,0,1,1,1,18,9,Low,production,outcome_score_v1: score = total_visits + 3*inpatient_visits + drug_eras over 2009-2010; rank-based terciles (tie-safe) -> Low/Medium/High
1111,39.0,<65,Female,White,MI,0,0,5,13,11,0,0,0,1,1,0,39,37,43,19,6,Medium,production,outcome_score_v1: score = total_visits + 3*inpatient_visits + drug_eras over 2009-2010; rank-based terciles (tie-safe) -> Low/Medium/High
32,71.0,65-74,Female,White,FL,0,0,0,12,12,0,0,0,0,0,0,24,24,29,29,8,Medium,production,outcome_score_v1: score = total_visits + 3*inpatient_visits + drug_eras over 2009-2010; rank-based terciles (tie-safe) -> Low/Medium/High
92,67.0,65-74,Female,White,CO,0,2,2,32,25,1,1,0,0,1,0,2,2,2,80,30,Medium,production,outcome_score_v1: score = total_visits + 3*inpatient_visits + drug_eras over 2009-2010; rank-based terciles (tie-safe) -> Low/Medium/High
152,78.0,75-84,Male,White,FL,0,0,0,0,0,0,0,0,0,0,0,59,53,56,0,0,Medium,test,outcome_score_v1: score = total_visits + 3*inpatient_visits + drug_eras over 2009-2010; rank-based terciles (tie-safe) -> Low/Medium/High
212,56.0,<65,Male,Black,OH,0,1,4,13,11,1,0,0,0,0,0,3,3,3,30,7,Low,validation,outcome_score_v1: score = total_visits + 3*inpatient_visits + drug_eras over 2009-2010; rank-based terciles (tie-safe) -> Low/Medium/High
272,82.0,75-84,Male,White,NC,0,0,3,17,16,0,1,0,0,1,0,0,0,0,46,11,Low,production,outcome_score_v1: score = total_visits + 3*inpatient_visits + drug_eras over 2009-2010; rank-based terciles (tie-safe) -> Low/Medium/High
332,80.0,75-84,Female,White,OH,0,0,0,13,10,1,1,0,0,1,0,1,1,1,34,10,Low,production,outcome_score_v1: score = total_visits + 3*inpatient_visits + drug_eras over 2009-2010; rank-based terciles (tie-safe) -> Low/Medium/High
392,72.0,65-74,Female,White,WI,0,0,3,28,15,0,0,0,0,1,0,2,2,2,67,37,Medium,production,outcome_score_v1: score = total_visits + 3*inpatient_visits + drug_eras over 2009-2010; rank-based terciles (tie-safe) -> Low/Medium/High
452,77.0,75-84,Male,Black,GA,0,0,5,42,33,1,1,1,1,1,1,3,3,3,79,25,Medium,production,outcome_score_v1: score = total_visits + 3*inpatient_visits + drug_eras over 2009-2010; rank-based terciles (tie-safe) -> Low/Medium/High
512,65.0,65-74,Female,White,MO,0,0,6,62,49,1,1,1,1,1,1,84,81,90,136,53,High,production,outcome_score_v1: score = total_visits + 3*inpatient_visits + drug_eras over 2009-2010; rank-based terciles (tie-safe) -> Low/Medium/High
572,87.0,85+,Female,White,CA,0,0,0,2,2,1,0,0,0,0,0,19,19,17,7,1,Low,train,outcome_score_v1: score = total_visits + 3*inpatient_visits + drug_eras over 2009-2010; rank-based terciles (tie-safe) -> Low/Medium/High
692,57.0,<65,Male,White,FL,0,0,6,32,29,1,1,0,0,1,1,16,16,16,63,17,High,train,outcome_score_v1: score = total_visits + 3*inpatient_visits + drug_eras over 2009-2010; rank-based terciles (tie-safe) -> Low/Medium/High
752,67.0,65-74,Male,White,AR,0,0,0,0,0,0,0,0,0,0,0,0,0,0,0,0,Low,production,outcome_score_v1: score = total_visits + 3*inpatient_visits + drug_eras over 2009-2010; rank-based terciles (tie-safe) -> Low/Medium/High
812,80.0,75-84,Female,White,AL,0,1,1,55,36,1,1,0,1,1,1,36,36,39,112,32,High,train,outcome_score_v1: score = total_visits + 3*inpatient_visits + drug_eras over 2009-2010; rank-based terciles (tie-safe) -> Low/Medium/High
872,83.0,75-84,Female,White,OR,0,0,0,16,9,1,0,1,0,0,0,39,39,39,42,15,High,train,outcome_score_v1: score = total_visits + 3*inpatient_visits + drug_eras over 2009-2010; rank-based terciles (tie-safe) -> Low/Medium/High
932,74.0,65-74,Female,White,MO,0,0,0,21,17,1,0,0,0,1,0,31,29,33,35,21,Medium,train,outcome_score_v1: score = total_visits + 3*inpatient_visits + drug_eras over 2009-2010; rank-based terciles (tie-safe) -> Low/Medium/High
992,94.0,85+,Female,Others,MA,0,1,5,51,34,1,1,1,1,1,1,28,24,29,106,37,High,train,outcome_score_v1: score = total_visits + 3*inpatient_visits + drug_eras over 2009-2010; rank-based terciles (tie-safe) -> Low/Medium/High
1052,67.0,65-74,Male,White,WA,0,0,0,0,0,0,0,0,0,0,0,2,2,2,0,0,Low,train,outcome_score_v1: score = total_visits + 3*inpatient_visits + drug_eras over 2009-2010; rank-based terciles (tie-safe) -> Low/Medium/High
1112,68.0,65-74,Male,White,CO,0,0,0,0,0,0,0,0,0,0,0,3,3,3,0,0,Low,train,outcome_score_v1: score = total_visits + 3*inpatient_visits + drug_eras over 2009-2010; rank-based terciles (tie-safe) -> Low/Medium/High
1292,75.0,75-84,Female,White,NJ,0,0,0,39,29,1,0,0,0,1,0,3,3,3,92,31,High,train,outcome_score_v1: score = total_visits + 3*inpatient_visits + drug_eras over 2009-2010; rank-based terciles (tie-safe) -> Low/Medium/High
94,86.0,85+,Male,Black,TX,0,0,3,25,23,1,0,1,0,1,0,4,2,2,50,20,Medium,test,outcome_score_v1: score = total_visits + 3*inpatient_visits + drug_eras over 2009-2010; rank-based terciles (tie-safe) -> Low/Medium/High
154,55.0,<65,Female,White,NC,0,0,0,1,1,0,0,0,0,0,0,45,40,43,2,0,Medium,validation,outcome_score_v1: score = total_visits + 3*inpatient_visits + drug_eras over 2009-2010; rank-based terciles (tie-safe) -> Low/Medium/High
214,71.0,65-74,Male,Others,CA,0,0,0,0,0,0,0,0,0,0,0,32,31,32,0,0,Low,train,outcome_score_v1: score = total_visits + 3*inpatient_visits + drug_eras over 2009-2010; rank-based terciles (tie-safe) -> Low/Medium/High
334,69.0,65-74,Female,White,UT,0,1,2,35,24,0,1,1,0,1,1,17,17,17,71,36,High,train,outcome_score_v1: score = total_visits + 3*inpatient_visits + drug_eras over 2009-2010; rank-based terciles (tie-safe) -> Low/Medium/High
454,75.0,75-84,Male,White,AL,0,0,2,29,19,1,1,1,1,0,1,41,39,64,70,22,High,train,outcome_score_v1: score = total_visits + 3*inpatient_visits + drug_eras over 2009-2010; rank-based terciles (tie-safe) -> Low/Medium/High
514,70.0,65-74,Female,White,AR,0,0,3,24,16,1,1,1,1,1,1,1,1,1,70,25,Medium,train,outcome_score_v1: score = total_visits + 3*inpatient_visits + drug_eras over 2009-2010; rank-based terciles (tie-safe) -> Low/Medium/High
574,58.0,<65,Male,White,AR,0,0,3,11,10,0,1,0,0,0,0,64,64,69,28,10,High,train,outcome_score_v1: score = total_visits + 3*inpatient_visits + drug_eras over 2009-2010; rank-based terciles (tie-safe) -> Low/Medium/High
634,83.0,75-84,Male,White,NJ,0,0,0,41,33,1,1,1,1,1,0,0,0,0,94,28,High,train,outcome_score_v1: score = total_visits + 3*inpatient_visits + drug_eras over 2009-2010; rank-based terciles (tie-safe) -> Low/Medium/High
694,65.0,65-74,Male,White,PA,0,0,0,0,0,0,0,0,0,0,0,17,15,21,0,0,Low,train,outcome_score_v1: score = total_visits + 3*inpatient_visits + drug_eras over 2009-2010; rank-based terciles (tie-safe) -> Low/Medium/High
754,65.0,65-74,Female,White,OR,0,0,0,0,0,0,0,0,0,0,0,4,4,4,0,0,Low,train,outcome_score_v1: score = total_visits + 3*inpatient_visits + drug_eras over 2009-2010; rank-based terciles (tie-safe) -> Low/Medium/High
814,77.0,75-84,Male,White,GA,0,0,0,0,0,0,0,0,0,0,0,0,0,0,0,0,Low,train,outcome_score_v1: score = total_visits + 3*inpatient_visits + drug_eras over 2009-2010; rank-based terciles (tie-safe) -> Low/Medium/High
874,65.0,65-74,Female,White,OH,0,0,0,1,1,0,0,0,0,0,0,4,3,4,3,1,Low,train,outcome_score_v1: score = total_visits + 3*inpatient_visits + drug_eras over 2009-2010; rank-based terciles (tie-safe) -> Low/Medium/High
934,70.0,65-74,Male,White,TX,0,0,0,8,8,1,0,0,0,0,0,3,3,3,26,2,Low,train,outcome_score_v1: score = total_visits + 3*inpatient_visits + drug_eras over 2009-2010; rank-based terciles (tie-safe) -> Low/Medium/High
994,68.0,65-74,Female,White,KY,0,0,2,27,23,1,0,0,1,1,0,4,4,4,58,19,Medium,train,outcome_score_v1: score = total_visits + 3*inpatient_visits + drug_eras over 2009-2010; rank-based terciles (tie-safe) -> Low/Medium/High
33,67.0,65-74,Female,White,GA,0,0,5,22,16,1,0,0,0,1,0,6,6,6,42,18,Low,production,outcome_score_v1: score = total_visits + 3*inpatient_visits + drug_eras over 2009-2010; rank-based terciles (tie-safe) -> Low/Medium/High
93,73.0,65-74,Female,White,IL,0,2,1,42,26,1,1,1,1,1,1,3,3,3,96,26,Medium,train,outcome_score_v1: score = total_visits + 3*inpatient_visits + drug_eras over 2009-2010; rank-based terciles (tie-safe) -> Low/Medium/High
213,89.0,85+,Female,White,WI,0,0,11,67,34,1,1,1,1,1,1,69,64,70,148,51,High,train,outcome_score_v1: score = total_visits + 3*inpatient_visits + drug_eras over 2009-2010; rank-based terciles (tie-safe) -> Low/Medium/High
273,71.0,65-74,Male,White,PA,0,0,0,0,0,0,0,0,0,0,0,35,32,35,0,0,Medium,production,outcome_score_v1: score = total_visits + 3*inpatient_visits + drug_eras over 2009-2010; rank-based terciles (tie-safe) -> Low/Medium/High
333,61.0,<65,Male,White,FL,0,0,2,2,2,0,0,0,0,0,0,19,19,20,3,2,High,production,outcome_score_v1: score = total_visits + 3*inpatient_visits + drug_eras over 2009-2010; rank-based terciles (tie-safe) -> Low/Medium/High
393,88.0,85+,Male,White,PA,0,1,2,13,12,1,1,1,1,0,1,21,21,23,29,8,Medium,train,outcome_score_v1: score = total_visits + 3*inpatient_visits + drug_eras over 2009-2010; rank-based terciles (tie-safe) -> Low/Medium/High
453,69.0,65-74,Female,White,CA,0,1,7,39,28,1,1,0,0,1,1,5,5,5,91,37,High,validation,outcome_score_v1: score = total_visits + 3*inpatient_visits + drug_eras over 2009-2010; rank-based terciles (tie-safe) -> Low/Medium/High
513,63.0,<65,Female,White,MS,0,0,0,0,0,0,0,0,0,0,0,0,0,0,0,0,Low,train,outcome_score_v1: score = total_visits + 3*inpatient_visits + drug_eras over 2009-2010; rank-based terciles (tie-safe) -> Low/Medium/High
573,78.0,75-84,Male,White,MI,0,0,4,14,13,1,0,0,0,1,0,3,3,3,33,10,Low,train,outcome_score_v1: score = total_visits + 3*inpatient_visits + drug_eras over 2009-2010; rank-based terciles (tie-safe) -> Low/Medium/High
633,33.0,<65,Female,White,MI,0,0,4,14,12,1,0,0,1,1,0,10,10,12,38,20,Medium,train,outcome_score_v1: score = total_visits + 3*inpatient_visits + drug_eras over 2009-2010; rank-based terciles (tie-safe) -> Low/Medium/High
693,80.0,75-84,Female,Hispanic,Missing,0,0,0,5,3,0,0,0,0,0,0,43,43,45,7,3,Low,train,outcome_score_v1: score = total_visits + 3*inpatient_visits + drug_eras over 2009-2010; rank-based terciles (tie-safe) -> Low/Medium/High
753,88.0,85+,Female,White,FL,0,0,4,32,28,0,1,0,1,1,0,15,15,17,69,26,High,train,outcome_score_v1: score = total_visits + 3*inpatient_visits + drug_eras over 2009-2010; rank-based terciles (tie-safe) -> Low/Medium/High
813,72.0,65-74,Female,White,NC,0,0,0,11,10,1,0,0,0,0,1,46,44,46,30,11,High,test,outcome_score_v1: score = total_visits + 3*inpatient_visits + drug_eras over 2009-2010; rank-based terciles (tie-safe) -> Low/Medium/High
873,71.0,65-74,Male,White,WV,0,2,9,40,28,1,1,1,1,1,0,41,41,44,86,29,High,production,outcome_score_v1: score = total_visits + 3*inpatient_visits + drug_eras over 2009-2010; rank-based terciles (tie-safe) -> Low/Medium/High
933,81.0,75-84,Male,White,MD,0,0,0,20,19,1,0,1,0,1,0,0,0,0,39,15,Low,production,outcome_score_v1: score = total_visits + 3*inpatient_visits + drug_eras over 2009-2010; rank-based terciles (tie-safe) -> Low/Medium/High
35,65.0,65-74,Male,White,LA,0,0,0,0,0,0,0,0,0,0,0,0,0,0,0,0,Low,production,outcome_score_v1: score = total_visits + 3*inpatient_visits + drug_eras over 2009-2010; rank-based terciles (tie-safe) -> Low/Medium/High
95,70.0,65-74,Male,White,GA,0,0,0,19,16,1,0,1,1,0,1,0,0,0,32,16,Low,train,outcome_score_v1: score = total_visits + 3*inpatient_visits + drug_eras over 2009-2010; rank-based terciles (tie-safe) -> Low/Medium/High
155,83.0,75-84,Female,White,PA,0,0,1,11,9,1,0,1,0,1,0,19,19,23,15,8,High,production,outcome_score_v1: score = total_visits + 3*inpatient_visits + drug_eras over 2009-2010; rank-based terciles (tie-safe) -> Low/Medium/High
215,90.0,85+,Female,White,IL,0,0,0,0,0,0,0,0,0,0,0,25,25,27,0,0,High,production,outcome_score_v1: score = total_visits + 3*inpatient_visits + drug_eras over 2009-2010; rank-based terciles (tie-safe) -> Low/Medium/High
335,77.0,75-84,Male,White,MI,0,0,0,1,1,0,0,0,0,0,0,3,3,3,4,1,Low,validation,outcome_score_v1: score = total_visits + 3*inpatient_visits + drug_eras over 2009-2010; rank-based terciles (tie-safe) -> Low/Medium/High
395,65.0,65-74,Female,White,PA,0,0,2,5,5,0,0,0,0,0,0,12,12,13,11,10,Medium,production,outcome_score_v1: score = total_visits + 3*inpatient_visits + drug_eras over 2009-2010; rank-based terciles (tie-safe) -> Low/Medium/High
455,70.0,65-74,Female,White,OH,0,0,0,6,6,1,0,0,0,0,0,20,19,21,11,5,High,production,outcome_score_v1: score = total_visits + 3*inpatient_visits + drug_eras over 2009-2010; rank-based terciles (tie-safe) -> Low/Medium/High
515,62.0,<65,Male,White,ID,0,0,0,4,4,0,0,0,0,0,0,13,13,15,9,5,Medium,validation,outcome_score_v1: score = total_visits + 3*inpatient_visits + drug_eras over 2009-2010; rank-based terciles (tie-safe) -> Low/Medium/High
575,82.0,75-84,Female,White,FL,0,1,5,36,33,1,0,0,1,1,1,48,44,49,85,37,High,train,outcome_score_v1: score = total_visits + 3*inpatient_visits + drug_eras over 2009-2010; rank-based terciles (tie-safe) -> Low/Medium/High
635,91.0,85+,Female,White,AR,0,3,0,29,13,1,0,1,0,1,1,4,4,4,75,28,Medium,production,outcome_score_v1: score = total_visits + 3*inpatient_visits + drug_eras over 2009-2010; rank-based terciles (tie-safe) -> Low/Medium/High
695,77.0,75-84,Female,White,AZ,0,0,5,48,38,1,1,1,1,1,1,3,3,3,94,43,Medium,train,outcome_score_v1: score = total_visits + 3*inpatient_visits + drug_eras over 2009-2010; rank-based terciles (tie-safe) -> Low/Medium/High
755,76.0,75-84,Male,White,TN,0,0,4,31,27,1,0,1,0,1,1,27,27,32,84,24,High,test,outcome_score_v1: score = total_visits + 3*inpatient_visits + drug_eras over 2009-2010; rank-based terciles (tie-safe) -> Low/Medium/High
815,82.0,75-84,Male,White,NC,0,0,11,61,39,1,0,1,1,1,1,35,35,37,124,38,High,train,outcome_score_v1: score = total_visits + 3*inpatient_visits + drug_eras over 2009-2010; rank-based terciles (tie-safe) -> Low/Medium/High
875,86.0,85+,Female,White,FL,0,0,3,27,24,1,0,0,0,1,1,15,15,15,57,29,High,production,outcome_score_v1: score = total_visits + 3*inpatient_visits + drug_eras over 2009-2010; rank-based terciles (tie-safe) -> Low/Medium/High
935,70.0,65-74,Male,White,SC,0,0,1,17,17,1,0,0,1,0,0,38,38,43,40,11,Medium,train,outcome_score_v1: score = total_visits + 3*inpatient_visits + drug_eras over 2009-2010; rank-based terciles (tie-safe) -> Low/Medium/High
995,77.0,75-84,Female,White,CA,0,0,1,41,33,1,0,1,0,1,1,2,2,2,91,29,Medium,train,outcome_score_v1: score = total_visits + 3*inpatient_visits + drug_eras over 2009-2010; rank-based terciles (tie-safe) -> Low/Medium/High
1055,39.0,<65,Male,Black,NJ,0,0,0,0,0,0,0,0,0,0,0,0,0,0,0,0,Low,production,outcome_score_v1: score = total_visits + 3*inpatient_visits + drug_eras over 2009-2010; rank-based terciles (tie-safe) -> Low/Medium/High
1115,76.0,75-84,Male,White,NC,0,0,0,0,0,0,0,0,0,0,0,20,20,22,0,0,Low,production,outcome_score_v1: score = total_visits + 3*inpatient_visits + drug_eras over 2009-2010; rank-based terciles (tie-safe) -> Low/Medium/High
98,89.0,85+,Female,White,OH,0,0,0,0,0,0,0,0,0,0,0,13,13,13,0,0,Low,train,outcome_score_v1: score = total_visits + 3*inpatient_visits + drug_eras over 2009-2010; rank-based terciles (tie-safe) -> Low/Medium/High
158,80.0,75-84,Male,White,PA,0,1,5,56,41,0,0,1,1,1,1,4,4,4,125,53,Medium,validation,outcome_score_v1: score = total_visits + 3*inpatient_visits + drug_eras over 2009-2010; rank-based terciles (tie-safe) -> Low/Medium/High
218,72.0,65-74,Female,White,TX,0,4,3,28,18,1,1,0,1,1,1,21,21,23,76,33,High,train,outcome_score_v1: score = total_visits + 3*inpatient_visits + drug_eras over 2009-2010; rank-based terciles (tie-safe) -> Low/Medium/High
278,74.0,65-74,Female,White,CA,0,0,1,40,33,1,0,1,1,1,0,4,4,4,80,44,Medium,train,outcome_score_v1: score = total_visits + 3*inpatient_visits + drug_eras over 2009-2010; rank-based terciles (tie-safe) -> Low/Medium/High
338,69.0,65-74,Female,White,GA,0,0,0,0,0,0,0,0,0,0,0,0,0,0,0,0,Low,train,outcome_score_v1: score = total_visits + 3*inpatient_visits + drug_eras over 2009-2010; rank-based terciles (tie-safe) -> Low/Medium/High
458,77.0,75-84,Female,White,MD,0,0,2,37,33,1,1,0,0,1,0,25,23,26,87,39,High,test,outcome_score_v1: score = total_visits + 3*inpatient_visits + drug_eras over 2009-2010; rank-based terciles (tie-safe) -> Low/Medium/High
578,55.0,<65,Male,White,WV,0,2,8,60,35,1,1,1,1,1,1,17,17,17,136,51,High,validation,outcome_score_v1: score = total_visits + 3*inpatient_visits + drug_eras over 2009-2010; rank-based terciles (tie-safe) -> Low/Medium/High
638,75.0,75-84,Male,White,IL,0,0,0,8,7,0,0,0,0,0,0,0,0,0,18,9,Low,train,outcome_score_v1: score = total_visits + 3*inpatient_visits + drug_eras over 2009-2010; rank-based terciles (tie-safe) -> Low/Medium/High
698,71.0,65-74,Male,White,MN,0,0,13,24,15,1,1,1,1,1,1,62,60,62,49,17,High,train,outcome_score_v1: score = total_visits + 3*inpatient_visits + drug_eras over 2009-2010; rank-based terciles (tie-safe) -> Low/Medium/High
758,60.0,<65,Female,White,IN,0,0,8,39,27,0,0,0,0,0,1,1,1,1,79,28,Medium,production,outcome_score_v1: score = total_visits + 3*inpatient_visits + drug_eras over 2009-2010; rank-based terciles (tie-safe) -> Low/Medium/High
878,65.0,65-74,Male,White,TX,0,0,9,47,36,1,1,1,1,1,1,2,2,4,103,36,Medium,train,outcome_score_v1: score = total_visits + 3*inpatient_visits + drug_eras over 2009-2010; rank-based terciles (tie-safe) -> Low/Medium/High
938,77.0,75-84,Female,White,OR,0,0,2,6,6,0,0,0,0,0,0,32,31,32,15,5,Medium,production,outcome_score_v1: score = total_visits + 3*inpatient_visits + drug_eras over 2009-2010; rank-based terciles (tie-safe) -> Low/Medium/High
998,68.0,65-74,Male,White,WV,0,0,1,20,16,1,0,0,1,0,1,61,57,66,50,15,High,production,outcome_score_v1: score = total_visits + 3*inpatient_visits + drug_eras over 2009-2010; rank-based terciles (tie-safe) -> Low/Medium/High
1058,78.0,75-84,Female,Others,KS,0,0,4,6,5,0,0,0,0,0,0,25,25,26,22,4,Medium,train,outcome_score_v1: score = total_visits + 3*inpatient_visits + drug_eras over 2009-2010; rank-based terciles (tie-safe) -> Low/Medium/High
1118,77.0,75-84,Female,White,NY,0,0,1,15,14,1,1,0,1,1,0,0,0,0,29,11,Low,train,outcome_score_v1: score = total_visits + 3*inpatient_visits + drug_eras over 2009-2010; rank-based terciles (tie-safe) -> Low/Medium/High
1178,83.0,75-84,Female,Hispanic,KS,0,0,6,25,18,1,0,1,1,1,0,40,38,40,54,18,High,train,outcome_score_v1: score = total_visits + 3*inpatient_visits + drug_eras over 2009-2010; rank-based terciles (tie-safe) -> Low/Medium/High
1238,72.0,65-74,Female,White,AL,0,0,2,26,21,1,1,0,0,0,0,0,0,0,62,19,Medium,production,outcome_score_v1: score = total_visits + 3*inpatient_visits + drug_eras over 2009-2010; rank-based terciles (tie-safe) -> Low/Medium/High
1298,70.0,65-74,Male,White,TN,0,0,0,0,0,0,0,0,0,0,0,0,0,0,0,0,Low,validation,outcome_score_v1: score = total_visits + 3*inpatient_visits + drug_eras over 2009-2010; rank-based terciles (tie-safe) -> Low/Medium/High
1358,76.0,75-84,Male,White,CT,0,0,0,0,0,0,0,0,0,0,0,0,0,0,0,0,Low,train,outcome_score_v1: score = total_visits + 3*inpatient_visits + drug_eras over 2009-2010; rank-based terciles (tie-safe) -> Low/Medium/High
36,64.0,<65,Male,White,AR,0,0,0,0,0,0,0,0,0,0,0,17,17,16,0,0,Low,train,outcome_score_v1: score = total_visits + 3*inpatient_visits + drug_eras over 2009-2010; rank-based terciles (tie-safe) -> Low/Medium/High
96,69.0,65-74,Male,White,KS,0,0,4,12,9,0,0,1,0,0,0,10,10,11,23,18,Medium,production,outcome_score_v1: score = total_visits + 3*inpatient_visits + drug_eras over 2009-2010; rank-based terciles (tie-safe) -> Low/Medium/High
156,78.0,75-84,Male,White,IL,0,0,0,14,13,1,0,0,0,1,0,1,1,1,34,14,Low,production,outcome_score_v1: score = total_visits + 3*inpatient_visits + drug_eras over 2009-2010; rank-based terciles (tie-safe) -> Low/Medium/High
216,48.0,<65,Male,Black,NY,0,0,3,9,8,1,0,0,1,0,0,2,2,2,17,9,Low,production,outcome_score_v1: score = total_visits + 3*inpatient_visits + drug_eras over 2009-2010; rank-based terciles (tie-safe) -> Low/Medium/High
336,81.0,75-84,Male,White,FL,0,0,3,53,47,0,0,0,0,1,1,3,3,6,130,37,Medium,production,outcome_score_v1: score = total_visits + 3*inpatient_visits + drug_eras over 2009-2010; rank-based terciles (tie-safe) -> Low/Medium/High
396,87.0,85+,Male,White,NY,0,0,2,11,10,1,0,0,1,0,1,54,52,57,30,11,High,production,outcome_score_v1: score = total_visits + 3*inpatient_visits + drug_eras over 2009-2010; rank-based terciles (tie-safe) -> Low/Medium/High
636,76.0,75-84,Female,Hispanic,NY,0,0,7,14,11,1,0,0,0,1,0,29,29,33,34,13,Medium,train,outcome_score_v1: score = total_visits + 3*inpatient_visits + drug_eras over 2009-2010; rank-based terciles (tie-safe) -> Low/Medium/High
97,85.0,85+,Female,White,TX,0,0,6,27,21,1,0,1,0,1,0,18,17,17,59,24,Medium,production,outcome_score_v1: score = total_visits + 3*inpatient_visits + drug_eras over 2009-2010; rank-based terciles (tie-safe) -> Low/Medium/High
277,83.0,75-84,Male,Black,MI,0,0,7,35,26,1,0,1,0,0,0,55,55,58,78,34,High,test,outcome_score_v1: score = total_visits + 3*inpatient_visits + drug_eras over 2009-2010; rank-based terciles (tie-safe) -> Low/Medium/High
337,71.0,65-74,Female,White,GA,0,0,0,0,0,0,0,0,0,0,0,0,0,0,0,0,Low,validation,outcome_score_v1: score = total_visits + 3*inpatient_visits + drug_eras over 2009-2010; rank-based terciles (tie-safe) -> Low/Medium/High
457,88.0,85+,Female,White,MN,0,0,0,14,9,0,0,1,0,0,1,24,23,28,27,18,Medium,production,outcome_score_v1: score = total_visits + 3*inpatient_visits + drug_eras over 2009-2010; rank-based terciles (tie-safe) -> Low/Medium/High
517,35.0,<65,Male,Others,MN,0,0,6,49,23,1,1,1,1,1,1,47,46,48,133,49,High,train,outcome_score_v1: score = total_visits + 3*inpatient_visits + drug_eras over 2009-2010; rank-based terciles (tie-safe) -> Low/Medium/High
577,59.0,<65,Female,Black,OH,0,1,9,60,44,1,1,1,1,1,1,28,27,31,136,37,High,train,outcome_score_v1: score = total_visits + 3*inpatient_visits + drug_eras over 2009-2010; rank-based terciles (tie-safe) -> Low/Medium/High
637,79.0,75-84,Female,White,CT,0,0,2,21,18,1,1,1,0,1,1,29,27,33,40,19,High,train,outcome_score_v1: score = total_visits + 3*inpatient_visits + drug_eras over 2009-2010; rank-based terciles (tie-safe) -> Low/Medium/High
697,87.0,85+,Female,White,WA,0,0,0,0,0,0,0,0,0,0,0,36,35,35,0,0,Medium,production,outcome_score_v1: score = total_visits + 3*inpatient_visits + drug_eras over 2009-2010; rank-based terciles (tie-safe) -> Low/Medium/High
817,65.0,65-74,Female,White,AR,0,0,3,11,6,0,1,0,1,0,1,10,10,11,24,12,Medium,train,outcome_score_v1: score = total_visits + 3*inpatient_visits + drug_eras over 2009-2010; rank-based terciles (tie-safe) -> Low/Medium/High
877,43.0,<65,Female,White,KS,0,0,13,18,13,1,0,1,0,0,0,2,2,2,20,13,Low,train,outcome_score_v1: score = total_visits + 3*inpatient_visits + drug_eras over 2009-2010; rank-based terciles (tie-safe) -> Low/Medium/High
937,76.0,75-84,Female,White,WV,0,0,4,49,28,1,1,1,1,1,1,1,1,1,121,34,High,train,outcome_score_v1: score = total_visits + 3*inpatient_visits + drug_eras over 2009-2010; rank-based terciles (tie-safe) -> Low/Medium/High
997,73.0,65-74,Male,White,AZ,0,1,11,54,31,0,0,1,0,1,1,5,5,5,120,53,High,test,outcome_score_v1: score = total_visits + 3*inpatient_visits + drug_eras over 2009-2010; rank-based terciles (tie-safe) -> Low/Medium/High
1057,80.0,75-84,Male,White,VA,0,0,0,0,0,0,0,0,0,0,0,0,0,0,0,0,Low,production,outcome_score_v1: score = total_visits + 3*inpatient_visits + drug_eras over 2009-2010; rank-based terciles (tie-safe) -> Low/Medium/High
1117,43.0,<65,Male,Black,FL,0,0,0,0,0,0,0,0,0,0,0,0,0,0,0,0,Low,production,outcome_score_v1: score = total_visits + 3*inpatient_visits + drug_eras over 2009-2010; rank-based terciles (tie-safe) -> Low/Medium/High
39,73.0,65-74,Female,White,MI,0,0,0,53,36,1,1,1,0,1,1,83,80,88,118,41,High,train,outcome_score_v1: score = total_visits + 3*inpatient_visits + drug_eras over 2009-2010; rank-based terciles (tie-safe) -> Low/Medium/High
99,36.0,<65,Female,Black,AL,0,3,2,44,36,1,1,1,1,1,1,81,78,85,121,37,High,validation,outcome_score_v1: score = total_visits + 3*inpatient_visits + drug_eras over 2009-2010; rank-based terciles (tie-safe) -> Low/Medium/High
159,95.0,85+,Female,White,PA,0,0,0,41,35,1,1,1,1,1,1,1,1,1,80,29,Medium,test,outcome_score_v1: score = total_visits + 3*inpatient_visits + drug_eras over 2009-2010; rank-based terciles (tie-safe) -> Low/Medium/High
219,59.0,<65,Male,White,KY,0,0,0,0,0,0,0,0,0,0,0,0,0,0,0,0,Low,train,outcome_score_v1: score = total_visits + 3*inpatient_visits + drug_eras over 2009-2010; rank-based terciles (tie-safe) -> Low/Medium/High
279,60.0,<65,Female,Black,GA,0,0,4,19,15,1,0,0,0,0,0,33,33,36,33,11,High,validation,outcome_score_v1: score = total_visits + 3*inpatient_visits + drug_eras over 2009-2010; rank-based terciles (tie-safe) -> Low/Medium/High
339,66.0,65-74,Female,White,IA,0,0,3,15,10,1,0,0,0,0,0,59,55,60,36,14,High,test,outcome_score_v1: score = total_visits + 3*inpatient_visits + drug_eras over 2009-2010; rank-based terciles (tie-safe) -> Low/Medium/High
399,85.0,85+,Female,White,VA,0,0,5,32,28,1,1,1,1,0,1,61,59,63,75,27,High,validation,outcome_score_v1: score = total_visits + 3*inpatient_visits + drug_eras over 2009-2010; rank-based terciles (tie-safe) -> Low/Medium/High
459,64.0,<65,Female,White,LA,0,0,0,11,9,0,0,1,0,1,1,0,0,0,33,10,Low,production,outcome_score_v1: score = total_visits + 3*inpatient_visits + drug_eras over 2009-2010; rank-based terciles (tie-safe) -> Low/Medium/High
519,77.0,75-84,Male,White,IN,0,0,10,37,24,1,0,1,0,1,1,75,72,82,85,29,High,test,outcome_score_v1: score = total_visits + 3*inpatient_visits + drug_eras over 2009-2010; rank-based terciles (tie-safe) -> Low/Medium/High
579,65.0,65-74,Female,Black,TX,0,0,0,24,20,1,0,1,1,1,1,3,3,4,61,26,Medium,train,outcome_score_v1: score = total_visits + 3*inpatient_visits + drug_eras over 2009-2010; rank-based terciles (tie-safe) -> Low/Medium/High
639,69.0,65-74,Female,White,IA,0,0,0,0,0,0,0,0,0,0,0,30,30,32,0,0,Low,train,outcome_score_v1: score = total_visits + 3*inpatient_visits + drug_eras over 2009-2010; rank-based terciles (tie-safe) -> Low/Medium/High
699,79.0,75-84,Female,White,MO,0,0,0,2,2,0,0,0,0,1,0,53,52,55,4,2,High,train,outcome_score_v1: score = total_visits + 3*inpatient_visits + drug_eras over 2009-2010; rank-based terciles (tie-safe) -> Low/Medium/High
759,53.0,<65,Male,White,NY,0,0,0,0,0,0,0,0,0,0,0,0,0,0,0,0,Low,train,outcome_score_v1: score = total_visits + 3*inpatient_visits + drug_eras over 2009-2010; rank-based terciles (tie-safe) -> Low/Medium/High
819,68.0,65-74,Male,White,KY,0,0,0,8,8,0,0,0,0,0,0,2,2,2,12,7,Low,train,outcome_score_v1: score = total_visits + 3*inpatient_visits + drug_eras over 2009-2010; rank-based terciles (tie-safe) -> Low/Medium/High
879,89.0,85+,Female,Black,NC,0,0,0,0,0,0,0,0,0,0,0,69,68,74,0,0,High,validation,outcome_score_v1: score = total_visits + 3*inpatient_visits + drug_eras over 2009-2010; rank-based terciles (tie-safe) -> Low/Medium/High
939,73.0,65-74,Female,White,NY,0,0,5,25,19,1,0,0,1,0,0,59,57,63,56,26,High,production,outcome_score_v1: score = total_visits + 3*inpatient_visits + drug_eras over 2009-2010; rank-based terciles (tie-safe) -> Low/Medium/High
999,68.0,65-74,Male,White,MI,0,0,0,0,0,0,0,0,0,0,0,51,50,54,0,0,High,production,outcome_score_v1: score = total_visits + 3*inpatient_visits + drug_eras over 2009-2010; rank-based terciles (tie-safe) -> Low/Medium/High
41,76.0,75-84,Female,White,KS,0,0,1,45,22,1,0,0,0,1,0,31,31,38,106,47,High,production,outcome_score_v1: score = total_visits + 3*inpatient_visits + drug_eras over 2009-2010; rank-based terciles (tie-safe) -> Low/Medium/High
101,84.0,75-84,Male,White,MI,0,0,0,1,1,0,0,0,0,0,0,15,15,17,2,1,Low,test,outcome_score_v1: score = total_visits + 3*inpatient_visits + drug_eras over 2009-2010; rank-based terciles (tie-safe) -> Low/Medium/High
221,80.0,75-84,Female,Black,VA,0,0,1,8,7,1,0,0,0,0,0,34,33,36,21,6,Medium,production,outcome_score_v1: score = total_visits + 3*inpatient_visits + drug_eras over 2009-2010; rank-based terciles (tie-safe) -> Low/Medium/High
281,79.0,75-84,Female,White,CA,0,0,0,0,0,0,0,0,0,0,0,12,12,14,0,0,Low,train,outcome_score_v1: score = total_visits + 3*inpatient_visits + drug_eras over 2009-2010; rank-based terciles (tie-safe) -> Low/Medium/High
341,72.0,65-74,Male,Black,GA,0,0,1,4,4,1,0,0,0,0,0,19,18,21,5,4,High,production,outcome_score_v1: score = total_visits + 3*inpatient_visits + drug_eras over 2009-2010; rank-based terciles (tie-safe) -> Low/Medium/High
401,84.0,75-84,Female,White,MA,0,0,9,21,12,1,0,1,0,0,0,50,49,54,43,23,High,validation,outcome_score_v1: score = total_visits + 3*inpatient_visits + drug_eras over 2009-2010; rank-based terciles (tie-safe) -> Low/Medium/High
461,43.0,<65,Male,White,TX,0,0,4,23,19,1,1,0,0,0,0,18,18,22,51,23,High,train,outcome_score_v1: score = total_visits + 3*inpatient_visits + drug_eras over 2009-2010; rank-based terciles (tie-safe) -> Low/Medium/High
521,78.0,75-84,Male,White,IL,0,0,0,19,18,1,0,1,0,0,0,8,8,8,43,18,Medium,train,outcome_score_v1: score = total_visits + 3*inpatient_visits + drug_eras over 2009-2010; rank-based terciles (tie-safe) -> Low/Medium/High
581,74.0,65-74,Female,White,NY,0,0,0,3,3,0,0,0,0,0,0,0,0,0,4,1,Low,train,outcome_score_v1: score = total_visits + 3*inpatient_visits + drug_eras over 2009-2010; rank-based terciles (tie-safe) -> Low/Medium/High
641,81.0,75-84,Male,White,AL,0,4,0,21,18,1,1,1,1,0,1,0,0,0,67,30,Medium,test,outcome_score_v1: score = total_visits + 3*inpatient_visits + drug_eras over 2009-2010; rank-based terciles (tie-safe) -> Low/Medium/High
701,48.0,<65,Male,White,WV,0,0,4,12,10,1,0,0,0,1,0,42,41,46,35,16,High,production,outcome_score_v1: score = total_visits + 3*inpatient_visits + drug_eras over 2009-2010; rank-based terciles (tie-safe) -> Low/Medium/High
761,43.0,<65,Male,Black,NC,0,3,4,31,24,1,1,1,1,1,1,2,2,2,85,30,Medium,train,outcome_score_v1: score = total_visits + 3*inpatient_visits + drug_eras over 2009-2010; rank-based terciles (tie-safe) -> Low/Medium/High
821,77.0,75-84,Female,Black,IN,0,2,4,90,51,1,1,1,1,1,1,37,35,37,173,50,High,production,outcome_score_v1: score = total_visits + 3*inpatient_visits + drug_eras over 2009-2010; rank-based terciles (tie-safe) -> Low/Medium/High
881,75.0,75-84,Female,White,IL,0,0,0,17,16,1,0,0,0,1,0,0,0,0,35,12,Low,production,outcome_score_v1: score = total_visits + 3*inpatient_visits + drug_eras over 2009-2010; rank-based terciles (tie-safe) -> Low/Medium/High
941,52.0,<65,Male,White,FL,0,0,3,13,12,0,1,0,0,0,1,12,12,12,30,12,High,train,outcome_score_v1: score = total_visits + 3*inpatient_visits + drug_eras over 2009-2010; rank-based terciles (tie-safe) -> Low/Medium/High
1001,80.0,75-84,Female,White,PA,0,0,0,0,0,0,0,0,0,0,0,10,10,11,0,0,Low,train,outcome_score_v1: score = total_visits + 3*inpatient_visits + drug_eras over 2009-2010; rank-based terciles (tie-safe) -> Low/Medium/High
1121,75.0,75-84,Male,White,RI,0,2,5,34,21,1,0,1,1,1,1,1,1,1,99,32,High,test,outcome_score_v1: score = total_visits + 3*inpatient_visits + drug_eras over 2009-2010; rank-based terciles (tie-safe) -> Low/Medium/High
1181,69.0,65-74,Female,White,ME,0,0,0,12,12,1,0,0,0,1,0,1,1,1,32,13,Low,production,outcome_score_v1: score = total_visits + 3*inpatient_visits + drug_eras over 2009-2010; rank-based terciles (tie-safe) -> Low/Medium/High
1241,57.0,<65,Male,White,FL,0,0,0,1,1,0,0,0,0,0,0,9,8,9,3,1,Low,test,outcome_score_v1: score = total_visits + 3*inpatient_visits + drug_eras over 2009-2010; rank-based terciles (tie-safe) -> Low/Medium/High
1301,81.0,75-84,Female,Others,NY,0,0,1,11,9,1,0,0,0,0,0,42,40,45,26,10,High,train,outcome_score_v1: score = total_visits + 3*inpatient_visits + drug_eras over 2009-2010; rank-based terciles (tie-safe) -> Low/Medium/High
1421,66.0,65-74,Male,Others,NV,0,0,0,0,0,0,0,0,0,0,0,0,0,0,0,0,Low,validation,outcome_score_v1: score = total_visits + 3*inpatient_visits + drug_eras over 2009-2010; rank-based terciles (tie-safe) -> Low/Medium/High
40,48.0,<65,Female,White,PA,0,0,0,13,13,0,0,1,0,0,0,34,31,33,24,13,High,train,outcome_score_v1: score = total_visits + 3*inpatient_visits + drug_eras over 2009-2010; rank-based terciles (tie-safe) -> Low/Medium/High
100,69.0,65-74,Female,White,CA,0,0,1,7,7,0,0,0,1,1,0,14,14,18,15,7,Low,train,outcome_score_v1: score = total_visits + 3*inpatient_visits + drug_eras over 2009-2010; rank-based terciles (tie-safe) -> Low/Medium/High
220,78.0,75-84,Female,White,SD,0,0,2,20,12,0,0,1,0,1,0,1,1,1,49,22,Medium,train,outcome_score_v1: score = total_visits + 3*inpatient_visits + drug_eras over 2009-2010; rank-based terciles (tie-safe) -> Low/Medium/High
280,70.0,65-74,Male,White,TX,0,0,7,67,50,1,1,1,1,1,1,28,28,29,144,58,High,train,outcome_score_v1: score = total_visits + 3*inpatient_visits + drug_eras over 2009-2010; rank-based terciles (tie-safe) -> Low/Medium/High
340,47.0,<65,Male,White,Missing,0,0,0,17,17,1,0,0,0,0,1,0,0,0,32,9,Low,production,outcome_score_v1: score = total_visits + 3*inpatient_visits + drug_eras over 2009-2010; rank-based terciles (tie-safe) -> Low/Medium/High
400,65.0,65-74,Female,White,FL,0,0,0,6,6,0,1,1,0,0,0,0,0,0,20,6,Low,production,outcome_score_v1: score = total_visits + 3*inpatient_visits + drug_eras over 2009-2010; rank-based terciles (tie-safe) -> Low/Medium/High
520,82.0,75-84,Male,White,WI,0,0,0,27,6,1,0,1,0,1,0,3,3,3,43,20,Medium,train,outcome_score_v1: score = total_visits + 3*inpatient_visits + drug_eras over 2009-2010; rank-based terciles (tie-safe) -> Low/Medium/High
580,70.0,65-74,Male,White,PA,0,0,0,0,0,0,0,0,0,0,0,63,61,60,0,0,Low,production,outcome_score_v1: score = total_visits + 3*inpatient_visits + drug_eras over 2009-2010; rank-based terciles (tie-safe) -> Low/Medium/High
700,72.0,65-74,Male,White,VA,0,0,1,6,4,0,0,0,0,0,0,0,0,0,12,5,Low,production,outcome_score_v1: score = total_visits + 3*inpatient_visits + drug_eras over 2009-2010; rank-based terciles (tie-safe) -> Low/Medium/High
760,86.0,85+,Female,White,ID,0,0,0,0,0,0,0,0,0,0,0,71,69,73,0,0,High,production,outcome_score_v1: score = total_visits + 3*inpatient_visits + drug_eras over 2009-2010; rank-based terciles (tie-safe) -> Low/Medium/High
820,49.0,<65,Female,White,AL,0,0,6,25,22,1,1,1,1,1,1,2,2,2,66,32,Medium,production,outcome_score_v1: score = total_visits + 3*inpatient_visits + drug_eras over 2009-2010; rank-based terciles (tie-safe) -> Low/Medium/High
880,67.0,65-74,Male,White,WA,0,0,0,4,4,0,0,0,0,0,0,7,7,7,6,1,Medium,train,outcome_score_v1: score = total_visits + 3*inpatient_visits + drug_eras over 2009-2010; rank-based terciles (tie-safe) -> Low/Medium/High
42,82.0,75-84,Male,White,IL,0,0,0,19,15,1,0,1,0,0,0,20,20,23,39,12,Medium,train,outcome_score_v1: score = total_visits + 3*inpatient_visits + drug_eras over 2009-2010; rank-based terciles (tie-safe) -> Low/Medium/High
102,81.0,75-84,Female,White,MI,0,0,5,55,50,1,1,1,1,1,1,10,8,8,106,41,High,train,outcome_score_v1: score = total_visits + 3*inpatient_visits + drug_eras over 2009-2010; rank-based terciles (tie-safe) -> Low/Medium/High
162,65.0,65-74,Female,White,NE,0,0,0,15,13,0,0,1,0,0,0,34,32,37,41,16,High,production,outcome_score_v1: score = total_visits + 3*inpatient_visits + drug_eras over 2009-2010; rank-based terciles (tie-safe) -> Low/Medium/High
282,77.0,75-84,Male,White,NC,0,0,0,10,10,1,0,1,0,0,0,31,29,30,28,7,High,train,outcome_score_v1: score = total_visits + 3*inpatient_visits + drug_eras over 2009-2010; rank-based terciles (tie-safe) -> Low/Medium/High
342,72.0,65-74,Female,White,FL,0,0,0,27,24,1,0,1,0,0,0,53,51,51,47,19,High,train,outcome_score_v1: score = total_visits + 3*inpatient_visits + drug_eras over 2009-2010; rank-based terciles (tie-safe) -> Low/Medium/High
402,55.0,<65,Female,Others,NY,0,3,9,58,52,1,0,1,1,1,1,31,31,32,134,49,High,production,outcome_score_v1: score = total_visits + 3*inpatient_visits + drug_eras over 2009-2010; rank-based terciles (tie-safe) -> Low/Medium/High
522,68.0,65-74,Male,White,ID,0,0,0,1,1,0,0,0,0,0,0,0,0,0,0,0,Low,train,outcome_score_v1: score = total_visits + 3*inpatient_visits + drug_eras over 2009-2010; rank-based terciles (tie-safe) -> Low/Medium/High
582,75.0,75-84,Male,White,TX,0,0,0,5,4,0,0,0,0,0,0,28,28,31,8,3,Medium,train,outcome_score_v1: score = total_visits + 3*inpatient_visits + drug_eras over 2009-2010; rank-based terciles (tie-safe) -> Low/Medium/High
642,71.0,65-74,Male,White,ND,0,1,8,57,15,1,0,1,1,1,1,52,52,64,122,43,High,train,outcome_score_v1: score = total_visits + 3*inpatient_visits + drug_eras over 2009-2010; rank-based terciles (tie-safe) -> Low/Medium/High
702,66.0,65-74,Female,White,MT,0,0,1,9,7,0,0,0,0,0,0,0,0,0,15,10,Low,production,outcome_score_v1: score = total_visits + 3*inpatient_visits + drug_eras over 2009-2010; rank-based terciles (tie-safe) -> Low/Medium/High
762,94.0,85+,Male,White,NY,0,0,3,18,16,1,0,0,0,1,0,2,1,2,41,17,Medium,train,outcome_score_v1: score = total_visits + 3*inpatient_visits + drug_eras over 2009-2010; rank-based terciles (tie-safe) -> Low/Medium/High
822,47.0,<65,Male,White,WI,0,0,0,3,2,0,0,0,0,0,0,8,8,8,9,0,Low,train,outcome_score_v1: score = total_visits + 3*inpatient_visits + drug_eras over 2009-2010; rank-based terciles (tie-safe) -> Low/Medium/High
43,72.0,65-74,Female,White,WI,0,0,6,16,10,1,0,1,0,0,0,18,18,19,42,24,Medium,production,outcome_score_v1: score = total_visits + 3*inpatient_visits + drug_eras over 2009-2010; rank-based terciles (tie-safe) -> Low/Medium/High
103,89.0,85+,Female,White,NJ,0,5,7,57,51,1,1,1,1,1,1,6,5,6,157,41,Medium,train,outcome_score_v1: score = total_visits + 3*inpatient_visits + drug_eras over 2009-2010; rank-based terciles (tie-safe) -> Low/Medium/High
223,27.0,<65,Male,White,NY,0,0,5,15,14,1,1,1,0,1,0,31,31,32,32,9,High,validation,outcome_score_v1: score = total_visits + 3*inpatient_visits + drug_eras over 2009-2010; rank-based terciles (tie-safe) -> Low/Medium/High
283,66.0,65-74,Female,White,MA,0,0,7,43,36,1,1,1,0,1,1,7,7,7,94,31,Medium,production,outcome_score_v1: score = total_visits + 3*inpatient_visits + drug_eras over 2009-2010; rank-based terciles (tie-safe) -> Low/Medium/High
403,61.0,<65,Male,White,WV,0,0,1,26,17,1,0,1,1,1,0,0,0,0,61,31,Low,train,outcome_score_v1: score = total_visits + 3*inpatient_visits + drug_eras over 2009-2010; rank-based terciles (tie-safe) -> Low/Medium/High
463,73.0,65-74,Female,White,MI,0,0,5,38,33,1,0,1,0,1,0,1,1,1,89,29,Medium,train,outcome_score_v1: score = total_visits + 3*inpatient_visits + drug_eras over 2009-2010; rank-based terciles (tie-safe) -> Low/Medium/High
523,72.0,65-74,Male,White,IL,0,0,0,0,0,0,0,0,0,0,0,17,15,17,0,0,Medium,production,outcome_score_v1: score = total_visits + 3*inpatient_visits + drug_eras over 2009-2010; rank-based terciles (tie-safe) -> Low/Medium/High
583,74.0,65-74,Male,White,CA,0,0,0,3,3,0,0,0,0,0,0,0,0,0,4,1,Low,train,outcome_score_v1: score = total_visits + 3*inpatient_visits + drug_eras over 2009-2010; rank-based terciles (tie-safe) -> Low/Medium/High
643,63.0,<65,Male,White,OH,0,0,14,58,34,1,1,1,1,1,1,59,58,60,137,43,High,train,outcome_score_v1: score = total_visits + 3*inpatient_visits + drug_eras over 2009-2010; rank-based terciles (tie-safe) -> Low/Medium/High
703,67.0,65-74,Female,White,WI,0,0,0,10,5,0,0,0,0,0,0,0,0,0,17,11,Low,train,outcome_score_v1: score = total_visits + 3*inpatient_visits + drug_eras over 2009-2010; rank-based terciles (tie-safe) -> Low/Medium/High
823,66.0,65-74,Male,White,ND,0,0,0,0,0,0,0,0,0,0,0,0,0,0,0,0,Low,test,outcome_score_v1: score = total_visits + 3*inpatient_visits + drug_eras over 2009-2010; rank-based terciles (tie-safe) -> Low/Medium/High
104,68.0,65-74,Female,White,IL,0,0,0,28,25,1,1,1,1,0,1,20,19,23,68,19,High,production,outcome_score_v1: score = total_visits + 3*inpatient_visits + drug_eras over 2009-2010; rank-based terciles (tie-safe) -> Low/Medium/High
164,81.0,75-84,Female,White,NY,0,0,3,16,15,0,0,0,0,1,0,0,0,0,21,12,Low,production,outcome_score_v1: score = total_visits + 3*inpatient_visits + drug_eras over 2009-2010; rank-based terciles (tie-safe) -> Low/Medium/High
224,82.0,75-84,Female,White,AZ,0,0,4,29,22,1,1,0,1,1,0,18,18,21,60,16,Medium,train,outcome_score_v1: score = total_visits + 3*inpatient_visits + drug_eras over 2009-2010; rank-based terciles (tie-safe) -> Low/Medium/High
284,73.0,65-74,Male,White,FL,0,0,0,17,16,0,0,0,1,1,0,2,2,2,36,14,Low,production,outcome_score_v1: score = total_visits + 3*inpatient_visits + drug_eras over 2009-2010; rank-based terciles (tie-safe) -> Low/Medium/High
344,67.0,65-74,Male,White,WY,0,0,0,0,0,0,0,0,0,0,0,0,0,0,0,0,Low,train,outcome_score_v1: score = total_visits + 3*inpatient_visits + drug_eras over 2009-2010; rank-based terciles (tie-safe) -> Low/Medium/High
404,69.0,65-74,Female,White,NH,0,0,0,0,0,0,0,0,0,0,0,0,0,0,0,0,Low,production,outcome_score_v1: score = total_visits + 3*inpatient_visits + drug_eras over 2009-2010; rank-based terciles (tie-safe) -> Low/Medium/High
524,68.0,65-74,Female,White,TN,0,0,0,0,0,0,0,0,0,0,0,0,0,0,0,0,Low,production,outcome_score_v1: score = total_visits + 3*inpatient_visits + drug_eras over 2009-2010; rank-based terciles (tie-safe) -> Low/Medium/High
584,75.0,75-84,Male,White,WA,0,0,1,20,18,0,0,1,0,0,0,13,13,14,35,16,Low,production,outcome_score_v1: score = total_visits + 3*inpatient_visits + drug_eras over 2009-2010; rank-based terciles (tie-safe) -> Low/Medium/High
704,72.0,65-74,Male,White,MS,0,0,0,9,7,0,0,0,0,0,0,0,0,0,21,10,Low,production,outcome_score_v1: score = total_visits + 3*inpatient_visits + drug_eras over 2009-2010; rank-based terciles (tie-safe) -> Low/Medium/High
764,85.0,85+,Male,White,AR,0,0,0,0,0,0,0,0,0,0,0,0,0,0,0,0,Low,production,outcome_score_v1: score = total_visits + 3*inpatient_visits + drug_eras over 2009-2010; rank-based terciles (tie-safe) -> Low/Medium/High
824,89.0,85+,Female,White,CA,0,0,2,16,16,1,0,0,0,0,0,45,42,45,38,15,Medium,train,outcome_score_v1: score = total_visits + 3*inpatient_visits + drug_eras over 2009-2010; rank-based terciles (tie-safe) -> Low/Medium/High
884,72.0,65-74,Female,White,TX,0,0,6,26,21,1,0,1,1,0,0,43,43,48,61,15,High,production,outcome_score_v1: score = total_visits + 3*inpatient_visits + drug_eras over 2009-2010; rank-based terciles (tie-safe) -> Low/Medium/High
45,66.0,65-74,Female,White,NY,0,0,0,1,1,0,0,0,0,0,0,25,25,27,2,1,Medium,production,outcome_score_v1: score = total_visits + 3*inpatient_visits + drug_eras over 2009-2010; rank-based terciles (tie-safe) -> Low/Medium/High
105,72.0,65-74,Female,White,CA,0,0,1,21,19,1,0,0,0,0,0,0,0,0,51,17,Medium,train,outcome_score_v1: score = total_visits + 3*inpatient_visits + drug_eras over 2009-2010; rank-based terciles (tie-safe) -> Low/Medium/High
165,39.0,<65,Male,White,NH,0,0,1,1,1,0,1,0,0,0,0,0,0,0,2,1,Low,production,outcome_score_v1: score = total_visits + 3*inpatient_visits + drug_eras over 2009-2010; rank-based terciles (tie-safe) -> Low/Medium/High
225,64.0,<65,Female,Black,IL,0,0,2,12,12,0,0,1,0,0,0,34,33,38,30,12,Medium,production,outcome_score_v1: score = total_visits + 3*inpatient_visits + drug_eras over 2009-2010; rank-based terciles (tie-safe) -> Low/Medium/High
285,78.0,75-84,Female,White,MS,0,0,3,31,22,1,0,1,0,1,0,7,6,6,67,24,Medium,test,outcome_score_v1: score = total_visits + 3*inpatient_visits + drug_eras over 2009-2010; rank-based terciles (tie-safe) -> Low/Medium/High
345,67.0,65-74,Female,White,NC,0,0,1,10,9,1,0,0,0,0,0,7,7,7,23,11,Medium,test,outcome_score_v1: score = total_visits + 3*inpatient_visits + drug_eras over 2009-2010; rank-based terciles (tie-safe) -> Low/Medium/High
405,73.0,65-74,Male,White,MD,0,0,0,33,29,1,1,1,0,0,0,2,2,2,80,25,Medium,production,outcome_score_v1: score = total_visits + 3*inpatient_visits + drug_eras over 2009-2010; rank-based terciles (tie-safe) -> Low/Medium/High
465,65.0,65-74,Female,White,UT,0,0,5,14,9,1,0,0,0,0,0,21,21,25,31,12,High,test,outcome_score_v1: score = total_visits + 3*inpatient_visits + drug_eras over 2009-2010; rank-based terciles (tie-safe) -> Low/Medium/High
525,68.0,65-74,Male,White,NM,0,0,7,31,15,1,1,1,0,0,1,32,31,32,63,21,High,production,outcome_score_v1: score = total_visits + 3*inpatient_visits + drug_eras over 2009-2010; rank-based terciles (tie-safe) -> Low/Medium/High
585,69.0,65-74,Male,White,WI,0,0,0,0,0,0,0,0,0,0,0,0,0,0,0,0,Low,train,outcome_score_v1: score = total_visits + 3*inpatient_visits + drug_eras over 2009-2010; rank-based terciles (tie-safe) -> Low/Medium/High
705,65.0,65-74,Female,White,TN,0,0,0,0,0,0,0,0,0,0,0,24,22,23,0,0,Medium,production,outcome_score_v1: score = total_visits + 3*inpatient_visits + drug_eras over 2009-2010; rank-based terciles (tie-safe) -> Low/Medium/High
765,69.0,65-74,Male,White,LA,0,0,1,13,12,1,0,0,0,0,0,39,38,46,29,16,High,train,outcome_score_v1: score = total_visits + 3*inpatient_visits + drug_eras over 2009-2010; rank-based terciles (tie-safe) -> Low/Medium/High
48,82.0,75-84,Female,Black,FL,0,0,0,0,0,0,0,0,0,0,0,0,0,0,0,0,Low,production,outcome_score_v1: score = total_visits + 3*inpatient_visits + drug_eras over 2009-2010; rank-based terciles (tie-safe) -> Low/Medium/High
168,79.0,75-84,Male,White,IL,0,0,1,38,20,0,1,0,1,1,0,28,28,33,71,27,High,train,outcome_score_v1: score = total_visits + 3*inpatient_visits + drug_eras over 2009-2010; rank-based terciles (tie-safe) -> Low/Medium/High
228,82.0,75-84,Male,White,WI,0,0,0,0,0,0,0,0,0,0,0,0,0,0,0,0,Low,production,outcome_score_v1: score = total_visits + 3*inpatient_visits + drug_eras over 2009-2010; rank-based terciles (tie-safe) -> Low/Medium/High
288,70.0,65-74,Female,White,FL,0,2,5,27,24,1,1,1,1,0,1,35,34,37,67,20,High,production,outcome_score_v1: score = total_visits + 3*inpatient_visits + drug_eras over 2009-2010; rank-based terciles (tie-safe) -> Low/Medium/High
348,77.0,75-84,Male,Black,FL,0,0,0,0,0,0,0,0,0,0,0,32,32,31,0,0,Medium,production,outcome_score_v1: score = total_visits + 3*inpatient_visits + drug_eras over 2009-2010; rank-based terciles (tie-safe) -> Low/Medium/High
468,48.0,<65,Female,White,MI,0,0,1,24,22,0,0,0,0,1,1,5,5,6,51,26,Medium,test,outcome_score_v1: score = total_visits + 3*inpatient_visits + drug_eras over 2009-2010; rank-based terciles (tie-safe) -> Low/Medium/High
528,86.0,85+,Female,White,MA,0,0,0,31,27,0,1,0,0,0,0,29,29,27,49,21,High,production,outcome_score_v1: score = total_visits + 3*inpatient_visits + drug_eras over 2009-2010; rank-based terciles (tie-safe) -> Low/Medium/High
588,81.0,75-84,Male,White,CA,0,0,1,14,13,1,0,0,0,0,0,0,0,0,31,9,Medium,production,outcome_score_v1: score = total_visits + 3*inpatient_visits + drug_eras over 2009-2010; rank-based terciles (tie-safe) -> Low/Medium/High
708,45.0,<65,Female,White,MI,0,0,3,9,8,0,0,0,0,0,1,41,38,37,22,10,Medium,train,outcome_score_v1: score = total_visits + 3*inpatient_visits + drug_eras over 2009-2010; rank-based terciles (tie-safe) -> Low/Medium/High
768,88.0,85+,Male,White,MI,0,0,4,15,11,1,0,0,0,1,0,0,0,0,36,13,Medium,train,outcome_score_v1: score = total_visits + 3*inpatient_visits + drug_eras over 2009-2010; rank-based terciles (tie-safe) -> Low/Medium/High
828,65.0,65-74,Male,White,TX,0,0,4,15,14,1,0,1,0,1,0,22,22,22,35,8,High,production,outcome_score_v1: score = total_visits + 3*inpatient_visits + drug_eras over 2009-2010; rank-based terciles (tie-safe) -> Low/Medium/High
888,80.0,75-84,Male,White,NC,0,1,3,34,22,1,1,1,1,0,0,26,25,32,81,23,High,production,outcome_score_v1: score = total_visits + 3*inpatient_visits + drug_eras over 2009-2010; rank-based terciles (tie-safe) -> Low/Medium/High
1008,65.0,65-74,Female,White,NY,0,0,0,0,0,0,0,0,0,0,0,34,34,36,0,0,Medium,test,outcome_score_v1: score = total_visits + 3*inpatient_visits + drug_eras over 2009-2010; rank-based terciles (tie-safe) -> Low/Medium/High
1068,85.0,85+,Male,White,TN,0,0,0,16,16,1,1,1,1,0,0,67,64,67,40,13,High,validation,outcome_score_v1: score = total_visits + 3*inpatient_visits + drug_eras over 2009-2010; rank-based terciles (tie-safe) -> Low/Medium/High
1128,59.0,<65,Female,White,NJ,0,0,0,19,19,1,1,1,0,0,1,42,41,42,51,23,High,production,outcome_score_v1: score = total_visits + 3*inpatient_visits + drug_eras over 2009-2010; rank-based terciles (tie-safe) -> Low/Medium/High
46,86.0,85+,Male,Black,MI,0,0,6,9,5,0,0,0,0,0,0,31,30,31,19,8,Medium,production,outcome_score_v1: score = total_visits + 3*inpatient_visits + drug_eras over 2009-2010; rank-based terciles (tie-safe) -> Low/Medium/High
106,88.0,85+,Male,White,CT,0,0,9,40,31,1,0,1,0,1,0,9,9,11,89,36,Medium,production,outcome_score_v1: score = total_visits + 3*inpatient_visits + drug_eras over 2009-2010; rank-based terciles (tie-safe) -> Low/Medium/High
286,27.0,<65,Male,White,MD,0,0,11,51,43,1,0,1,1,0,0,41,39,43,104,41,High,train,outcome_score_v1: score = total_visits + 3*inpatient_visits + drug_eras over 2009-2010; rank-based terciles (tie-safe) -> Low/Medium/High
406,70.0,65-74,Female,White,OK,0,0,4,25,20,1,1,1,1,0,0,16,16,19,55,23,Medium,production,outcome_score_v1: score = total_visits + 3*inpatient_visits + drug_eras over 2009-2010; rank-based terciles (tie-safe) -> Low/Medium/High
466,68.0,65-74,Female,White,CA,0,3,3,52,35,1,1,1,1,1,1,58,55,62,139,38,High,train,outcome_score_v1: score = total_visits + 3*inpatient_visits + drug_eras over 2009-2010; rank-based terciles (tie-safe) -> Low/Medium/High
586,69.0,65-74,Male,White,OH,0,0,0,24,18,1,1,1,1,0,0,2,2,2,67,18,Medium,validation,outcome_score_v1: score = total_visits + 3*inpatient_visits + drug_eras over 2009-2010; rank-based terciles (tie-safe) -> Low/Medium/High
49,76.0,75-84,Male,White,TX,0,2,4,31,18,1,1,1,0,1,1,45,43,47,81,23,High,train,outcome_score_v1: score = total_visits + 3*inpatient_visits + drug_eras over 2009-2010; rank-based terciles (tie-safe) -> Low/Medium/High
109,73.0,65-74,Female,White,CA,0,1,0,13,13,1,1,1,1,1,0,0,0,0,32,10,Low,train,outcome_score_v1: score = total_visits + 3*inpatient_visits + drug_eras over 2009-2010; rank-based terciles (tie-safe) -> Low/Medium/High
169,69.0,65-74,Male,White,IN,0,0,5,20,16,1,0,1,0,1,0,1,1,1,52,19,Medium,train,outcome_score_v1: score = total_visits + 3*inpatient_visits + drug_eras over 2009-2010; rank-based terciles (tie-safe) -> Low/Medium/High
229,55.0,<65,Male,White,MI,0,0,4,25,20,1,1,1,0,0,1,4,4,6,63,23,Medium,test,outcome_score_v1: score = total_visits + 3*inpatient_visits + drug_eras over 2009-2010; rank-based terciles (tie-safe) -> Low/Medium/High
289,92.0,85+,Female,White,ND,0,0,4,39,19,1,1,0,1,1,0,27,26,30,89,24,High,production,outcome_score_v1: score = total_visits + 3*inpatient_visits + drug_eras over 2009-2010; rank-based terciles (tie-safe) -> Low/Medium/High
349,79.0,75-84,Female,White,NY,0,0,7,48,34,1,0,1,0,1,0,4,4,4,106,37,High,train,outcome_score_v1: score = total_visits + 3*inpatient_visits + drug_eras over 2009-2010; rank-based terciles (tie-safe) -> Low/Medium/High
409,84.0,75-84,Female,White,PA,0,0,2,10,8,0,1,0,0,0,0,5,5,5,23,9,Medium,train,outcome_score_v1: score = total_visits + 3*inpatient_visits + drug_eras over 2009-2010; rank-based terciles (tie-safe) -> Low/Medium/High
469,67.0,65-74,Male,White,OK,0,0,0,0,0,0,0,0,0,0,0,0,0,0,0,0,Low,production,outcome_score_v1: score = total_visits + 3*inpatient_visits + drug_eras over 2009-2010; rank-based terciles (tie-safe) -> Low/Medium/High
529,66.0,65-74,Male,White,NY,0,0,0,3,3,0,0,0,0,0,0,60,58,66,9,3,High,production,outcome_score_v1: score = total_visits + 3*inpatient_visits + drug_eras over 2009-2010; rank-based terciles (tie-safe) -> Low/Medium/High
47,73.0,65-74,Male,White,FL,0,0,2,19,15,1,0,0,1,1,0,1,1,1,39,14,Medium,production,outcome_score_v1: score = total_visits + 3*inpatient_visits + drug_eras over 2009-2010; rank-based terciles (tie-safe) -> Low/Medium/High
107,58.0,<65,Male,White,SD,0,0,0,0,0,0,0,0,0,0,0,0,0,0,0,0,Low,train,outcome_score_v1: score = total_visits + 3*inpatient_visits + drug_eras over 2009-2010; rank-based terciles (tie-safe) -> Low/Medium/High
167,65.0,65-74,Male,White,CA,0,0,12,48,41,1,1,1,0,0,0,73,72,77,85,42,High,production,outcome_score_v1: score = total_visits + 3*inpatient_visits + drug_eras over 2009-2010; rank-based terciles (tie-safe) -> Low/Medium/High
227,81.0,75-84,Male,Hispanic,MI,0,1,9,28,24,1,1,1,1,1,1,3,3,3,76,19,Medium,production,outcome_score_v1: score = total_visits + 3*inpatient_visits + drug_eras over 2009-2010; rank-based terciles (tie-safe) -> Low/Medium/High
287,76.0,75-84,Male,White,PA,0,0,2,25,19,1,0,1,1,0,1,1,1,1,63,23,Medium,production,outcome_score_v1: score = total_visits + 3*inpatient_visits + drug_eras over 2009-2010; rank-based terciles (tie-safe) -> Low/Medium/High
347,76.0,75-84,Male,White,NM,0,0,8,51,30,1,1,1,0,1,0,38,37,39,124,46,High,test,outcome_score_v1: score = total_visits + 3*inpatient_visits + drug_eras over 2009-2010; rank-based terciles (tie-safe) -> Low/Medium/High
407,57.0,<65,Female,White,MI,0,0,0,20,19,1,0,1,1,1,0,12,12,12,50,19,High,validation,outcome_score_v1: score = total_visits + 3*inpatient_visits + drug_eras over 2009-2010; rank-based terciles (tie-safe) -> Low/Medium/High
527,73.0,65-74,Female,White,KY,0,0,0,22,16,1,1,0,0,1,1,1,1,1,46,19,Medium,production,outcome_score_v1: score = total_visits + 3*inpatient_visits + drug_eras over 2009-2010; rank-based terciles (tie-safe) -> Low/Medium/High
587,79.0,75-84,Female,White,WA,0,0,0,3,3,0,0,0,0,0,0,4,4,4,9,2,Low,validation,outcome_score_v1: score = total_visits + 3*inpatient_visits + drug_eras over 2009-2010; rank-based terciles (tie-safe) -> Low/Medium/High
647,79.0,75-84,Female,White,MN,0,0,5,27,17,1,0,1,1,1,1,14,14,15,65,24,Medium,production,outcome_score_v1: score = total_visits + 3*inpatient_visits + drug_eras over 2009-2010; rank-based terciles (tie-safe) -> Low/Medium/High
707,73.0,65-74,Female,White,MS,0,0,0,0,0,0,0,0,0,0,0,0,0,0,0,0,Low,validation,outcome_score_v1: score = total_visits + 3*inpatient_visits + drug_eras over 2009-2010; rank-based terciles (tie-safe) -> Low/Medium/High
767,65.0,65-74,Female,White,FL,0,2,5,33,26,0,1,1,0,1,1,42,42,44,67,26,High,train,outcome_score_v1: score = total_visits + 3*inpatient_visits + drug_eras over 2009-2010; rank-based terciles (tie-safe) -> Low/Medium/High
827,66.0,65-74,Male,Others,CA,0,1,4,48,43,1,1,1,0,1,0,20,18,18,108,45,High,train,outcome_score_v1: score = total_visits + 3*inpatient_visits + drug_eras over 2009-2010; rank-based terciles (tie-safe) -> Low/Medium/High
887,88.0,85+,Female,Black,GA,0,1,8,30,17,1,1,1,1,0,1,38,38,41,73,20,High,production,outcome_score_v1: score = total_visits + 3*inpatient_visits + drug_eras over 2009-2010; rank-based terciles (tie-safe) -> Low/Medium/High
947,75.0,75-84,Male,White,FL,0,0,0,31,28,1,1,0,1,1,1,3,3,3,82,30,Medium,train,outcome_score_v1: score = total_visits + 3*inpatient_visits + drug_eras over 2009-2010; rank-based terciles (tie-safe) -> Low/Medium/High
1007,73.0,65-74,Female,White,TX,0,0,0,0,0,0,0,0,0,0,0,18,18,20,0,0,Medium,production,outcome_score_v1: score = total_visits + 3*inpatient_visits + drug_eras over 2009-2010; rank-based terciles (tie-safe) -> Low/Medium/High
1067,84.0,75-84,Female,White,NY,0,4,4,19,16,1,1,1,1,1,1,31,30,32,57,15,Medium,production,outcome_score_v1: score = total_visits + 3*inpatient_visits + drug_eras over 2009-2010; rank-based terciles (tie-safe) -> Low/Medium/High
1127,75.0,75-84,Female,Others,NM,0,0,3,25,19,1,0,1,0,1,0,16,16,19,54,25,High,production,outcome_score_v1: score = total_visits + 3*inpatient_visits + drug_eras over 2009-2010; rank-based terciles (tie-safe) -> Low/Medium/High
1247,57.0,<65,Male,White,PA,0,0,1,12,10,1,0,1,0,0,0,1,1,1,29,9,Low,train,outcome_score_v1: score = total_visits + 3*inpatient_visits + drug_eras over 2009-2010; rank-based terciles (tie-safe) -> Low/Medium/High
52,59.0,<65,Male,White,MS,0,1,2,15,14,1,0,1,1,0,1,30,29,33,38,16,High,production,outcome_score_v1: score = total_visits + 3*inpatient_visits + drug_eras over 2009-2010; rank-based terciles (tie-safe) -> Low/Medium/High
112,62.0,<65,Female,White,FL,0,0,0,0,0,0,0,0,0,0,0,30,29,28,0,0,Low,production,outcome_score_v1: score = total_visits + 3*inpatient_visits + drug_eras over 2009-2010; rank-based terciles (tie-safe) -> Low/Medium/High
172,73.0,65-74,Female,White,CA,0,0,4,13,11,0,0,0,1,0,0,25,25,28,19,8,High,train,outcome_score_v1: score = total_visits + 3*inpatient_visits + drug_eras over 2009-2010; rank-based terciles (tie-safe) -> Low/Medium/High
232,65.0,65-74,Male,Others,MD,0,0,0,3,3,0,0,0,0,0,0,2,2,2,6,1,Low,production,outcome_score_v1: score = total_visits + 3*inpatient_visits + drug_eras over 2009-2010; rank-based terciles (tie-safe) -> Low/Medium/High
292,47.0,<65,Female,Black,IN,0,0,2,13,12,1,0,0,0,0,0,39,39,39,31,10,Medium,train,outcome_score_v1: score = total_visits + 3*inpatient_visits + drug_eras over 2009-2010; rank-based terciles (tie-safe) -> Low/Medium/High
352,80.0,75-84,Male,Black,LA,0,0,0,0,0,0,0,0,0,0,0,20,20,29,0,0,Medium,train,outcome_score_v1: score = total_visits + 3*inpatient_visits + drug_eras over 2009-2010; rank-based terciles (tie-safe) -> Low/Medium/High
412,94.0,85+,Female,Hispanic,Missing,0,4,6,57,56,1,1,1,1,1,1,3,3,3,128,40,High,train,outcome_score_v1: score = total_visits + 3*inpatient_visits + drug_eras over 2009-2010; rank-based terciles (tie-safe) -> Low/Medium/High
472,69.0,65-74,Female,White,CA,0,0,0,33,26,1,1,1,1,0,1,60,60,63,69,18,High,train,outcome_score_v1: score = total_visits + 3*inpatient_visits + drug_eras over 2009-2010; rank-based terciles (tie-safe) -> Low/Medium/High
532,83.0,75-84,Female,White,TX,0,0,0,2,2,1,0,0,1,0,0,43,41,45,8,3,Medium,production,outcome_score_v1: score = total_visits + 3*inpatient_visits + drug_eras over 2009-2010; rank-based terciles (tie-safe) -> Low/Medium/High
592,87.0,85+,Female,White,KS,0,0,0,29,28,0,1,1,0,1,1,4,4,4,68,19,Medium,validation,outcome_score_v1: score = total_visits + 3*inpatient_visits + drug_eras over 2009-2010; rank-based terciles (tie-safe) -> Low/Medium/High
652,69.0,65-74,Female,White,SC,0,0,3,14,12,1,0,0,0,0,0,0,0,0,21,15,Medium,production,outcome_score_v1: score = total_visits + 3*inpatient_visits + drug_eras over 2009-2010; rank-based terciles (tie-safe) -> Low/Medium/High
712,27.0,<65,Male,White,MI,0,0,0,7,7,0,0,0,0,0,0,0,0,0,13,6,Low,test,outcome_score_v1: score = total_visits + 3*inpatient_visits + drug_eras over 2009-2010; rank-based terciles (tie-safe) -> Low/Medium/High
53,66.0,65-74,Female,White,AR,0,0,5,31,22,1,1,1,0,1,0,38,38,41,64,34,High,train,outcome_score_v1: score = total_visits + 3*inpatient_visits + drug_eras over 2009-2010; rank-based terciles (tie-safe) -> Low/Medium/High
113,49.0,<65,Male,White,AL,0,0,0,0,0,0,0,0,0,0,0,20,18,21,0,0,Low,validation,outcome_score_v1: score = total_visits + 3*inpatient_visits + drug_eras over 2009-2010; rank-based terciles (tie-safe) -> Low/Medium/High
173,79.0,75-84,Female,White,OH,0,0,1,1,1,0,0,0,0,0,0,5,5,5,1,1,Low,train,outcome_score_v1: score = total_visits + 3*inpatient_visits + drug_eras over 2009-2010; rank-based terciles (tie-safe) -> Low/Medium/High
233,50.0,<65,Male,White,WV,0,0,3,10,8,0,0,0,0,0,1,18,18,21,17,10,Medium,train,outcome_score_v1: score = total_visits + 3*inpatient_visits + drug_eras over 2009-2010; rank-based terciles (tie-safe) -> Low/Medium/High
293,68.0,65-74,Female,Black,CA,0,0,0,0,0,0,0,0,0,0,0,19,18,20,0,0,Medium,train,outcome_score_v1: score = total_visits + 3*inpatient_visits + drug_eras over 2009-2010; rank-based terciles (tie-safe) -> Low/Medium/High
353,73.0,65-74,Female,White,OH,0,0,0,2,2,0,0,0,0,0,0,0,0,0,7,1,Low,production,outcome_score_v1: score = total_visits + 3*inpatient_visits + drug_eras over 2009-2010; rank-based terciles (tie-safe) -> Low/Medium/High
413,74.0,65-74,Male,White,NY,0,2,7,37,35,1,1,1,1,1,0,3,3,3,90,26,Medium,production,outcome_score_v1: score = total_visits + 3*inpatient_visits + drug_eras over 2009-2010; rank-based terciles (tie-safe) -> Low/Medium/High
473,71.0,65-74,Male,Black,MO,0,0,2,21,19,1,0,0,0,0,0,2,2,2,39,20,Medium,train,outcome_score_v1: score = total_visits + 3*inpatient_visits + drug_eras over 2009-2010; rank-based terciles (tie-safe) -> Low/Medium/High
533,66.0,65-74,Female,White,NY,0,0,0,8,8,0,0,0,1,0,0,17,17,18,18,7,Medium,train,outcome_score_v1: score = total_visits + 3*inpatient_visits + drug_eras over 2009-2010; rank-based terciles (tie-safe) -> Low/Medium/High
593,66.0,65-74,Male,White,IA,0,0,0,0,0,0,0,0,0,0,0,7,7,7,0,0,Medium,production,outcome_score_v1: score = total_visits + 3*inpatient_visits + drug_eras over 2009-2010; rank-based terciles (tie-safe) -> Low/Medium/High
653,76.0,75-84,Male,White,OR,0,0,0,0,0,0,0,0,0,0,0,0,0,0,0,0,Low,train,outcome_score_v1: score = total_visits + 3*inpatient_visits + drug_eras over 2009-2010; rank-based terciles (tie-safe) -> Low/Medium/High
773,83.0,75-84,Female,White,TN,0,0,0,22,18,0,0,0,0,0,0,2,2,4,50,32,Medium,production,outcome_score_v1: score = total_visits + 3*inpatient_visits + drug_eras over 2009-2010; rank-based terciles (tie-safe) -> Low/Medium/High
833,83.0,75-84,Female,White,TX,0,0,1,25,21,1,1,1,0,1,0,28,27,29,61,20,Medium,test,outcome_score_v1: score = total_visits + 3*inpatient_visits + drug_eras over 2009-2010; rank-based terciles (tie-safe) -> Low/Medium/High
893,70.0,65-74,Male,White,CA,0,0,0,0,0,0,0,0,0,0,0,0,0,0,0,0,Low,production,outcome_score_v1: score = total_visits + 3*inpatient_visits + drug_eras over 2009-2010; rank-based terciles (tie-safe) -> Low/Medium/High
50,76.0,75-84,Male,Others,HI,0,0,2,14,11,1,0,0,0,0,0,0,0,0,33,12,Low,production,outcome_score_v1: score = total_visits + 3*inpatient_visits + drug_eras over 2009-2010; rank-based terciles (tie-safe) -> Low/Medium/High
110,69.0,65-74,Female,White,TN,0,0,6,34,26,1,1,1,1,0,1,4,4,4,78,37,High,production,outcome_score_v1: score = total_visits + 3*inpatient_visits + drug_eras over 2009-2010; rank-based terciles (tie-safe) -> Low/Medium/High
230,69.0,65-74,Male,White,FL,0,0,0,6,6,0,0,1,0,0,0,0,0,0,22,6,Low,train,outcome_score_v1: score = total_visits + 3*inpatient_visits + drug_eras over 2009-2010; rank-based terciles (tie-safe) -> Low/Medium/High
350,81.0,75-84,Female,White,WI,0,0,0,3,2,0,0,0,0,0,0,43,43,45,8,3,High,train,outcome_score_v1: score = total_visits + 3*inpatient_visits + drug_eras over 2009-2010; rank-based terciles (tie-safe) -> Low/Medium/High
410,85.0,85+,Female,White,TX,0,0,0,19,17,1,0,1,1,1,0,2,2,2,54,19,Medium,train,outcome_score_v1: score = total_visits + 3*inpatient_visits + drug_eras over 2009-2010; rank-based terciles (tie-safe) -> Low/Medium/High
470,69.0,65-74,Male,White,PA,0,0,0,0,0,0,0,0,0,0,0,28,27,28,0,0,Low,validation,outcome_score_v1: score = total_visits + 3*inpatient_visits + drug_eras over 2009-2010; rank-based terciles (tie-safe) -> Low/Medium/High
530,48.0,<65,Male,Black,CA,0,0,13,31,25,1,0,1,0,1,0,101,96,99,62,23,High,train,outcome_score_v1: score = total_visits + 3*inpatient_visits + drug_eras over 2009-2010; rank-based terciles (tie-safe) -> Low/Medium/High
590,67.0,65-74,Male,Black,LA,0,0,1,8,8,1,0,1,0,0,0,42,41,49,17,5,High,train,outcome_score_v1: score = total_visits + 3*inpatient_visits + drug_eras over 2009-2010; rank-based terciles (tie-safe) -> Low/Medium/High
650,61.0,<65,Female,White,IN,0,0,8,32,19,1,1,1,0,1,0,17,17,18,69,24,High,production,outcome_score_v1: score = total_visits + 3*inpatient_visits + drug_eras over 2009-2010; rank-based terciles (tie-safe) -> Low/Medium/High
710,77.0,75-84,Female,White,PA,0,0,0,0,0,0,0,0,0,0,0,18,18,20,0,0,Medium,train,outcome_score_v1: score = total_visits + 3*inpatient_visits + drug_eras over 2009-2010; rank-based terciles (tie-safe) -> Low/Medium/High
51,67.0,65-74,Male,White,TX,0,0,0,3,3,1,0,0,1,0,0,34,33,36,10,3,Medium,production,outcome_score_v1: score = total_visits + 3*inpatient_visits + drug_eras over 2009-2010; rank-based terciles (tie-safe) -> Low/Medium/High
111,82.0,75-84,Male,White,CA,0,0,1,20,17,1,0,1,0,0,0,2,2,1,38,17,Medium,validation,outcome_score_v1: score = total_visits + 3*inpatient_visits + drug_eras over 2009-2010; rank-based terciles (tie-safe) -> Low/Medium/High
171,86.0,85+,Male,Others,CA,0,2,9,43,36,1,1,1,1,1,1,30,29,30,102,41,High,validation,outcome_score_v1: score = total_visits + 3*inpatient_visits + drug_eras over 2009-2010; rank-based terciles (tie-safe) -> Low/Medium/High
291,73.0,65-74,Female,White,TN,0,0,0,5,5,0,0,0,0,0,0,10,10,10,6,3,Low,train,outcome_score_v1: score = total_visits + 3*inpatient_visits + drug_eras over 2009-2010; rank-based terciles (tie-safe) -> Low/Medium/High
411,76.0,75-84,Male,White,CA,0,0,4,18,16,1,0,1,1,0,0,0,0,0,36,13,Medium,train,outcome_score_v1: score = total_visits + 3*inpatient_visits + drug_eras over 2009-2010; rank-based terciles (tie-safe) -> Low/Medium/High
471,72.0,65-74,Male,White,MO,0,1,5,31,21,1,0,1,1,0,0,1,1,1,68,22,Medium,train,outcome_score_v1: score = total_visits + 3*inpatient_visits + drug_eras over 2009-2010; rank-based terciles (tie-safe) -> Low/Medium/High
531,73.0,65-74,Male,White,MD,0,0,4,23,16,1,0,1,0,0,0,0,0,0,49,18,Medium,train,outcome_score_v1: score = total_visits + 3*inpatient_visits + drug_eras over 2009-2010; rank-based terciles (tie-safe) -> Low/Medium/High
591,68.0,65-74,Male,White,CA,0,0,0,3,3,0,0,0,0,1,0,25,25,28,6,6,Medium,test,outcome_score_v1: score = total_visits + 3*inpatient_visits + drug_eras over 2009-2010; rank-based terciles (tie-safe) -> Low/Medium/High
651,87.0,85+,Female,White,CA,0,0,3,12,11,1,0,1,0,0,0,57,55,62,27,12,High,production,outcome_score_v1: score = total_visits + 3*inpatient_visits + drug_eras over 2009-2010; rank-based terciles (tie-safe) -> Low/Medium/High
711,66.0,65-74,Male,White,OR,0,0,0,0,0,0,0,0,0,0,0,0,0,0,0,0,Low,test,outcome_score_v1: score = total_visits + 3*inpatient_visits + drug_eras over 2009-2010; rank-based terciles (tie-safe) -> Low/Medium/High
771,73.0,65-74,Female,White,FL,0,0,0,10,9,0,0,0,0,0,0,0,0,0,22,11,Low,production,outcome_score_v1: score = total_visits + 3*inpatient_visits + drug_eras over 2009-2010; rank-based terciles (tie-safe) -> Low/Medium/High
831,61.0,<65,Male,White,OK,0,0,1,9,9,1,0,0,0,0,0,0,0,0,17,7,Low,train,outcome_score_v1: score = total_visits + 3*inpatient_visits + drug_eras over 2009-2010; rank-based terciles (tie-safe) -> Low/Medium/High
891,66.0,65-74,Male,White,AR,0,3,0,19,14,1,0,0,0,0,1,0,0,0,53,18,Medium,train,outcome_score_v1: score = total_visits + 3*inpatient_visits + drug_eras over 2009-2010; rank-based terciles (tie-safe) -> Low/Medium/High
1071,85.0,85+,Female,White,MI,0,0,1,50,43,1,0,1,1,1,1,6,5,7,123,45,Medium,production,outcome_score_v1: score = total_visits + 3*inpatient_visits + drug_eras over 2009-2010; rank-based terciles (tie-safe) -> Low/Medium/High
1131,77.0,75-84,Male,White,PA,0,0,0,0,0,0,0,0,0,0,0,12,12,16,0,0,Low,train,outcome_score_v1: score = total_visits + 3*inpatient_visits + drug_eras over 2009-2010; rank-based terciles (tie-safe) -> Low/Medium/High
54,81.0,75-84,Female,White,CA,0,0,11,48,40,1,1,1,0,1,0,15,15,19,100,31,High,production,outcome_score_v1: score = total_visits + 3*inpatient_visits + drug_eras over 2009-2010; rank-based terciles (tie-safe) -> Low/Medium/High
114,63.0,<65,Male,White,CA,0,0,0,0,0,0,0,0,0,0,0,2,2,2,0,0,Medium,train,outcome_score_v1: score = total_visits + 3*inpatient_visits + drug_eras over 2009-2010; rank-based terciles (tie-safe) -> Low/Medium/High
174,77.0,75-84,Female,White,PA,0,0,2,50,40,1,1,1,1,0,1,62,58,65,114,46,High,production,outcome_score_v1: score = total_visits + 3*inpatient_visits + drug_eras over 2009-2010; rank-based terciles (tie-safe) -> Low/Medium/High
234,82.0,75-84,Female,White,CA,0,0,0,0,0,0,0,0,0,0,0,13,12,15,0,0,Low,train,outcome_score_v1: score = total_visits + 3*inpatient_visits + drug_eras over 2009-2010; rank-based terciles (tie-safe) -> Low/Medium/High
294,73.0,65-74,Male,White,WI,0,0,6,23,16,1,0,0,1,1,0,1,1,1,36,16,Low,train,outcome_score_v1: score = total_visits + 3*inpatient_visits + drug_eras over 2009-2010; rank-based terciles (tie-safe) -> Low/Medium/High
354,88.0,85+,Female,Black,PA,0,0,3,17,15,1,0,0,0,0,0,2,2,2,45,25,Low,train,outcome_score_v1: score = total_visits + 3*inpatient_visits + drug_eras over 2009-2010; rank-based terciles (tie-safe) -> Low/Medium/High
414,79.0,75-84,Male,White,VT,0,0,1,34,19,1,1,0,1,1,0,0,0,0,57,19,Medium,test,outcome_score_v1: score = total_visits + 3*inpatient_visits + drug_eras over 2009-2010; rank-based terciles (tie-safe) -> Low/Medium/High
474,75.0,75-84,Male,White,IL,0,1,1,17,13,0,1,0,0,0,0,24,24,26,27,14,Medium,train,outcome_score_v1: score = total_visits + 3*inpatient_visits + drug_eras over 2009-2010; rank-based terciles (tie-safe) -> Low/Medium/High
534,79.0,75-84,Female,White,IL,0,0,0,17,16,1,0,0,0,1,0,25,24,27,37,18,Medium,train,outcome_score_v1: score = total_visits + 3*inpatient_visits + drug_eras over 2009-2010; rank-based terciles (tie-safe) -> Low/Medium/High
594,70.0,65-74,Female,White,SD,0,0,0,0,0,0,0,0,0,0,0,60,58,58,0,0,Medium,production,outcome_score_v1: score = total_visits + 3*inpatient_visits + drug_eras over 2009-2010; rank-based terciles (tie-safe) -> Low/Medium/High
654,80.0,75-84,Female,White,ME,0,0,0,0,0,0,0,0,0,0,0,0,0,0,0,0,Low,train,outcome_score_v1: score = total_visits + 3*inpatient_visits + drug_eras over 2009-2010; rank-based terciles (tie-safe) -> Low/Medium/High
714,67.0,65-74,Female,White,WA,0,0,1,28,16,1,0,1,1,0,0,2,2,2,58,28,Medium,train,outcome_score_v1: score = total_visits + 3*inpatient_visits + drug_eras over 2009-2010; rank-based terciles (tie-safe) -> Low/Medium/High
774,83.0,75-84,Female,White,TN,0,0,7,28,24,1,0,1,1,1,0,0,0,0,54,20,Low,production,outcome_score_v1: score = total_visits + 3*inpatient_visits + drug_eras over 2009-2010; rank-based terciles (tie-safe) -> Low/Medium/High
834,42.0,<65,Male,Others,CA,0,0,4,12,11,0,0,1,0,0,0,48,48,49,30,8,High,production,outcome_score_v1: score = total_visits + 3*inpatient_visits + drug_eras over 2009-2010; rank-based terciles (tie-safe) -> Low/Medium/High
894,66.0,65-74,Male,White,CA,0,0,7,28,18,1,1,1,1,0,1,56,55,56,67,31,High,validation,outcome_score_v1: score = total_visits + 3*inpatient_visits + drug_eras over 2009-2010; rank-based terciles (tie-safe) -> Low/Medium/High
954,79.0,75-84,Male,White,CA,0,0,2,11,11,0,1,0,0,0,0,32,31,36,22,8,High,train,outcome_score_v1: score = total_visits + 3*inpatient_visits + drug_eras over 2009-2010; rank-based terciles (tie-safe) -> Low/Medium/High
1014,73.0,65-74,Female,White,IN,0,0,11,43,30,1,1,1,1,1,1,49,48,51,91,45,High,train,outcome_score_v1: score = total_visits + 3*inpatient_visits + drug_eras over 2009-2010; rank-based terciles (tie-safe) -> Low/Medium/High
1074,70.0,65-74,Male,White,FL,0,3,7,50,45,1,0,1,1,1,1,0,0,0,121,40,High,train,outcome_score_v1: score = total_visits + 3*inpatient_visits + drug_eras over 2009-2010; rank-based terciles (tie-safe) -> Low/Medium/High
1194,69.0,65-74,Female,Black,NY,0,0,0,0,0,0,0,0,0,0,0,24,24,24,0,0,Medium,train,outcome_score_v1: score = total_visits + 3*inpatient_visits + drug_eras over 2009-2010; rank-based terciles (tie-safe) -> Low/Medium/High
1254,75.0,75-84,Male,White,MA,0,1,6,53,39,1,0,1,1,1,1,0,0,0,118,43,High,production,outcome_score_v1: score = total_visits + 3*inpatient_visits + drug_eras over 2009-2010; rank-based terciles (tie-safe) -> Low/Medium/High
1374,79.0,75-84,Male,Hispanic,CA,0,0,1,18,18,1,0,1,1,0,1,33,32,35,47,20,High,train,outcome_score_v1: score = total_visits + 3*inpatient_visits + drug_eras over 2009-2010; rank-based terciles (tie-safe) -> Low/Medium/High
1434,52.0,<65,Male,White,MI,0,0,0,0,0,0,0,0,0,0,0,0,0,0,0,0,Low,train,outcome_score_v1: score = total_visits + 3*inpatient_visits + drug_eras over 2009-2010; rank-based terciles (tie-safe) -> Low/Medium/High
1494,72.0,65-74,Male,White,NJ,0,2,8,45,36,1,1,0,0,1,0,4,4,4,105,38,Medium,production,outcome_score_v1: score = total_visits + 3*inpatient_visits + drug_eras over 2009-2010; rank-based terciles (tie-safe) -> Low/Medium/High
55,66.0,65-74,Female,Hispanic,CA,0,0,1,9,9,1,0,1,0,1,0,6,6,6,26,5,Low,production,outcome_score_v1: score = total_visits + 3*inpatient_visits + drug_eras over 2009-2010; rank-based terciles (tie-safe) -> Low/Medium/High
115,68.0,65-74,Male,White,NJ,0,0,6,61,53,1,1,1,1,1,0,12,10,12,133,60,High,test,outcome_score_v1: score = total_visits + 3*inpatient_visits + drug_eras over 2009-2010; rank-based terciles (tie-safe) -> Low/Medium/High
175,83.0,75-84,Female,White,KY,0,1,4,28,20,1,1,1,1,1,1,24,24,24,73,27,High,train,outcome_score_v1: score = total_visits + 3*inpatient_visits + drug_eras over 2009-2010; rank-based terciles (tie-safe) -> Low/Medium/High
235,79.0,75-84,Male,White,CA,0,0,1,16,15,1,1,1,1,0,1,17,17,18,42,13,Medium,train,outcome_score_v1: score = total_visits + 3*inpatient_visits + drug_eras over 2009-2010; rank-based terciles (tie-safe) -> Low/Medium/High
295,73.0,65-74,Male,Black,MS,0,3,4,32,25,1,0,1,0,0,1,6,6,6,75,26,High,train,outcome_score_v1: score = total_visits + 3*inpatient_visits + drug_eras over 2009-2010; rank-based terciles (tie-safe) -> Low/Medium/High
355,84.0,75-84,Female,White,MD,0,2,0,30,26,1,1,1,1,1,0,2,2,2,96,24,Low,train,outcome_score_v1: score = total_visits + 3*inpatient_visits + drug_eras over 2009-2010; rank-based terciles (tie-safe) -> Low/Medium/High
475,75.0,75-84,Male,White,MI,0,0,6,19,16,1,1,1,0,0,0,0,0,0,36,18,Low,production,outcome_score_v1: score = total_visits + 3*inpatient_visits + drug_eras over 2009-2010; rank-based terciles (tie-safe) -> Low/Medium/High
535,76.0,75-84,Female,Black,WI,0,0,0,18,4,0,0,1,0,0,1,0,0,0,35,15,Low,production,outcome_score_v1: score = total_visits + 3*inpatient_visits + drug_eras over 2009-2010; rank-based terciles (tie-safe) -> Low/Medium/High
595,80.0,75-84,Male,White,WA,0,0,3,17,16,1,0,0,0,1,0,2,2,2,39,18,Medium,train,outcome_score_v1: score = total_visits + 3*inpatient_visits + drug_eras over 2009-2010; rank-based terciles (tie-safe) -> Low/Medium/High
655,65.0,65-74,Male,White,AR,0,0,1,1,1,0,0,0,0,0,0,14,13,14,3,0,Low,production,outcome_score_v1: score = total_visits + 3*inpatient_visits + drug_eras over 2009-2010; rank-based terciles (tie-safe) -> Low/Medium/High
715,97.0,85+,Male,White,CT,0,2,5,47,40,1,1,1,1,1,1,31,25,30,127,34,High,test,outcome_score_v1: score = total_visits + 3*inpatient_visits + drug_eras over 2009-2010; rank-based terciles (tie-safe) -> Low/Medium/High
775,86.0,85+,Female,White,CA,0,0,0,11,11,1,0,0,1,0,0,1,1,1,25,12,Low,production,outcome_score_v1: score = total_visits + 3*inpatient_visits + drug_eras over 2009-2010; rank-based terciles (tie-safe) -> Low/Medium/High
835,71.0,65-74,Female,White,CA,0,0,0,0,0,0,0,0,0,0,0,16,16,20,0,0,Medium,train,outcome_score_v1: score = total_visits + 3*inpatient_visits + drug_eras over 2009-2010; rank-based terciles (tie-safe) -> Low/Medium/High
895,81.0,75-84,Female,Black,AL,0,0,0,0,0,0,0,0,0,0,0,0,0,0,0,0,Low,production,outcome_score_v1: score = total_visits + 3*inpatient_visits + drug_eras over 2009-2010; rank-based terciles (tie-safe) -> Low/Medium/High
955,99.0,85+,Male,White,KY,0,4,4,49,22,1,1,1,1,1,1,72,70,81,120,22,High,train,outcome_score_v1: score = total_visits + 3*inpatient_visits + drug_eras over 2009-2010; rank-based terciles (tie-safe) -> Low/Medium/High
1015,73.0,65-74,Male,White,IA,0,0,4,26,15,1,1,0,0,1,0,37,34,37,56,19,High,production,outcome_score_v1: score = total_visits + 3*inpatient_visits + drug_eras over 2009-2010; rank-based terciles (tie-safe) -> Low/Medium/High
1075,78.0,75-84,Female,White,SC,0,0,0,0,0,0,0,0,0,0,0,0,0,0,0,0,Low,test,outcome_score_v1: score = total_visits + 3*inpatient_visits + drug_eras over 2009-2010; rank-based terciles (tie-safe) -> Low/Medium/High
1135,87.0,85+,Female,White,IA,0,0,2,34,24,1,1,0,1,1,0,23,23,25,79,33,High,production,outcome_score_v1: score = total_visits + 3*inpatient_visits + drug_eras over 2009-2010; rank-based terciles (tie-safe) -> Low/Medium/High
1195,73.0,65-74,Female,Black,CA,0,0,5,23,20,0,1,1,0,0,1,19,19,19,54,17,High,train,outcome_score_v1: score = total_visits + 3*inpatient_visits + drug_eras over 2009-2010; rank-based terciles (tie-safe) -> Low/Medium/High
1255,73.0,65-74,Male,White,CA,0,0,0,0,0,0,0,0,0,0,0,39,37,42,0,0,Medium,production,outcome_score_v1: score = total_visits + 3*inpatient_visits + drug_eras over 2009-2010; rank-based terciles (tie-safe) -> Low/Medium/High
1315,79.0,75-84,Male,White,NJ,0,1,0,9,9,1,1,0,0,0,0,44,43,47,23,6,High,production,outcome_score_v1: score = total_visits + 3*inpatient_visits + drug_eras over 2009-2010; rank-based terciles (tie-safe) -> Low/Medium/High
1375,67.0,65-74,Female,Black,NC,0,0,9,65,35,1,1,1,1,1,1,44,41,46,162,63,High,production,outcome_score_v1: score = total_visits + 3*inpatient_visits + drug_eras over 2009-2010; rank-based terciles (tie-safe) -> Low/Medium/High
56,79.0,75-84,Male,White,MI,0,0,2,16,15,0,0,0,1,1,1,4,4,4,40,16,Medium,train,outcome_score_v1: score = total_visits + 3*inpatient_visits + drug_eras over 2009-2010; rank-based terciles (tie-safe) -> Low/Medium/High
116,69.0,65-74,Male,White,CA,0,0,4,25,23,1,0,1,1,1,0,28,28,29,56,30,Medium,validation,outcome_score_v1: score = total_visits + 3*inpatient_visits + drug_eras over 2009-2010; rank-based terciles (tie-safe) -> Low/Medium/High
236,67.0,65-74,Female,White,PA,0,0,1,11,11,0,0,0,1,0,1,2,2,2,26,13,Low,validation,outcome_score_v1: score = total_visits + 3*inpatient_visits + drug_eras over 2009-2010; rank-based terciles (tie-safe) -> Low/Medium/High
296,69.0,65-74,Male,White,CA,0,1,7,34,31,1,1,1,0,1,1,55,55,56,76,28,High,train,outcome_score_v1: score = total_visits + 3*inpatient_visits + drug_eras over 2009-2010; rank-based terciles (tie-safe) -> Low/Medium/High
416,73.0,65-74,Male,Black,TX,0,0,0,21,19,0,0,0,0,1,0,0,0,0,38,17,Medium,train,outcome_score_v1: score = total_visits + 3*inpatient_visits + drug_eras over 2009-2010; rank-based terciles (tie-safe) -> Low/Medium/High
476,37.0,<65,Female,White,ME,0,0,0,0,0,0,0,0,0,0,0,25,25,27,0,0,Low,train,outcome_score_v1: score = total_visits + 3*inpatient_visits + drug_eras over 2009-2010; rank-based terciles (tie-safe) -> Low/Medium/High
536,80.0,75-84,Female,White,NY,0,0,0,0,0,0,0,0,0,0,0,14,14,16,0,0,Low,validation,outcome_score_v1: score = total_visits + 3*inpatient_visits + drug_eras over 2009-2010; rank-based terciles (tie-safe) -> Low/Medium/High
596,68.0,65-74,Female,White,MI,0,0,0,0,0,0,0,0,0,0,0,0,0,0,0,0,Low,production,outcome_score_v1: score = total_visits + 3*inpatient_visits + drug_eras over 2009-2010; rank-based terciles (tie-safe) -> Low/Medium/High
656,66.0,65-74,Female,White,NJ,0,0,3,31,26,1,0,1,1,1,0,0,0,0,90,31,High,validation,outcome_score_v1: score = total_visits + 3*inpatient_visits + drug_eras over 2009-2010; rank-based terciles (tie-safe) -> Low/Medium/High
716,89.0,85+,Female,Others,UT,0,0,1,1,1,0,0,0,0,0,0,27,27,32,3,1,Low,production,outcome_score_v1: score = total_visits + 3*inpatient_visits + drug_eras over 2009-2010; rank-based terciles (tie-safe) -> Low/Medium/High
896,66.0,65-74,Female,Others,AZ,0,0,0,17,15,1,0,0,0,1,0,2,2,2,46,19,Medium,test,outcome_score_v1: score = total_visits + 3*inpatient_visits + drug_eras over 2009-2010; rank-based terciles (tie-safe) -> Low/Medium/High
1016,87.0,85+,Male,White,SC,0,0,8,49,37,1,1,1,0,1,1,49,46,43,114,48,High,train,outcome_score_v1: score = total_visits + 3*inpatient_visits + drug_eras over 2009-2010; rank-based terciles (tie-safe) -> Low/Medium/High
1076,50.0,<65,Male,White,SC,0,0,3,21,17,1,1,0,0,0,1,61,59,61,51,16,High,train,outcome_score_v1: score = total_visits + 3*inpatient_visits + drug_eras over 2009-2010; rank-based terciles (tie-safe) -> Low/Medium/High
1136,65.0,65-74,Female,White,SC,0,0,3,31,27,1,0,1,1,0,0,1,1,1,65,29,Medium,train,outcome_score_v1: score = total_visits + 3*inpatient_visits + drug_eras over 2009-2010; rank-based terciles (tie-safe) -> Low/Medium/High
58,57.0,<65,Male,White,FL,0,0,9,34,33,1,1,0,1,0,1,2,2,2,74,26,Medium,production,outcome_score_v1: score = total_visits + 3*inpatient_visits + drug_eras over 2009-2010; rank-based terciles (tie-safe) -> Low/Medium/High
118,81.0,75-84,Female,White,CA,0,0,1,23,19,0,0,0,0,1,0,13,13,14,53,22,Medium,train,outcome_score_v1: score = total_visits + 3*inpatient_visits + drug_eras over 2009-2010; rank-based terciles (tie-safe) -> Low/Medium/High
238,53.0,<65,Male,White,FL,0,0,0,3,3,0,0,1,0,0,0,29,29,46,8,6,Medium,production,outcome_score_v1: score = total_visits + 3*inpatient_visits + drug_eras over 2009-2010; rank-based terciles (tie-safe) -> Low/Medium/High
298,65.0,65-74,Female,White,CA,0,0,4,39,33,1,0,0,0,1,0,27,27,32,85,36,High,production,outcome_score_v1: score = total_visits + 3*inpatient_visits + drug_eras over 2009-2010; rank-based terciles (tie-safe) -> Low/Medium/High
418,60.0,<65,Male,White,CA,0,0,4,17,16,1,0,1,0,0,0,40,36,48,38,13,High,production,outcome_score_v1: score = total_visits + 3*inpatient_visits + drug_eras over 2009-2010; rank-based terciles (tie-safe) -> Low/Medium/High
538,47.0,<65,Male,Others,PA,0,0,1,11,10,1,0,1,1,0,0,0,0,0,21,11,Medium,train,outcome_score_v1: score = total_visits + 3*inpatient_visits + drug_eras over 2009-2010; rank-based terciles (tie-safe) -> Low/Medium/High
598,67.0,65-74,Male,White,VT,0,0,8,55,27,1,1,0,0,1,1,10,9,13,108,39,High,production,outcome_score_v1: score = total_visits + 3*inpatient_visits + drug_eras over 2009-2010; rank-based terciles (tie-safe) -> Low/Medium/High
658,82.0,75-84,Male,White,PA,0,0,2,16,12,0,0,0,0,0,0,0,0,0,31,15,Medium,validation,outcome_score_v1: score = total_visits + 3*inpatient_visits + drug_eras over 2009-2010; rank-based terciles (tie-safe) -> Low/Medium/High
838,78.0,75-84,Female,White,AZ,0,0,0,7,7,0,0,0,0,0,0,0,0,0,13,7,Medium,train,outcome_score_v1: score = total_visits + 3*inpatient_visits + drug_eras over 2009-2010; rank-based terciles (tie-safe) -> Low/Medium/High
898,70.0,65-74,Male,White,WI,0,0,3,40,16,1,0,1,0,1,0,36,34,42,93,34,High,production,outcome_score_v1: score = total_visits + 3*inpatient_visits + drug_eras over 2009-2010; rank-based terciles (tie-safe) -> Low/Medium/High
57,61.0,<65,Male,Others,IN,0,1,2,36,26,1,1,0,1,1,1,32,32,34,94,31,High,train,outcome_score_v1: score = total_visits + 3*inpatient_visits + drug_eras over 2009-2010; rank-based terciles (tie-safe) -> Low/Medium/High
117,39.0,<65,Female,White,NY,0,0,1,15,15,1,0,1,0,0,0,48,46,47,37,9,High,validation,outcome_score_v1: score = total_visits + 3*inpatient_visits + drug_eras over 2009-2010; rank-based terciles (tie-safe) -> Low/Medium/High
177,82.0,75-84,Female,White,FL,0,1,10,29,27,1,1,1,1,1,1,68,66,67,74,23,High,production,outcome_score_v1: score = total_visits + 3*inpatient_visits + drug_eras over 2009-2010; rank-based terciles (tie-safe) -> Low/Medium/High
237,89.0,85+,Male,White,NY,0,1,0,6,6,1,1,1,0,0,0,0,0,0,23,4,Medium,train,outcome_score_v1: score = total_visits + 3*inpatient_visits + drug_eras over 2009-2010; rank-based terciles (tie-safe) -> Low/Medium/High
297,87.0,85+,Female,White,OH,0,0,0,0,0,0,0,0,0,0,0,14,12,13,0,0,Low,test,outcome_score_v1: score = total_visits + 3*inpatient_visits + drug_eras over 2009-2010; rank-based terciles (tie-safe) -> Low/Medium/High
357,77.0,75-84,Male,White,CA,0,0,3,19,14,1,0,1,0,0,0,16,16,20,44,27,High,train,outcome_score_v1: score = total_visits + 3*inpatient_visits + drug_eras over 2009-2010; rank-based terciles (tie-safe) -> Low/Medium/High
417,66.0,65-74,Female,White,FL,0,0,3,15,15,0,0,0,0,1,0,0,0,0,25,18,Low,production,outcome_score_v1: score = total_visits + 3*inpatient_visits + drug_eras over 2009-2010; rank-based terciles (tie-safe) -> Low/Medium/High
477,51.0,<65,Male,White,IL,0,0,0,8,6,1,0,0,1,0,0,14,13,14,26,6,Medium,production,outcome_score_v1: score = total_visits + 3*inpatient_visits + drug_eras over 2009-2010; rank-based terciles (tie-safe) -> Low/Medium/High
537,66.0,65-74,Female,White,WI,0,0,2,22,13,1,1,1,0,1,0,16,16,20,50,17,High,train,outcome_score_v1: score = total_visits + 3*inpatient_visits + drug_eras over 2009-2010; rank-based terciles (tie-safe) -> Low/Medium/High
597,85.0,85+,Female,White,NJ,0,0,0,0,0,0,0,0,0,0,0,14,14,14,0,0,Low,train,outcome_score_v1: score = total_visits + 3*inpatient_visits + drug_eras over 2009-2010; rank-based terciles (tie-safe) -> Low/Medium/High
657,67.0,65-74,Male,White,TX,0,1,3,29,25,1,0,1,0,1,1,24,24,24,67,26,High,validation,outcome_score_v1: score = total_visits + 3*inpatient_visits + drug_eras over 2009-2010; rank-based terciles (tie-safe) -> Low/Medium/High
717,70.0,65-74,Female,Black,MI,0,0,3,11,8,0,0,0,0,0,0,67,63,61,25,11,High,production,outcome_score_v1: score = total_visits + 3*inpatient_visits + drug_eras over 2009-2010; rank-based terciles (tie-safe) -> Low/Medium/High
777,67.0,65-74,Female,Black,GA,0,0,4,28,21,1,1,0,1,0,1,38,38,42,54,16,High,train,outcome_score_v1: score = total_visits + 3*inpatient_visits + drug_eras over 2009-2010; rank-based terciles (tie-safe) -> Low/Medium/High
837,83.0,75-84,Male,White,CO,0,0,0,0,0,0,0,0,0,0,0,36,35,38,0,0,Medium,production,outcome_score_v1: score = total_visits + 3*inpatient_visits + drug_eras over 2009-2010; rank-based terciles (tie-safe) -> Low/Medium/High
897,72.0,65-74,Male,Others,PA,0,0,0,7,7,0,0,0,0,0,0,24,23,24,14,10,Medium,production,outcome_score_v1: score = total_visits + 3*inpatient_visits + drug_eras over 2009-2010; rank-based terciles (tie-safe) -> Low/Medium/High
1017,73.0,65-74,Female,White,MI,0,0,8,66,46,1,1,1,0,1,1,2,2,2,136,52,Medium,train,outcome_score_v1: score = total_visits + 3*inpatient_visits + drug_eras over 2009-2010; rank-based terciles (tie-safe) -> Low/Medium/High
1077,88.0,85+,Female,White,Missing,0,0,2,10,10,1,0,0,0,0,0,54,51,57,23,11,High,production,outcome_score_v1: score = total_visits + 3*inpatient_visits + drug_eras over 2009-2010; rank-based terciles (tie-safe) -> Low/Medium/High
1137,73.0,65-74,Male,White,WA,0,0,2,30,18,1,0,1,1,0,0,2,2,2,65,29,Medium,production,outcome_score_v1: score = total_visits + 3*inpatient_visits + drug_eras over 2009-2010; rank-based terciles (tie-safe) -> Low/Medium/High
59,82.0,75-84,Male,White,OH,0,0,0,17,16,1,0,0,0,1,0,1,1,1,44,8,Low,production,outcome_score_v1: score = total_visits + 3*inpatient_visits + drug_eras over 2009-2010; rank-based terciles (tie-safe) -> Low/Medium/High
119,42.0,<65,Female,White,WI,0,3,4,45,23,1,1,1,0,1,1,3,3,3,117,41,Medium,train,outcome_score_v1: score = total_visits + 3*inpatient_visits + drug_eras over 2009-2010; rank-based terciles (tie-safe) -> Low/Medium/High
239,85.0,85+,Male,White,IL,0,0,0,0,0,0,0,0,0,0,0,5,5,7,0,0,Low,train,outcome_score_v1: score = total_visits + 3*inpatient_visits + drug_eras over 2009-2010; rank-based terciles (tie-safe) -> Low/Medium/High
299,81.0,75-84,Female,White,CO,0,0,2,22,13,1,0,0,1,0,1,1,1,1,48,21,Low,train,outcome_score_v1: score = total_visits + 3*inpatient_visits + drug_eras over 2009-2010; rank-based terciles (tie-safe) -> Low/Medium/High
419,69.0,65-74,Female,Black,AL,0,0,0,0,0,0,0,0,0,0,0,0,0,0,0,0,Low,validation,outcome_score_v1: score = total_visits + 3*inpatient_visits + drug_eras over 2009-2010; rank-based terciles (tie-safe) -> Low/Medium/High
479,50.0,<65,Male,White,OR,0,0,0,16,15,1,0,0,1,0,0,1,1,1,31,16,Low,train,outcome_score_v1: score = total_visits + 3*inpatient_visits + drug_eras over 2009-2010; rank-based terciles (tie-safe) -> Low/Medium/High
539,77.0,75-84,Male,Others,CA,0,1,1,22,22,1,1,1,1,1,1,12,12,13,58,17,Medium,train,outcome_score_v1: score = total_visits + 3*inpatient_visits + drug_eras over 2009-2010; rank-based terciles (tie-safe) -> Low/Medium/High
599,68.0,65-74,Male,White,AZ,0,0,0,0,0,0,0,0,0,0,0,8,7,10,0,0,Low,train,outcome_score_v1: score = total_visits + 3*inpatient_visits + drug_eras over 2009-2010; rank-based terciles (tie-safe) -> Low/Medium/High
659,69.0,65-74,Female,White,NV,0,0,14,57,43,1,0,1,1,1,1,12,12,14,125,43,High,test,outcome_score_v1: score = total_visits + 3*inpatient_visits + drug_eras over 2009-2010; rank-based terciles (tie-safe) -> Low/Medium/High
