person_id,Member_Utilization_Risk
1734951,Medium
1710712,High
932806,Low
1894571,High
1237748,Low
1462783,Low
140987,Medium
536909,Low
688541,Medium
1958818,High
2218668,High
1460875,Low
1427616,Low
912510,Medium
1417677,Low
2263434,High
1802118,High
1302785,High
2083137,Low
1713052,Medium
2007370,Medium
1547964,High
547937,Low
2094673,High
842549,High
80671,Medium
2326237,Medium
1021145,High
275035,High
158538,High
332095,Medium
1599638,Low
1162607,Medium
677858,High
1545609,Medium
1010067,Low
489580,Medium
1926298,Low
386147,Medium
1863944,Medium
1351281,Medium
2309113,High
47609,Low
606917,Medium
1999698,Low
850999,Medium
769813,High
506638,Low
538989,High
1916179,Medium
2297270,Medium
1129544,High
1570662,Low
2139094,Low
244687,Medium
387417,High
1393845,High
1327706,Medium
168736,High
1239695,High
1433066,Low
1642862,Medium
1403227,Low
801040,High
313522,Low
2149461,Low
2065142,High
639026,Low
1040485,High
1832563,Medium
942235,Low
1186065,Medium
373933,Low
2117101,Medium
699595,Low
455129,Low
317242,Low
1619432,Low
1629088,Medium
892553,Medium
1802889,Low
66726,High
2177293,Medium
1007269,Medium
362292,Low
1049043,Medium
1893076,Medium
264029,High
1493648,Medium
1677090,Medium
1314266,Medium
2240238,Low
2034194,Medium
1463186,Medium
73437,High
496052,High
1205120,Low
1426368,Medium
712943,Low
794776,High
1748893,Low
1686816,Medium
587252,Medium
223260,High
1469279,High
1863538,High
401114,Medium
645106,Medium
521737,Low
351805,High
1775957,Low
1877621,High
405237,Low
904690,Medium
2210919,High
279414,Medium
234455,Medium
353362,Low
407033,Low
2203036,Medium
1059327,Low
477492,High
31878,Medium
1411042,Medium
2073528,Medium
1340284,Medium
27003,Medium
1369829,Medium
456617,High
338213,High
66914,Low
1580499,Medium
1663912,High
1344185,Medium
905128,Medium
2010313,Medium
1553987,High
440325,Medium
1670462,Low
106032,Medium
615836,Low
352839,Medium
1891708,Low
2052575,Low
1841984,Medium
51983,Low
238965,Medium
1625851,Medium
33854,High
2140550,Low
312224,Medium
443400,Medium
1843451,High
1820872,Low
1533927,Medium
1660631,Low
650315,High
1145066,High
191993,High
844361,High
688131,High
796937,Low
901106,Low
1038805,High
462023,Low
172038,Medium
412037,Low
2136799,High
1917131,High
365679,Medium
334275,Medium
2181140,Low
1972381,Medium
1884395,High
408932,Medium
1785111,High
294499,Medium
771083,Low
2017471,High
292437,High
1882069,Medium
1250394,High
940962,Medium
529690,High
1905693,High
930769,Low
1924553,Medium
428931,High
1727247,Low
142047,Low
2275505,Low
545094,Low
2147223,Low
1794355,High
1012008,Medium
1054518,Low
1076539,High
1610230,Low
152476,Low
602456,High
1301302,High
1773483,Low
919432,High
1983641,Medium
1425846,Low
899020,Medium
2170061,Medium
825822,High
910098,Medium
690249,Medium
1478502,High
628203,Medium
513268,Medium
216875,Medium
464497,Low
958997,High
743435,Medium
956098,Low
22968,Low
352392,High
1640622,Low
989509,High
904375,High
1568522,Medium
1055269,High
1384910,High
38290,Medium
2239874,High
206687,Medium
1554380,Low
1819715,Medium
327430,Medium
1805484,High
172119,Low
1317004,Medium
1667624,High
1664741,High
954770,Medium
549891,High
1716740,Low
47490,High
750510,High
1729287,High
2200366,Low
1595838,High
1101210,Medium
1068213,High
2211961,Low
2314365,High
452043,Low
1634967,High
2153587,High
2109110,High
1698092,Medium
432342,Medium
1554689,High
637577,Medium
1410588,High
2242998,High
637513,Low
2008252,Medium
2088833,High
43458,High
1972680,Low
1324862,High
1231056,Low
1069799,Low
368785,High
745736,Medium
397061,High
1185881,Medium
475899,Low
1152399,High
1888563,High
1911999,High
1421193,Low
1336229,High
103782,High
388301,Low
2114103,Medium
1939173,Low
863130,High
1347576,Medium
1108088,High
1723890,Medium
2211834,Low
1574222,High
2052311,High
1498245,Low
187539,Low
1941626,High
123894,High
2034664,Medium
41594,Medium
902820,Medium
655039,Low
1154831,Medium
1287084,High
1915966,Low
106227,High
841272,Medium
1251184,Low
1698407,High
602305,Medium
1393333,High
1756976,Low
1194690,Medium
1015679,High
1707088,Medium
892434,High
562793,Low
21563,Low
61958,High
92390,Medium
1652612,Low
1808545,High
1883683,Medium
1273021,Medium
615567,Low
2120314,Low
1941058,Medium
2200953,Medium
1519447,High
929760,High
559542,High
909220,Medium
1293681,Medium
1058966,High
1861678,High
1159919,High
753011,High
414784,High
1315383,Low
1020000,Low
2308138,High
1362014,Medium
1353803,High
2120728,Medium
343391,Medium
1563375,Low
1211877,Low
147012,Medium
1832832,Low
1184791,High
1997428,Medium
1351797,Low
1347212,Low
1242750,Low
680496,Medium
1840282,Medium
1512762,Medium
789638,Low
365400,Medium
252289,High
81608,High
1698100,Medium
2197610,High
615032,High
1977221,High
1644631,Low
1632902,Low
567057,Medium
1264327,Low
1007842,Medium
2073921,Medium
2187922,Medium
132427,Low
1749770,High
465964,High
316322,Low
216565,Medium
1215837,Medium
560323,Low
1008881,High
2007681,Medium
711188,Low
157221,High
836141,Low
990459,Medium
1111431,High
863484,Medium
115669,High
954749,Medium
2247791,Medium
1451742,Medium
1254608,High
1463371,High
1025918,Medium
655359,Low
773633,High
1565121,High
469072,Low
1918014,Medium
2177561,High
2324458,Low
1740190,Low
400771,Medium
514503,High
746522,Medium
1742605,High
2065714,Low
1579893,Medium
1744924,Low
1005103,High
1608635,Medium
1709816,High
2044633,High
355771,Medium
585515,High
1913397,High
1187447,Low
51950,High
2223342,Medium
1863969,High
749377,Low
2284658,High
486352,High
1807751,Medium
144977,High
219097,Medium
544541,Low
477078,Medium
2307722,Low
1646670,High
166850,Medium
2067694,Medium
46337,High
29921,High
1042813,High
1684393,Low
1702420,Medium
1751146,Low
1823727,High
2043557,High
1780010,High
1758457,High
889252,High
2132038,Medium
1524461,High
1007174,Low
43766,High
1143980,Low
1335514,High
1463329,High
635646,Medium
920502,Medium
614400,High
1629677,Medium
350105,Low
708972,Medium
299660,Low
1440581,High
1309907,High
2256046,Low
1630205,Low
560770,Medium
2083002,High
1480862,Medium
1551828,Low
1278221,High
1871998,Medium
937196,High
1855254,Low
98149,Low
1249800,Medium
612934,Medium
611276,Medium
1055461,Medium
1594405,Medium
1957851,High
967754,Low
843710,High
1755550,High
1999048,High
272102,Medium
1056034,High
305002,High
2056225,Medium
228294,High
928924,Medium
1492604,High
1400909,Medium
974952,High
1436249,High
2051446,Medium
1872154,Low
2306246,Medium
1102647,High
1912015,Medium
1517688,Low
2025087,High
2188624,High
1708034,Low
406110,Medium
425590,Low
561018,Medium
282149,Medium
2170045,High
1518371,High
1196900,High
222164,High
790902,Medium
2168968,Low
778628,Low
409187,Low
1537824,High
1405592,Low
1019752,High
1408681,High
1053287,High
759568,Medium
360665,Medium
1075734,High
741520,High
70874,Medium
2171415,High
1738696,High
1788910,High
2124554,High
1937253,Medium
1956677,High
1643237,Low
186361,Low
641947,Medium
1537158,High
591582,Medium
313050,High
1107261,Medium
90462,High
2001059,Low
1832214,Low
876476,High
2201588,Low
1602742,Medium
81453,Low
2127744,Low
254988,Low
2324406,High
498508,High
1463232,Low
2183589,High
873369,Medium
2033223,Medium
71337,High
680821,Low
996716,Low
995333,Medium
2156826,Medium
1400158,High
1945983,High
1120014,High
1862892,Medium
1144623,Medium
304656,High
94759,Medium
1329167,High
932803,Medium
669754,High
1098543,High
514076,Medium
929110,Low
68443,Low
2322383,Medium
310376,Medium
2240694,Medium
955127,Medium
1935154,Medium
2170940,Medium
1607478,Low
309672,Low
2309359,Low
2168088,Low
1162752,High
967128,Medium
629525,Low
874361,Medium
67902,High
713419,High
1336500,Low
1492773,Medium
2197024,Medium
757533,Medium
1848903,High
219325,Low
2022437,Medium
1714398,Low
300051,Low
525308,High
131849,High
1185621,Medium
1221208,Low
79182,Low
661685,Medium
1175837,Medium
1794072,High
1644822,Medium
1044035,High
716819,Low
585098,Medium
1686704,Low
965745,High
927904,Medium
1303455,Medium
2251675,Low
1425199,Medium
745374,Medium
30380,Medium
1913766,Low
504379,High
1048358,High
1308230,Low
885918,High
946533,Medium
2010241,Medium
1527095,High
641840,Medium
836635,High
618267,High
1336322,High
1249809,Medium
1803752,Medium
1138228,Low
367317,Low
287172,High
842639,Low
1009352,High
361155,High
274413,High
1162364,High
2021605,Low
796519,Low
1843423,Medium
1645060,Low
123681,Medium
1080645,High
2121630,Medium
1999049,Medium
1060738,High
194640,Medium
1806137,High
2190209,Medium
1450836,Low
1274272,High
1152526,Medium
779478,Medium
452721,Medium
127723,High
859731,High
1381676,Low
815156,Low
2291263,Medium
1102192,High
639506,Medium
93877,High
284020,Medium
1723853,Low
2100921,Low
944463,Medium
232860,Medium
812363,Medium
1741993,Medium
1722336,Low
964887,Medium
1166230,Medium
1729365,Medium
1562525,High
1742812,Medium
925158,Medium
1906413,Medium
1065351,High
2266640,Medium
809241,Medium
1221315,Medium
440077,Medium
1990512,High
2306808,Medium
1333193,Low
1704402,Low
1897280,High
456245,High
1888834,High
1564859,Low
2279013,Low
2191742,Medium
593867,Medium
351328,Low
1423392,High
1779376,Low
1259730,Low
2024487,Low
1077358,Medium
1121475,Low
1945431,High
1471217,High
992343,High
155054,Medium
1906026,High
818664,High
765572,Medium
1174066,Low
694304,Medium
2026335,Low
238980,High
876980,High
1102087,High
2038165,High
1279136,High
747243,Medium
262464,Low
1425329,Low
2169683,High
1762470,Low
42641,Low
407521,Low
2203864,High
401660,Medium
839013,High
1905322,Medium
449697,Medium
1262452,Medium
92298,Medium
510553,Low
1101988,Low
466475,Low
1264925,Low
704539,Medium
2019415,High
1671073,Low
1356229,Medium
221485,Medium
1763339,Medium
258732,Low
505351,High
1161059,High
1723451,Low
905108,Medium
2062654,Medium
1222684,Medium
965554,Low
880061,Medium
731741,Medium
803754,High
590140,Low
17786,High
1367696,High
1608910,Medium
183470,Low
1336477,High
889862,Medium
900108,Low
239834,Low
729127,Medium
756553,High
1437860,Low
1158813,Medium
307620,High
1766870,Medium
1323748,High
1736996,High
218099,Low
1708327,Low
779859,Medium
1508588,High
1910958,High
673641,High
1751854,High
567821,High
367567,High
626092,Medium
187414,High
249362,Medium
1662200,Low
1213324,High
1397350,High
1565912,Low
377461,High
922461,Medium
1441250,High
776666,Low
861782,Low
396611,Medium
2220823,Medium
1230329,High
1292505,High
2128161,High
760493,Medium
1060314,Low
697734,Medium
875583,Medium
1442358,High
620504,Medium
1588649,High
1303271,Low
731262,High
264842,Low
2239720,High
288127,Low
916769,Low
1402910,High
336655,High
1181340,High
817104,Low
898474,High
2090410,Low
1735220,Medium
845264,High
307396,Medium
765478,Medium
1696929,High
727835,Low
1970378,Low
1128167,Medium
809146,High
971802,Medium
71026,High
1178998,Low
1578184,High
299110,High
766740,Low
1723237,Low
764942,High
649595,Low
996657,Medium
1192238,Medium
2002507,Low
849957,High
16218,Medium
1910408,Medium
1164987,High
2173885,High
1107368,High
230350,Low
2142376,High
1375939,High
1619348,Medium
825168,Low
1974174,Medium
2260908,High
1057710,Low
305281,Low
1435587,High
517769,Low
1854325,Low
1655873,Low
1833722,Medium
1790044,High
831103,Medium
1894833,Low
329255,Medium
1943601,Low
365166,Medium
2022764,High
55965,High
1806444,High
705874,Medium
630522,Low
557789,Low
2321001,Medium
213091,Medium
1886004,Medium
247392,Medium
1343563,Medium
1079815,Low
1442218,Medium
1854230,Medium
1346469,Low
1097779,Low
2135032,Medium
2065612,High
1702340,Medium
253204,High
1024435,High
1627273,High
639672,Medium
915708,High
929867,High
420268,Low
567832,Low
2215844,High
2319004,High
1742663,Low
147498,Medium
389979,Low
911306,Low
2287016,Low
1819910,Medium
1749194,High
1531630,Medium
66064,Medium
1662231,Medium
1473557,High
2018640,High
258124,Low
456352,Medium
1301048,High
1842022,Low
1811087,Low
1165283,Medium
2093445,Low
173810,Low
1509521,High
1601082,Low
716464,Low
1926359,High
1158787,Medium
1305952,High
1766811,Medium
688403,High
2070768,Low
1092278,Medium
2064477,Medium
928220,High
1621590,Medium
2325004,Medium
78741,Medium
1147362,High
2056648,Low
1088693,Low
18730,High
2127103,High
1650785,High
226065,High
1032482,Low
1077412,Low
2144335,High
1582886,High
93199,Medium
2175095,Medium
249990,High
271596,Low
1053879,Medium
1787261,High
888223,Low
1033080,Low
1375111,Low
1921932,Medium
1319815,Medium
345477,High
498410,High
2294866,High
513503,Low
1321949,Low
1189140,High
1805821,Medium
413777,Low
406921,Medium
575992,Medium
1957780,Low
505482,Low
520627,Medium
612912,High
2071591,High
1775699,Low
2249305,Medium
1441248,Low
1805096,Low
1084572,Medium
1388290,High
234682,High
430771,Medium
129444,Medium
594239,High
328319,High
3347,Low
594137,High
1474667,High
29618,Medium
655921,Medium
1307352,Medium
2007110,High
1125647,High
2320516,Medium
2302137,Low
1887960,High
1689022,Medium
2143815,Medium
972395,Medium
2250006,Medium
1322164,High
256824,Medium
1816062,High
291335,Medium
1537787,Medium
1298500,High
1895862,Low
1179941,High
1088718,Medium
627110,High
867337,Medium
1735237,High
1295470,Low
1252844,Medium
427553,High
627663,High
307393,Low
1915841,High
2216296,Low
1924730,High
1599005,High
719882,Low
645979,High
1553550,High
400005,High
2134148,Medium
1415294,Low
501012,Medium
684068,Low
498308,Low
1373319,High
501002,Low
1047624,High
206662,Medium
1637264,Low
1367904,High
2045546,Medium
898213,Medium
574591,Medium
1420297,Medium
1523405,Medium
914308,High
869255,Medium
1260308,Low
1068932,Low
683840,Medium
1559329,Medium
2022970,Low
1633281,Medium
2262580,Low
1486803,High
1475144,Medium
1228298,Medium
552441,Low
964558,Low
147741,Medium
1841015,Medium
951279,High
2197561,High
1779347,High
674957,High
1197299,Medium
1415406,High
1023267,Medium
675398,High
2282620,Medium
227252,Medium
505286,Medium
1033673,Low
1088530,Low
3368,Medium
120467,Medium
1234994,Medium
2281642,Medium
498005,Medium
1826061,Low
1665491,Medium
1530517,Medium
17414,Medium
1766183,Medium
882175,Medium
925817,High
304074,High
2034868,Medium
1242190,Low
134780,High
815209,Medium
393246,High
1935553,Low
1818079,High
1175888,High
541846,Medium
1657184,High
269274,High
702266,Medium
115458,Low
1107930,High
1316205,Medium
247738,Low
1185531,Medium
1179247,Medium
979125,High
1005042,Low
859863,Medium
888589,Medium
904327,Low
1460,High
525449,Medium
1840342,Medium
1795128,Medium
1837453,Low
1614505,Medium
2305712,High
56954,High
2218588,Low
816252,Low
1809190,Medium
2158613,Low
866240,Low
1774835,Medium
2168887,High
1243967,Medium
485537,High
1070292,Medium
40183,Low
1208099,Medium
1666186,High
165652,Medium
1625004,High
1703317,High
108792,Low
17628,High
1593877,Low
1529640,Medium
692761,Medium
1700430,Medium
1196014,Medium
1637553,High
889908,High
1731905,High
1016906,Low
974049,Medium
1628467,Low
1683245,Medium
152117,High
725565,High
14676,Medium
1383844,Medium
1179449,Medium
298529,High
724735,High
176936,High
1180728,Medium
1148833,High
2042312,High
2314857,High
857927,Low
453568,High
401054,High
608500,Medium
2028171,High
977584,Medium
507940,Low
1099892,High
211633,High
1322306,Medium
54390,High
903209,Medium
2140547,High
2240767,Low
2026067,High
1035763,High
2110131,Medium
1209015,High
1257409,Medium
462742,High
1888474,Medium
1935018,Low
1729732,High
444238,Low
1962307,Medium
1705165,High
986810,High
2092837,High
350291,High
811772,Medium
1484445,Medium
1207805,Low
532655,Medium
423208,Low
1193561,Low
77143,Low
702665,Low
1542631,High
1900476,Low
202140,High
992851,Low
470453,Medium
2297868,Low
1953792,Medium
2304855,Low
1170430,High
2208426,Medium
1807211,High
559139,High
923732,High
1544038,Low
2302811,High
2124518,Medium
1606161,Medium
794923,High
205702,Medium
1089152,High
398347,Low
2091243,Medium
1425656,High
1757108,High
1923089,Low
880506,Low
568120,Medium
2166423,Medium
882868,High
1667454,Medium
259022,Low
1232816,Medium
821993,Low
401664,Low
187529,High
1795974,High
1858400,High
734718,Medium
1989227,Medium
1768259,Medium
2014398,High
2259444,High
1967999,High
993274,Low
488304,Medium
915262,High
1595097,High
2017169,Low
1215270,Medium
1742343,High
881261,High
1107608,Medium
1626230,High
1839145,Medium
1024367,High
193232,Medium
733724,Medium
741247,High
411431,Low
1753855,Medium
250433,Low
1940603,Medium
941423,High
259432,Low
34391,Low
2091083,High
538063,Medium
399154,Medium
1578308,Medium
871507,High
843973,Medium
712559,High
1890479,High
671948,High
908207,High
903616,Medium
280027,High
701497,High
845348,High
2287300,High
116547,Medium
334212,High
1438234,Medium
69360,High
340344,High
17876,High
273883,High
662823,High
58742,Medium
2302536,Low
439309,Low
1444598,Medium
1561152,Low
1194055,Medium
852394,Medium
1349561,Medium
1481037,High
996579,High
528548,Medium
2204286,High
2098244,Medium
1727260,High
1581140,Low
1432533,Medium
1809678,High
1181555,High
918268,Medium
582146,High
2030014,High
67568,Medium
27407,Low
1288101,Medium
754532,Low
1128544,Low
902825,Low
593200,High
881022,High
1358849,Medium
2271048,Medium
2066943,High
471622,High
647623,High
678121,Medium
354167,Low
1833838,Low
286599,High
2135417,Low
1903978,High
1073138,High
1637181,Low
1095683,Medium
2003427,Low
2148466,Medium
2323580,High
1744880,Medium
212895,High
918104,High
1516254,Low
1952395,High
1098182,Low
2172643,Medium
1617586,Medium
1120492,High
2127942,High
1900322,Medium
1986688,Medium
1651343,Medium
441816,High
1958468,Medium
1311011,Medium
1821775,Low
704045,Low
1497852,High
1770813,Medium
1489242,High
2220390,Medium
432650,Medium
1310032,Medium
1996549,High
2322615,High
1511914,Medium
277779,High
792587,High
2166418,High
1943762,Medium
313952,High
2097113,High
2096363,High
1599847,Low
1215773,Medium
2095092,Medium
1493472,Medium
1499732,Medium
1409143,Medium
979379,Medium
1665912,High
1254732,High
1531469,High
1247282,Low
2141047,Medium
1603281,Medium
1729120,High
400911,Low
408086,High
1316279,Low
1980520,High
462273,Low
1639973,High
91616,High
1021688,High
894052,High
114558,High
1579631,High
998055,Medium
2143325,Medium
295793,Low
869394,Medium
848936,Low
790914,High
690289,Medium
2282723,Medium
1450744,Medium
32855,Low
359857,High
2145384,Medium
1356753,Low
12979,Medium
677054,Low
863323,High
1125332,Medium
2093866,Low
2256748,Medium
915357,High
329506,Low
1325415,Low
156733,High
576428,Low
1188557,Low
491548,Medium
2124706,High
2200848,Low
45348,High
809084,High
1020330,High
1460283,Medium
960849,High
960044,High
1698484,Medium
870351,Medium
554232,High
980587,Low
946682,Medium
1395111,Medium
2275698,Medium
1662821,Medium
1137987,Low
1834264,High
89223,Medium
278647,Medium
531954,Medium
1852864,Low
2073512,High
973950,Medium
51691,Medium
1082453,Medium
1167851,Medium
773098,Low
1901344,Medium
921394,Medium
1681041,Low
264057,High
1979929,High
672219,Low
2191897,High
1512627,Medium
87986,Low
818293,Medium
2224001,Low
2190374,Medium
1210462,High
1385974,Medium
138235,High
978383,Medium
1786972,High
948329,High
2163967,High
1278895,Medium
2121598,High
1960211,Medium
934774,Low
1671716,Medium
305648,High
326902,Medium
2290088,Medium
350713,Medium
192483,Low
1573443,High
283238,High
1382705,High
106771,Medium
89370,Medium
900762,Medium
1089727,High
685149,High
1893594,Low
885966,Medium
1492109,Low
1316137,High
895045,Low
449811,High
1614677,Low
2282836,High
1340657,Medium
1841101,Medium
1710523,Medium
2267921,Low
2105982,High
2251664,High
453773,High
2213350,High
796311,Low
1146068,Low
1669946,High
859691,High
232250,High
1170691,Medium
1565889,High
1403873,Low
482941,Low
590857,Medium
2196346,Medium
719676,Medium
236596,High
1552957,High
289407,High
1386124,Medium
159412,Medium
1605514,Low
633552,High
752678,Medium
1938862,Low
323394,Medium
1820379,Low
1514751,Medium
282818,Medium
793590,Medium
1868593,Medium
1041123,High
1233082,Medium
1029793,Medium
1271663,Medium
1049790,Low
1581723,High
1111038,Medium
1181466,Low
960493,Medium
558428,High
1423440,High
618868,Low
903567,Medium
327528,Medium
855123,High
1637047,Medium
161789,Medium
525235,High
1039580,High
96930,High
1219511,Medium
1735073,High
222528,Low
1281016,High
2308043,High
1172552,Medium
271491,High
41,Medium
1986762,High
1163530,Medium
358339,Medium
1992140,Medium
285685,Low
1738417,High
1722888,Medium
1921204,Medium
2107745,Medium
726854,Medium
1289281,High
2054057,High
1830769,High
1468337,Low
2322545,Low
1085034,Medium
371919,Medium
953209,High
1542617,Low
1890298,Low
1159795,High
1387256,Medium
785970,High
1194936,High
2067100,Medium
86974,High
1815211,High
1108787,High
1282007,Medium
1351019,High
1268964,Medium
1371967,High
36528,High
975064,High
659718,Low
2232609,Medium
692958,High
1586069,High
1810354,Medium
53641,High
269459,High
24432,Medium
1204359,Medium
2232627,High
1704002,Medium
1519729,Medium
2007538,High
508898,High
296434,High
1571081,High
1494450,Low
219609,High
795964,Low
589019,Medium
1402022,Medium
1236580,Medium
1108643,Medium
2098065,Medium
764288,Medium
2269747,Medium
1945188,Medium
159079,Medium
937409,High
305552,Medium
2213259,High
1327188,Low
1171644,High
1304479,Low
1203229,Low
2194500,Medium
1451942,Low
1324810,Medium
1700718,Low
1117351,Medium
1982446,High
740866,High
1413565,Low
2294338,High
116527,High
13580,Medium
1289504,Medium
1070224,Low
744941,Low
130870,High
1225764,High
2308225,High
1965665,Medium
1281010,Medium
167119,Low
1333974,High
1936807,Low
1090185,High
1942370,Medium
353184,Low
1236986,Low
1101630,High
768210,Low
719494,Medium
93445,High
402848,High
1728235,Low
543467,High
177247,High
288716,High
224933,High
1906561,Medium
823277,Low
639802,High
9956,Low
289060,Medium
1391922,Low
1528966,Low
201990,High
1444823,Low
156874,Medium
2067167,Medium
492551,High
1134524,Medium
538249,High
1174516,Medium
4461,Medium
1292900,Medium
2073611,Medium
1596976,High
1444574,Medium
1129756,Medium
630124,Medium
136184,Medium
591575,Medium
1870661,High
587136,Low
1751708,Low
1684666,Medium
949637,Medium
852719,Low
1407767,Medium
330682,High
3629,Low
150993,High
1479165,High
542073,High
1676103,Medium
1793304,Medium
52852,Low
1992159,High
58855,Medium
1084684,Medium
1234438,Medium
2295808,Low
387211,Low
2294482,Medium
2146087,High
2233084,High
276119,High
1606192,High
1665150,High
331210,Medium
1473043,Medium
342338,Low
1500330,Medium
415157,High
1077353,High
206837,Medium
787518,Low
1836399,High
680858,Low
164758,Low
1927300,Medium
1952810,High
700312,Medium
1449289,Medium
1372532,Medium
273628,Medium
1226594,Medium
730051,High
755664,Medium
1058217,Medium
968681,Medium
117762,Low
1762473,High
1491527,High
645982,Low
459507,Medium
2048515,Medium
1660614,Medium
1380290,Medium
7521,High
511870,Medium
1405812,Medium
795029,Medium
790354,Medium
657834,Medium
1371337,Low
1739590,High
1214940,Medium
2055026,Medium
472237,Medium
2035578,High
918649,Medium
173613,High
281169,Low
339270,Low
1536525,High
1807811,Low
2104745,Medium
1197636,Low
1470204,High
1080727,High
1048081,Low
155396,High
1661871,Medium
2264683,Low
53525,Medium
1913877,High
1011680,Low
342910,Low
1270126,High
1721735,Medium
1102555,High
29067,Low
982024,Low
1815055,Medium
1689175,Medium
42175,Low
1847854,Low
1635535,Medium
293245,Low
1501609,Medium
443360,High
440618,Medium
1630733,Low
41113,High
1318529,Medium
257883,Medium
1008694,High
984561,Medium
951861,Low
410896,High
1780804,High
162312,Low
752314,Medium
2213969,Low
2015152,High
1848698,Medium
2066110,Low
783802,High
403259,Low
1290462,High
1144718,Medium
957203,High
2241189,High
609039,High
1395147,Low
27131,Medium
2049058,Medium
2129486,Medium
2013816,High
1983138,Medium
2170142,Medium
1505426,Medium
1381183,Medium
1963955,Medium
950767,Medium
1784141,Low
2023050,Low
606215,Medium
1645122,Medium
2021588,Medium
1070161,High
2077684,High
2276105,Low
1783266,Low
825627,High
2020758,Low
1979486,High
136600,Medium
1836781,Low
1874474,High
327310,Medium
1863709,High
1591191,Low
1692666,High
668736,High
1823339,Medium
1773040,Medium
1627704,Low
164799,High
2310373,High
884922,Medium
249891,High
121739,High
470755,High
568978,Medium
467650,Low
1534653,Low
228091,Low
2121647,Low
1915445,Low
863034,Medium
2165537,High
1282241,Medium
903774,High
1794284,Low
595432,Medium
2104433,Low
2289292,Medium
2315127,High
1737494,Medium
260328,Medium
2318029,Medium
464123,High
1735705,High
611900,High
1588107,High
1893578,High
2045182,High
942766,Low
1779481,Medium
1744954,Medium
498138,Medium
1131287,Medium
1184522,Medium
1130498,High
733938,Medium
1913053,Low
1157020,Low
1260162,Low
800977,Medium
722425,High
22301,Medium
2084024,Medium
1429093,High
2194883,Low
950770,High
1269713,Medium
1589989,Medium
1956989,Medium
334614,Medium
1281635,High
1448728,Low
949991,Medium
1143477,High
421986,High
334607,Medium
403470,Low
1674145,Medium
494977,High
585384,Low
982001,Low
1041506,Low
636983,Medium
1769067,Medium
1642416,Medium
1923083,Low
1053617,Low
222577,High
2046367,Low
443238,High
2123125,High
1313811,High
1006125,High
816959,Low
2245012,Medium
1355295,Low
884170,Low
1868386,Low
392551,High
2087790,Medium
325685,Medium
1392122,Medium
1880673,Medium
1169290,Medium
1425429,Low
2045817,Low
849643,Medium
1704726,High
1376922,Medium
217718,Low
498764,Low
327549,High
794455,High
943572,High
1975227,Low
282024,High
97613,Medium
544300,Medium
1738671,Medium
1682598,Medium
2137798,Medium
960093,Medium
445466,Low
951773,High
845248,Medium
2223269,Low
467036,Low
632470,Medium
1195986,High
891550,Medium
55288,High
487553,Medium
12936,Medium
599354,High
2085209,Low
1534325,Medium
875343,Medium
559051,Low
1747559,Medium
2153964,High
249633,Low
2181899,Low
1858153,Medium
29175,High
595843,High
707744,High
74544,High
1870118,High
125666,Medium
976460,Medium
2284633,Low
129373,High
1278687,Low
478429,Low
1289339,High
2237511,Medium
1690879,Low
1912538,High
404316,Low
646550,Medium
2012616,High
1403631,Low
1242042,High
103304,High
835763,Low
468930,High
1220407,Low
1159485,High
305064,High
123374,High
2269487,High
1683985,Medium
1554557,Low
983861,High
188387,Low
1477355,Low
916162,Medium
445816,Medium
733950,Medium
56470,Low
2030432,Low
1074254,High
68037,Medium
1261471,Low
1923519,Medium
278023,Medium
459925,Medium
969781,Low
1264637,Medium
1343719,Medium
309663,Low
1820334,Low
209911,Low
1131994,Medium
918798,Medium
1101241,High
1729629,Medium
1982682,High
480398,High
117094,Medium
424282,High
1406473,Low
1896562,Medium
1769448,Low
747263,Low
1322421,Medium
784053,Medium
1700519,High
2055952,Low
10571,Low
288436,Low
1147003,Medium
1637821,Low
1209307,High
525623,High
1338768,Medium
1292904,Low
2050826,Low
1541457,Low
1723238,Low
206604,Medium
822404,High
1478010,High
1931246,High
590489,Low
891856,High
2038017,Low
2153448,Medium
369587,High
1732089,Low
1806722,Medium
287852,High
1540809,Low
536334,Medium
920069,Medium
1271525,High
1962187,Low
2223564,High
1815500,High
2071563,Low
291341,Medium
2197680,Medium
219435,Low
1320635,High
903901,High
606760,High
1114471,Low
2277672,Medium
1494224,High
1754802,High
471407,High
220248,Low
1550050,Low
383113,Low
2027401,Medium
1911144,Low
2203715,Medium
974699,Medium
1114917,High
1259596,Medium
2221682,High
1567157,Medium
1610026,Medium
1676990,Medium
445797,Medium
92378,Medium
631969,Medium
52131,High
375854,High
1093747,Medium
1102239,High
1716370,High
577427,Medium
743952,High
207206,Low
1670358,High
1079962,Medium
692836,High
908399,Medium
1824053,Medium
2288918,Medium
636967,High
1149510,Low
213163,Low
1727568,Medium
905898,High
1936155,Medium
458890,Medium
1494342,Medium
1061437,Low
822403,Low
984529,Medium
2045186,Low
1972731,High
1304498,Medium
1067140,High
596127,Medium
804615,Low
91438,High
2253608,High
1558468,Low
1991746,Low
575348,Medium
645863,Medium
1140504,Medium
470117,Medium
1487950,Low
1717531,Low
614994,Low
1869190,Low
736586,Low
1110670,High
1853534,Medium
1271453,Medium
791042,High
2137131,High
959440,High
2128875,High
1621529,Medium
309035,Low
1012183,High
462126,High
1979959,High
708560,Low
1119717,High
635736,Low
995919,Medium
1196762,Low
1727927,Medium
1265395,High
2181296,Low
1849410,Medium
1963283,High
1364937,Low
1528455,Medium
1441389,High
2881,Medium
1691698,High
33977,Low
2206191,Medium
2032134,Medium
362075,Low
1071578,Medium
249566,Medium
467247,High
660238,Low
538873,High
913927,Low
190733,Medium
1295567,High
785718,High
382670,Low
473420,Medium
2040910,Medium
2286134,Low
1780794,High
1283594,Medium
1477581,High
666992,Medium
2239519,Low
1692830,Medium
470633,Medium
1910019,Low
2003579,Medium
1496473,High
2046953,Low
645620,High
319705,Medium
1781628,Medium
1429948,Medium
1197676,Medium
1174669,Medium
433221,Medium
1948177,High
201935,Low
613774,High
1182530,High
97123,Medium
1111256,Medium
566684,Low
172171,Medium
637445,High
437587,Medium
93642,Low
781133,Medium
1640334,Medium
353391,Medium
1191115,Low
1970436,Medium
1554109,Medium
1374237,Medium
1642985,High
1393115,High
408111,High
203338,Low
757667,Low
2040319,Medium
1853410,High
830808,High
988907,High
1737987,Low
2224962,High
1635457,Medium
116956,Low
1140091,Low
804677,High
556141,Low
1448501,Medium
467100,Medium
1490596,High
1513272,Medium
152636,Low
572430,Low
1264732,Medium
2016080,Medium
2147823,High
2233885,Medium
1117008,Medium
1837792,Medium
93354,Medium
618219,High
475235,Low
541564,High
164724,High
489576,Medium
435097,Medium
1902103,High
1655256,Medium
2269355,High
795595,Low
420701,High
308277,High
1315051,High
715946,High
1555366,High
202495,Low
2240597,Medium
1240896,Medium
291926,Medium
1097917,Low
2308808,Medium
2269855,High
1777636,High
187777,Low
837138,Medium
2172638,Medium
834604,High
604534,Medium
1619952,Low
1330651,Low
152817,High
1155927,High
401155,Medium
1965358,High
1148039,Low
2111258,High
1560227,Medium
1006642,High
1123247,Medium
95210,Low
249884,Medium
325224,High
285926,Medium
2156963,Medium
1049894,High
1009934,Low
652060,Medium
1737772,High
144664,High
1222907,High
276022,Medium
76578,High
88869,High
312195,Low
2304125,Medium
1319653,Medium
1943711,Low
660573,High
119751,Low
817477,Medium
1508743,Low
596890,High
190803,Medium
1188080,Medium
1885092,High
1820060,High
666605,Low
2209432,Low
2033950,Low
116062,Low
1157137,Low
1882221,High
142599,Medium
1522521,Medium
851350,Medium
14584,Low
641648,Low
1963687,High
1211358,Low
214975,Low
1725866,Low
1124255,Medium
810778,High
1686312,Medium
1118276,High
1378532,High
1100306,Medium
262087,High
1913089,High
245824,High
2244282,Medium
2264350,Medium
492854,Low
352434,High
813874,High
1478359,Medium
615159,Medium
1968950,Medium
2048401,High
1208454,Medium
795782,Medium
214665,High
88096,High
1607772,High
1792834,Medium
2272176,Low
369787,Medium
145174,Medium
2064160,Medium
1324298,Low
889368,High
1007284,Low
493824,High
286511,High
666808,Medium
928574,Low
807885,High
1307789,High
2140982,High
496830,Medium
1224250,High
1729187,Medium
820029,Medium
2258092,High
350172,Medium
149602,High
1988542,High
1724762,Medium
1045879,Low
2070169,Medium
1890894,Low
21124,High
395872,Low
798126,Medium
40016,Medium
1543795,Medium
450502,High
2311512,High
1423336,Medium
1145397,High
1549971,Low
1967035,Low
1795674,Medium
947031,Medium
714159,Low
498510,Medium
2115238,Low
947570,Medium
1909121,Medium
1206817,High
610215,Medium
1121180,Medium
437945,Medium
1598995,Low
1741103,High
1531093,High
1899329,Medium
1990865,Medium
696763,High
2258401,High
1389977,High
1597127,Low
307450,Low
1077687,High
250576,Low
2131346,Low
1260155,Low
1714316,High
1215372,Low
1336580,High
1689559,High
828784,Low
1589544,Medium
2007543,Medium
20982,Low
1708376,Medium
2016810,Medium
2252493,High
214225,Low
1234562,Low
1726278,Low
1596203,Medium
463597,Medium
1436921,Medium
1233718,High
1632178,High
2223655,Medium
82977,Low
1253115,High
1405071,Low
2318633,High
194484,Low
1915562,Low
1061974,Low
1132379,High
1228440,High
1935332,Low
20918,High
1240192,Low
1618603,High
1134155,High
597677,Low
2182496,Medium
225425,Medium
2265674,Medium
1539694,High
739796,Low
1743141,Low
1657031,High
341673,Low
138674,Low
507957,High
53542,Low
1346490,Medium
1711445,Low
101982,High
1579396,Medium
28022,Medium
1977526,Medium
579734,High
2099044,High
1408645,High
260916,Medium
25314,Low
2326319,High
954426,High
1415946,High
2274588,Low
1922614,Medium
97587,High
987185,Medium
240801,Low
1145470,Low
1541508,High
1129665,High
2269177,Medium
309662,Low
1623418,High
1950861,Medium
99274,High
419857,Low
365285,Medium
771020,High
1094366,High
388709,Low
1430067,Low
1033204,High
1045587,Medium
1569620,Low
726280,Low
1845836,Low
947827,Low
1289961,Low
1438698,High
227915,High
527141,High
1523308,High
1112572,High
1732661,High
2225854,High
1176086,Medium
2201248,High
189341,High
462794,Medium
1918878,High
1110469,Medium
2025512,Low
1702763,High
93957,High
1613663,Medium
1095524,Low
2005328,Low
2242100,High
166612,Low
1978529,Low
1650271,Low
790046,Low
1037080,Medium
524804,Medium
2199452,Low
1359589,Medium
794718,Medium
992962,Medium
224048,High
534034,Low
2239495,Low
2286887,High
779331,Medium
1376334,Low
1237514,High
1145025,High
675737,Medium
46400,Low
903882,Low
975105,High
1147909,High
2211645,High
392092,High
798548,Medium
1262818,High
747007,Low
629260,Low
1609195,Medium
1864526,Medium
1502662,Low
768926,Medium
1821020,Low
1714516,High
840640,High
937161,Medium
1132105,High
2058794,High
157598,High
2028600,High
1440041,Medium
2000184,High
1726342,High
1304773,High
626345,High
652869,High
533079,High
1629713,Medium
1812637,High
380747,High
2037639,Medium
1778764,Medium
1339028,Medium
1661548,Medium
1076938,High
274454,High
1036353,Medium
1373986,High
763814,High
235309,Medium
2241221,Medium
1827579,Low
902076,High
1691421,High
1980700,Medium
1917277,High
1682773,Medium
807534,High
2101574,High
2203315,Medium
1759117,Low
2325405,Medium
245477,Low
901596,High
1369431,Low
1199624,Medium
1397948,Low
162749,Low
152134,High
2164030,Low
2181173,Medium
297475,Low
2030045,High
1524926,Medium
1506105,Low
1244568,High
1969255,Medium
298846,Low
590074,Low
1787755,Medium
790388,Medium
2029861,High
1812573,Medium
86929,Low
48084,Low
940038,Medium
1685656,High
774211,High
1079365,High
617336,High
605410,High
1215881,Low
218217,High
146445,High
1576177,High
825424,Medium
604849,Medium
454556,Low
1399516,Low
157607,Medium
1626413,High
1151246,Medium
757257,Low
1835837,Low
362322,Low
982451,Low
101171,High
1663990,High
1371237,Medium
365170,High
412673,Low
694135,Low
272155,Medium
1911979,Low
1142891,High
1661989,High
254276,Medium
637019,Low
1136012,High
1687826,High
2069723,Low
556998,High
1455589,High
114511,Medium
2133707,Medium
791637,Low
2326300,High
947979,High
45703,High
2062930,High
2019724,Medium
2098551,Medium
314364,Medium
172822,Low
1614901,High
195830,Medium
684174,High
1902843,Low
769588,High
2168402,Medium
931025,Medium
1007421,Low
101666,High
1513901,Medium
220667,Medium
1092007,High
1449314,Medium
1237482,Low
243221,Medium
462991,Low
832579,High
789313,Low
114238,High
2285445,Medium
445313,Medium
1823622,High
1868829,Medium
35312,Low
1467289,High
1706263,Medium
1300919,Medium
1091319,Medium
340200,Medium
2065171,Medium
2197804,High
588713,Low
611908,Low
1117671,Medium
122161,Medium
1821952,High
890279,High
1689758,Low
122267,Low
565621,Medium
594750,Medium
58348,Low
189591,Medium
1891816,Medium
855681,Low
540926,High
802110,High
1537278,Low
676372,High
867083,Medium
1053331,High
1235595,High
417487,Low
2088789,High
527116,Medium
1769234,Low
2077417,Low
2277532,Medium
1407066,High
817253,Low
415289,Low
459617,High
835407,High
2048727,Medium
1543387,High
484160,High
440717,Low
1229979,Low
2121428,High
1815668,High
1842722,Medium
1176685,High
1535307,Medium
1030767,Low
1070798,Medium
507668,Low
706507,Medium
2206302,High
157166,Medium
2064746,Medium
1854708,Low
1375867,High
1953751,Low
555432,High
441779,High
1865151,Medium
567969,Low
532506,Low
1920769,Low
1413072,High
1796372,Medium
1891614,High
1587870,Low
2095163,Medium
958492,Low
618116,High
895944,Medium
1695796,Low
2162052,Medium
155952,Low
631019,Medium
487885,Low
1811368,High
1383044,Medium
752380,High
1744735,Low
225394,Low
2168053,Medium
1193657,High
1028187,Medium
901175,Low
1018624,High
1934308,High
901407,Medium
952149,High
894656,Medium
1475414,Medium
751360,Low
647327,High
105899,High
519911,High
1938430,Medium
2232464,High
1945122,Low
1053425,Medium
894535,High
1532159,Low
1223146,High
53538,High
1521594,High
2090497,Low
1507907,Low
715497,Medium
85826,Medium
331104,High
383555,Medium
1371970,High
1249640,Low
62647,Medium
1258096,High
520581,Low
1743394,High
519286,Medium
1557031,Low
867855,Medium
2103314,High
2049539,High
2229632,Medium
1725764,Low
2314555,Medium
110783,Medium
430311,Medium
1377213,Low
101077,Medium
639642,High
2127828,High
1199116,High
2263323,High
1671212,Medium
684288,High
1011066,Medium
2268590,High
1175622,Medium
268436,High
946082,High
2254287,Low
1372365,Medium
1999070,Low
71395,Medium
649693,Low
1410454,Medium
2083812,Low
1497050,Low
1772734,Low
673739,Low
1717295,Low
1721747,Low
1154342,High
972072,High
1812075,Low
1830095,Low
1459500,Medium
385153,Medium
2206855,High
589917,Medium
1233846,Medium
1221206,Medium
469928,Low
2319872,Medium
1071350,Medium
1239087,High
641628,High
1235813,Low
317663,Low
480042,High
1390567,Low
1884887,Low
37703,Low
2290483,Medium
516208,Low
42327,High
1398605,High
22636,Medium
1815314,High
1250418,Low
2066977,Low
1061773,Low
1074041,High
1790427,High
1470505,High
475466,Medium
613918,High
1956719,High
156819,High
498888,High
282484,Medium
1211812,Low
444138,Medium
1396461,High
2182252,High
1683212,High
1359450,Low
1069044,Medium
1881384,High
480454,Medium
577817,Medium
1868509,Low
973050,High
1430048,Medium
974822,Medium
1943889,High
55126,Medium
411920,Low
657696,Medium
320273,High
1710724,Medium
711551,High
1305159,High
526715,Medium
1986902,High
1963970,High
1565764,Medium
2243053,Medium
532526,Medium
1149995,Low
1618661,Medium
1438832,High
1290859,High
518608,Low
1501560,Low
2182881,Medium
853036,Medium
1367286,High
2065113,Medium
73398,Medium
1390755,High
2155949,Medium
1302043,High
1448549,Medium
1038851,High
1174414,Medium
1996971,Low
565572,Medium
1752740,High
1917564,High
52355,Medium
972563,High
523024,Medium
9216,Low
2182018,High
1157472,Low
1646231,Medium
2129114,Medium
1309111,Low
1926082,Medium
1997932,High
798653,Low
1347146,Medium
940735,Low
1646907,Low
1806302,High
901983,Medium
1739070,Medium
998111,Medium
2156754,Low
2127602,High
648408,Low
59350,Low
850319,High
1316752,Medium
1112820,High
1831213,Medium
2277005,High
1865696,High
1157715,Medium
2205426,Medium
580213,Low
1367849,Medium
1566980,Medium
2122802,Low
2274511,Low
2106816,Medium
1112108,Low
1329834,Medium
2051205,High
2226505,Low
1840896,Low
61405,Low
1810231,Low
1908667,Medium
1232779,Low
415170,High
1338307,High
1542777,High
850295,Medium
526317,Medium
1036728,Medium
1902551,Low
1893356,Low
1003870,Medium
998593,Low
2226114,Medium
1274795,Medium
1489828,Medium
1479117,High
1255420,High
2208763,High
428034,Low
1366092,Medium
1842063,Medium
156454,Low
1857341,Medium
351188,Low
1502655,Medium
775187,Low
1841337,Medium
257103,High
1658988,High
491157,High
256429,Medium
1269197,Low
773116,Medium
484424,Medium
2289856,Medium
2160268,Low
1757659,Medium
951097,Medium
1703712,Medium
2192380,Low
2130609,Medium
1129686,Low
2272543,Medium
1684740,Low
453142,Medium
541799,Low
868156,High
1497743,High
783114,Medium
330171,High
56319,Medium
2191349,Low
2179268,High
1667610,High
1344357,Medium
1202857,Medium
785234,High
213873,Low
1413882,Medium
351617,High
1240111,High
318591,Medium
1391109,Medium
489559,Low
257921,Low
1326869,Low
521391,Medium
1372897,Low
1208797,Medium
1379230,High
2235785,High
625957,High
1182491,Low
1635369,Low
1017332,High
703832,Medium
2313623,High
626464,Medium
1028855,High
597037,Low
952254,Medium
763778,High
1291133,High
1099994,High
2263607,Medium
1151015,Medium
2172766,Low
1176893,Medium
1204229,Low
959707,Medium
1988238,High
591373,High
2036076,Medium
468870,High
1576888,Low
68321,High
566104,High
968496,High
2050060,High
1682996,Medium
276770,High
458330,Medium
571073,High
1490307,High
2165312,Medium
1602550,Low
323035,Low
1841361,High
1815078,Medium
993153,Medium
569940,Medium
636173,Low
892100,Medium
1121928,Low
186629,High
1341639,Low
1389200,Low
136432,Medium
1739892,High
1286754,Medium
2218702,Medium
184063,Medium
2258505,Low
1196161,High
1515316,Medium
2236183,High
1276647,High
1244176,Medium
1128783,Medium
1869823,Medium
997965,Medium
135573,Medium
626262,Low
1366151,Medium
898484,High
1972369,High
442332,Low
575912,Medium
1372107,High
1815449,High
314697,High
998024,Low
683289,Medium
2231393,Medium
1172894,Low
1731868,Low
1843145,Medium
1751420,Low
228626,Medium
239046,High
536425,Low
2033541,Medium
1971571,Medium
2037673,Low
771928,Medium
415085,High
1526307,High
719089,Medium
2122464,Medium
1825325,High
1133543,Medium
1088488,Low
484556,Medium
1085676,High
1889724,High
2245948,Medium
544766,Medium
608566,Medium
2188513,Low
9644,High
1159354,High
1587114,Medium
702382,High
1497283,Low
1330448,Low
2087744,Medium
33225,Low
509095,High
714873,High
1228002,Medium
423507,Medium
1928485,High
1649569,Medium
580803,High
150224,High
1224140,Low
428432,Low
2276061,High
946100,High
426974,Medium
1152740,Low
542383,Medium
687233,High
757985,Medium
727465,Medium
2151528,Medium
1959450,High
1229841,High
515022,High
2176638,High
1355965,Low
267422,Medium
1199738,Medium
1234281,Medium
1212524,High
286002,Medium
1646566,Medium
2234988,High
1670433,High
1893172,Low
132397,Medium
613867,Low
28384,Low
326725,Medium
1142422,High
851349,Medium
1901589,High
1970149,Low
388616,High
1155139,Low
399055,High
383183,High
1937929,Medium
1426176,High
1569262,High
2161644,Low
958915,High
1814162,High
1134496,Low
1787134,Low
165928,High
1235912,High
933218,High
743973,Medium
272955,Low
263242,High
1356172,Low
605116,Low
259221,Medium
511621,Medium
349575,Low
1139620,Medium
1619156,Low
1526311,Medium
14374,Medium
1988234,Medium
1096742,High
1849235,Medium
198357,Medium
1149558,Medium
876492,Low
2156122,Low
1143464,Low
2050610,Low
2069227,Low
739894,Medium
475612,Low
1753528,High
46306,High
381968,Low
1155498,Medium
563535,High
2215399,Low
1863733,Low
1499254,Medium
404759,High
1232686,Medium
2147627,High
866171,High
1518402,Low
2130982,Low
1235590,Medium
1345190,Medium
1644064,Medium
944360,Low
761459,Low
1455353,High
194705,High
104776,Low
1290535,High
2220528,Medium
285558,Medium
824257,Low
1255771,High
415251,Low
2250336,Medium
1224669,Medium
362218,Low
1352903,Medium
1946287,Low
215135,Low
2075858,Medium
1703658,High
2268628,Medium
336204,High
9966,Medium
1386468,High
1598848,Low
277660,Low
480126,High
1398620,Medium
2314874,Low
2046794,Medium
264764,High
1801601,Low
1146571,Low
1849587,High
126257,Medium
2047935,Medium
1972307,High
1151838,High
66034,Medium
171044,High
754014,Low
1370346,Medium
1279876,High
2170310,Medium
732840,Medium
1905154,Low
439772,Medium
306091,Medium
355591,Low
2174083,Medium
1572384,High
400154,Medium
1641225,High
1679811,Low
2068579,Medium
12899,Medium
2317821,High
1554789,Low
1716332,High
608712,Medium
2136621,Low
1726044,Medium
898552,Medium
1021974,Medium
112395,Medium
239352,Medium
632100,Low
2276154,Low
1559055,Medium
488609,Low
677723,Medium
690703,Medium
1117981,Medium
1035038,Low
1049132,Low
1828395,Medium
541989,High
1020869,High
139182,Low
2181565,Medium
2179547,Medium
2206912,Medium
1196289,Low
1396364,Low
1176667,Medium
1163263,Medium
1795467,Medium
138817,High
1609667,Low
656438,Low
1700720,High
304490,Low
1696757,Low
904926,Medium
255829,Medium
647908,Medium
595589,High
520456,High
574214,Low
1823350,High
2015283,Medium
386798,Low
2094887,Low
1761650,Medium
1487631,High
1668015,High
42534,Medium
1322749,High
2292358,Low
774669,High
1812917,Medium
1115936,High
882497,High
2132321,Medium
1683107,High
2272500,Medium
675771,Low
1795122,Low
897375,High
1061940,Low
1618267,Low
444069,Medium
1463550,Low
1593075,Medium
148125,High
594364,Low
1532791,High
882896,Medium
1001996,Low
261860,Medium
2153116,Medium
1783335,Medium
1077595,Medium
2324744,High
999247,Low
1299206,Low
822444,Low
1300609,Low
1548946,Medium
1403029,Medium
885732,High
110700,Medium
1225129,High
1674840,High
578454,High
1835740,Medium
701209,Medium
1497119,High
771145,High
1164166,Medium
2281322,High
381082,Low
1755151,Low
1712899,Medium
2304380,Medium
699396,Low
54221,Low
1726622,High
509297,Low
2305842,Low
1058853,Medium
1876328,Low
2036472,Medium
1504617,High
552128,Medium
382324,Medium
1381944,Low
1019575,Low
1768000,Medium
672515,High
1848462,High
767929,Medium
349930,High
135887,Medium
173679,High
1981424,High
2142021,Medium
2233168,Medium
1970908,Medium
286581,High
2161225,Medium
1639729,Low
1261511,Medium
999249,High
1533516,High
775815,High
1357573,Low
1215426,High
1063576,High
1842237,High
2042826,Low
296076,Medium
975386,High
1021976,High
660700,High
272719,Medium
1143028,Medium
971497,Low
1771328,Low
1236720,High
1820313,High
510226,High
2263543,Low
1742086,High
507818,Medium
532037,Low
2145062,Medium
1738843,Low
435519,Medium
1278187,High
125057,Medium
351265,Low
345420,High
2222200,High
1657245,Low
782523,High
2197578,Medium
874605,High
1984083,Medium
982101,Low
902155,Low
1270072,Medium
200363,High
1055813,High
1599026,Medium
441700,Low
391754,Medium
1243982,High
989435,Medium
2020020,Medium
213781,Low
585901,Medium
1951156,Low
331980,High
438562,Medium
1735271,Low
1624002,High
969211,High
2260743,High
164247,High
1224816,High
482493,Medium
1224822,Low
476816,Medium
1427963,Medium
1489161,Medium
50879,High
1752231,Low
1579625,Medium
2212557,Medium
697923,Medium
1456622,High
585687,Medium
961046,Medium
508409,Low
2263831,High
1811530,Medium
967276,Low
280702,High
2049806,Medium
1635955,Low
321661,Medium
1178882,High
1418178,Low
1413257,High
2199881,Medium
65840,High
2041989,Low
2080109,Medium
2273861,High
1472691,High
705441,Low
1851739,Medium
2004556,High
662962,Medium
754786,Medium
2041725,Medium
133876,Low
2185385,Medium
822093,High
1430863,Low
1105499,Low
70794,High
1736500,Medium
1807412,Low
2126046,Medium
1494269,High
2218310,Low
1297901,Medium
51607,Medium
1147821,Medium
1303593,Medium
1520971,High
116300,Low
173873,High
270939,Low
531844,High
1816494,High
1934439,Medium
1300585,Medium
1518234,Medium
1304082,Low
1079900,High
1880769,High
1850777,High
2125692,Medium
110165,Low
429129,High
745375,Medium
287069,Medium
549333,Medium
648925,Low
1433087,Low
1310009,Medium
1300219,Medium
28932,Low
1513335,Medium
806903,Medium
1484832,Medium
123630,Medium
2292734,High
410927,Low
78648,High
207028,High
28211,Medium
247629,Medium
821878,Medium
1675938,High
1826072,Medium
710147,Medium
1440917,Medium
2011441,Low
374900,Medium
1529219,High
2046223,High
1990137,High
378539,High
1173728,Medium
1197171,High
1856509,Medium
2108566,Low
1392936,Low
1776941,Medium
1261944,High
2083086,Medium
2222822,Medium
1564238,High
2158617,Medium
721558,Medium
1598119,Medium
853178,High
1233149,High
1401862,High
1640114,Low
820845,High
281749,Medium
1882368,High
1620859,Low
1908714,High
5932,Medium
235247,High
549630,High
1844340,High
100837,High
869208,Medium
2240112,Low
983133,Low
101520,Medium
1931768,Medium
454328,Low
900797,Medium
806828,High
271254,Medium
1556646,High
1292976,High
1809408,High
671455,High
1134511,Medium
1964169,High
1272926,Low
1519308,Low
1262753,Medium
746445,Medium
546050,High
857117,High
739695,Medium
927926,Low
1638407,High
1219182,High
986153,Low
534907,High
420728,Medium
592491,High
1473498,Low
945708,High
1728070,High
748480,High
1262213,High
904846,Medium
1769019,Medium
863496,Medium
1557025,High
65129,Medium
867022,Medium
2218191,Low
586552,High
330113,Medium
1977654,Low
290859,Medium
1390448,Medium
1750744,Low
1508752,Low
1683604,High
1727093,High
242042,High
1637234,High
1451002,High
913129,Low
990004,Medium
2128808,Medium
1487970,Medium
1857795,High
1559714,Medium
458248,Medium
878440,Low
366623,High
1981233,High
1582988,Medium
189099,High
122655,Low
707815,High
2060152,High
1331245,Low
655191,Low
1773853,High
1159569,Medium
2285957,High
2012488,High
832918,Medium
2052286,High
30343,Low
1305572,High
1563461,High
533019,Medium
2170792,High
799131,Medium
2259194,Medium
1338757,High
1779133,Low
1395194,Medium
790400,Medium
1640084,High
1065382,Medium
14128,High
1122899,High
958791,Medium
684025,Medium
690637,High
776835,Low
151522,Medium
969165,High
1043587,Medium
1935723,High
1143065,High
1800305,Medium
1680952,Low
1610468,Low
161881,Medium
2243290,Low
145117,High
672660,Medium
2262308,High
2149989,Low
431752,High
1485583,Medium
121574,Low
2265635,Medium
320878,High
931540,Low
1182577,Low
20011,Medium
2271704,High
1496785,Medium
916891,High
1690114,Medium
1591048,High
1830271,High
1706111,Medium
794702,High
569186,Medium
892522,High
1881591,High
2029596,High
395777,Low
1658652,High
1923189,Low
2061517,Low
1551354,High
1162398,Medium
694636,High
876395,Low
1259214,High
1804207,High
426904,High
1647852,Medium
514481,Medium
1840356,Low
1904398,Low
399140,Low
189359,High
1789973,High
1156086,Low
653832,Medium
219888,Medium
1406261,Medium
2133835,High
2292588,Medium
1207821,High
1472980,High
407155,High
1280679,Low
1042929,High
2265720,Medium
1873923,High
863776,Medium
1162601,High
379463,High
842559,Medium
2302814,Medium
125389,Medium
1606066,High
838792,Medium
933094,Medium
1749815,High
924627,High
1670167,Medium
276779,Medium
1247207,Low
2264564,Medium
708761,Medium
2132140,Medium
250408,Medium
746066,Medium
1614935,Low
2074024,Medium
372661,High
1884934,Low
756413,High
1637993,Low
1495850,High
941283,Medium
933917,High
924874,Low
1490700,High
508373,Low
738083,Medium
302873,Low
416841,Medium
318487,High
1999298,Medium
1246346,High
63662,Medium
887562,Medium
1563872,Medium
257831,Medium
1229491,Medium
812277,Medium
2048436,Low
2262474,High
22907,High
1606642,Medium
1533212,High
1584815,High
1015164,Low
1222953,Low
2230498,High
1534180,Medium
1625420,Medium
1011646,High
1321500,Low
1458570,High
2313399,Low
736512,Low
2049710,High
1081823,High
1491906,High
1676106,Low
163297,Medium
1352030,Medium
1601551,High
1567815,Low
2089337,Low
1307898,Low
1093858,High
1747039,Medium
1685819,High
1477800,Low
497052,Medium
841087,Medium
1607073,High
1725896,High
922786,Medium
383607,High
657412,Low
899099,Low
1229793,Medium
1058795,High
1905913,Low
652470,High
736112,High
2145009,Low
494389,Medium
1199561,Medium
338734,High
524221,Low
195619,High
2049604,High
30688,High
250043,Medium
537252,High
202464,Medium
1076651,Medium
1396424,Low
1328073,Medium
1668872,Medium
167551,High
865256,Medium
2256141,High
363912,Low
359144,Low
788192,High
227378,Low
1246623,Medium
1510646,High
1325037,Medium
1881128,Medium
596871,Low
1544615,Medium
1639922,High
945999,High
1514418,Low
2256737,Medium
1119449,Medium
2200216,Medium
296110,Medium
424652,High
1106221,Medium
2136743,Medium
1820551,High
1021124,High
1411748,High
1038998,High
875816,Low
1419454,Medium
104226,Medium
153905,Low
88937,High
441863,High
313411,High
1505109,Medium
489794,Medium
1230187,High
338581,Medium
1064928,Low
1307248,High
423084,Medium
97891,Medium
80875,High
1302717,Medium
1646761,Low
1713714,Medium
1136065,High
1911915,Low
2175833,High
1806332,Low
723394,Medium
687961,Medium
742927,Low
1635330,Medium
2219304,High
2103856,Low
987459,High
483830,Medium
37694,Medium
267511,High
2211063,Low
977573,High
1083236,High
651279,High
1771305,High
669943,High
421353,High
2301035,High
472168,High
2234502,High
127960,Medium
641572,High
818761,Medium
100940,High
1885697,Medium
502212,Medium
1415619,Low
1982509,High
962807,Low
4464,Medium
930474,Medium
751150,Medium
1355733,Medium
1109753,Medium
1714709,Low
819788,High
1022194,Low
1966209,Medium
244374,Medium
906803,Low
2193289,Medium
1969029,Medium
1128106,Medium
205423,Low
892906,High
2305984,Low
1993305,Medium
399056,Medium
564219,Low
973944,Medium
1844114,Low
1443842,Low
1801171,Medium
639903,Low
211216,Medium
275028,Medium
1481475,Medium
1661295,High
50199,High
1673405,High
156484,High
386578,High
1586847,Low
697165,Medium
858206,Low
136215,High
1174697,High
32025,High
1221888,High
1810818,Medium
1394495,Low
1190042,Medium
195551,Low
338565,Medium
1105492,Medium
1469750,High
160979,Medium
1589546,Low
864280,Medium
1693307,Medium
1202503,Low
1703884,Low
445166,Medium
963183,Low
737430,High
634524,High
2000833,Medium
1044894,High
389899,Low
1910813,Low
2217850,Medium
1473211,Medium
409705,Low
1386886,Low
1477321,High
263507,Medium
2318385,Medium
506259,High
103396,Medium
533312,Low
1300552,Low
1998429,Medium
1724100,Medium
2186992,Medium
1101654,Medium
182846,Low
2879,Medium
1137114,Low
621934,Low
1265620,Low
1414767,Medium
279475,Medium
1082387,High
1851861,Medium
1195487,High
2130386,High
1213356,Low
2290695,Medium
1811789,High
538952,Medium
776306,Low
1871949,Low
461211,Low
865755,Medium
265344,Medium
268557,Medium
1294549,Medium
2302486,Low
1307415,Medium
965128,Low
2179342,High
1893793,Medium
1772651,Medium
1996217,High
2325917,Low
1031044,Low
496871,High
2160471,High
1127877,Medium
751754,High
528025,Low
1057176,Medium
1034214,Medium
1581072,High
204074,Medium
474407,Low
157790,Low
479678,Medium
971104,Medium
1693027,Medium
2202629,Medium
1387314,Low
913517,High
2179008,Medium
1610210,High
1373690,Low
791279,Low
1201627,Medium
1115013,Low
1567264,Low
923696,Medium
162503,Low
987732,High
2101606,High
1907193,Medium
111733,Medium
203712,Medium
1049989,High
717606,Medium
855363,Low
1634783,High
1028202,Medium
1459419,High
1831535,Low
903865,Medium
566094,Medium
341856,Low
686678,Medium
639088,High
2277324,High
1184066,High
859591,Medium
1210995,Medium
41694,High
1507017,High
1325218,High
1561432,High
182648,High
554438,Medium
1591888,Medium
1624910,Medium
819397,Low
1480018,Low
1371675,High
1413796,Low
1498855,Medium
2003124,High
854811,High
614245,Medium
1698689,Medium
2072450,Low
2097938,High
2118401,Low
1209655,High
1786458,Low
606713,Low
1228615,High
2046449,Low
68058,High
1829079,Low
2326734,Medium
427635,Low
832217,Medium
1414520,Medium
1673739,Medium
1439691,Medium
56719,Low
876890,Medium
261138,High
2285089,Medium
598330,Medium
1829359,High
2070920,High
220425,High
1030895,Low
602304,High
96727,Medium
111150,Low
636669,Medium
1294466,High
1628846,Medium
69973,Low
723678,Low
1548498,High
1141525,Low
754220,Low
252160,High
1561247,Low
2142175,Low
18071,High
1105034,Medium
1601299,High
325621,High
2146948,Medium
2287297,Medium
1152598,High
679528,Low
624511,High
1624543,Medium
2065772,Low
1464427,Low
1316994,High
2136533,High
2275743,Medium
1669246,High
1937157,Low
2047089,Medium
2036571,Low
1009042,High
308348,High
1890867,Medium
487233,Low
1579755,High
1072772,Medium
678398,Low
85612,Low
694112,High
750368,High
1393253,High
1642970,High
1365640,Medium
1567185,Low
1075273,Medium
1688158,High
2029916,High
474800,Low
1170541,Medium
269758,Medium
1493048,High
1869084,Medium
1731694,High
1036840,Low
738491,High
624573,Medium
552012,High
2180900,Medium
894608,Medium
2162904,Medium
2033795,Low
897924,High
1704128,Low
216825,Medium
161069,Medium
1584451,Medium
1777422,High
1625403,Medium
2236979,Medium
893730,Medium
1818078,Medium
960909,Medium
2027663,Medium
80307,High
1284320,High
297782,High
1261083,Low
1415860,High
340388,Medium
1101906,Medium
1753499,Low
1690232,Low
1582323,High
1868754,Low
343589,High
681587,Low
35137,High
706751,Low
1556630,Medium
899514,Medium
1368008,Medium
767917,Medium
756656,Low
168184,Medium
2158600,Medium
458328,High
1026820,Low
1511414,Low
1155855,Low
2084822,High
995049,Medium
1261275,Medium
1875529,High
2304748,High
1226338,Low
501580,High
1247002,Medium
1603505,High
378703,High
293147,Medium
492375,Low
2035585,Medium
1967804,Low
997142,High
55602,High
2054022,Medium
100348,High
592460,Low
1367855,High
977577,High
764029,High
1278557,Low
801437,High
61427,Medium
917979,Medium
870775,Medium
245937,High
193767,High
1704143,Medium
74287,Low
1679960,High
837367,High
2261728,Medium
2120439,Medium
121922,High
954588,High
762576,Medium
1443513,Medium
1710962,Medium
1758842,Low
762271,Medium
978493,Medium
179600,Medium
2053837,High
196063,Medium
18274,Medium
1558170,High
728276,Medium
715833,High
2104080,Low
492796,High
952694,Medium
935485,Medium
273485,High
1356624,Low
1052692,Low
1973490,Medium
2138232,Medium
77402,Medium
4721,Medium
1659182,Medium
1482015,Low
492061,Medium
2267951,Low
333067,Low
1814028,Low
1017624,Medium
1251261,High
1943265,Medium
2092916,Medium
2319153,Medium
1476299,Medium
983456,Medium
2197997,Low
553213,Low
364275,High
1582562,Medium
489556,High
1016485,High
576109,Medium
622892,Medium
230676,Low
273709,Medium
2268632,Medium
1567044,Low
702271,Medium
1949627,High
1900886,Medium
1538042,High
2181494,High
1022456,Medium
1713192,High
712248,Low
1845577,High
290329,Low
1357268,Medium
1624095,Low
1929282,High
580219,High
806737,High
1826563,Low
687132,Medium
2049071,Low
2284050,Low
57289,Low
2287378,Medium
2001853,Medium
2117637,Medium
56394,Low
890349,High
1701535,Medium
620867,Medium
249296,Medium
85582,Medium
1939021,High
1931518,Low
650920,Low
1699576,Medium
1286107,Medium
1709398,High
353751,High
1894821,Low
419654,Low
615485,High
898203,High
2190654,Low
1506717,High
1988407,Low
2105650,Low
1120964,High
1924003,High
160132,Medium
1996952,Medium
533691,Low
351027,High
1637908,Low
748901,Low
343937,Medium
1004102,Medium
1694949,High
1660840,High
58225,Medium
138406,High
432374,High
1612783,Low
1652911,Low
764318,High
1410325,Low
36309,Low
1216625,High
1744666,High
2268804,Medium
1606652,Medium
1735393,High
1193804,Medium
350353,Low
1820969,Medium
471066,Medium
1104902,Medium
1731780,High
31184,Low
709648,High
1776696,Low
399938,High
97223,High
2253569,Medium
870231,High
1079603,High
16930,Low
1324748,Medium
1628122,Medium
2072682,High
825043,High
467377,High
1218589,Low
1768827,Low
1320310,Low
2120893,Low
91309,Low
2111977,Low
1549254,Low
1446550,High
929798,High
2319128,Low
972732,High
94280,High
819176,High
1915041,High
211985,Low
1555307,High
2049139,Medium
1671713,Low
255901,High
1302949,High
2100157,High
147138,Medium
1876889,High
1653083,High
87187,Medium
712497,Low
879635,Low
1756981,Medium
906933,Medium
103074,Medium
2128597,High
36714,High
2291393,Medium
1034555,High
464378,Medium
992555,Medium
130337,Low
1181397,High
1304511,Medium
1073802,High
522360,Low
2053734,Medium
202398,Medium
1894578,Medium
762397,High
1288540,Medium
1482858,Medium
1666308,Medium
852823,High
1571373,High
777087,High
981423,Medium
2236522,High
348374,Low
1246180,High
2107257,High
129074,High
1638170,High
569012,Medium
261787,High
43709,High
996128,High
354061,Medium
248549,Low
979374,High
701610,High
1932277,High
807589,Medium
391900,Low
2073768,Medium
1612639,Medium
1676534,Low
319515,Medium
2133097,Medium
1888248,High
1221406,High
433699,High
985489,High
1814330,High
1010315,Medium
806647,Medium
130975,High
487495,Low
1993164,High
1982675,Low
1164853,Medium
1342119,Low
2055773,High
1066796,High
1384702,Low
1146336,Medium
888784,Low
1551150,Medium
1968092,High
1220373,Medium
909136,Low
2286026,High
1005704,Medium
289765,Medium
1344927,High
1963898,Medium
2152821,High
507869,Low
1158116,Medium
2244311,High
1719647,High
1444720,Low
1485948,Low
799915,High
1044097,Low
869563,High
1107667,Medium
401682,Medium
1024534,Medium
1920647,High
339083,Medium
1780134,Medium
591197,Low
513872,Medium
1666989,High
703937,Medium
2315287,Medium
752032,High
1160336,High
601937,High
751834,High
901500,Low
952476,Medium
102074,High
1657672,Low
859788,Medium
1324191,High
375483,High
1461243,Low
2254032,High
842427,Low
2041583,Low
85452,High
528020,High
608884,Low
1183520,High
1909091,Low
1273219,High
1917243,Low
2259352,Medium
2130634,High
1867777,High
442203,Low
854020,High
1877261,Medium
493066,High
831098,Low
1400659,Low
1333319,Medium
401920,Low
1375543,Medium
2284782,Low
172835,High
2222263,Medium
850464,Medium
410331,High
1008088,High
136806,Low
1852335,Medium
337262,High
1215608,Medium
1152267,Medium
1787137,Low
246803,High
1526707,High
1960028,Medium
1872119,Medium
944304,High
1788200,Low
1467796,High
414814,Medium
898426,Medium
1326363,Medium
242315,Low
1978462,High
93185,Low
1979007,Medium
1932109,High
969811,Medium
1054141,High
1208862,High
2214162,High
1456826,High
2114738,Low
1808512,Low
1040972,Medium
1948929,Low
942761,Medium
1992241,High
2147234,High
598889,High
2179651,Medium
1139498,Medium
1879782,High
1020195,Medium
2278317,Low
1601739,Low
1944116,High
1836462,Medium
1727884,High
1829059,Low
20243,High
432660,High
2222068,Medium
1856254,Medium
2209604,High
242856,High
356639,Medium
1106844,Low
328954,High
926657,High
1622334,Medium
2136727,High
2298870,Low
170991,High
1474682,Low
175580,High
312798,Medium
1338610,High
1185289,Medium
1966020,Low
553357,Low
427656,High
535635,High
2057484,Medium
861479,High
1279244,High
540292,High
1743523,Low
917576,Medium
1061128,Medium
2209306,Medium
1383222,Medium
490565,Medium
2322812,Medium
1810604,Medium
1285105,Medium
1206686,Medium
1749753,Medium
1784191,Medium
811635,Medium
1596631,High
2305621,Medium
1787629,High
167990,Medium
408081,Low
1850435,High
1452565,High
1407290,Medium
1127497,Medium
808127,Medium
2254309,High
989131,High
1470064,High
2242363,Low
655482,Medium
442260,High
142087,Medium
1645706,High
528103,Medium
1419688,Medium
1340188,High
1046021,Low
162999,High
767956,Medium
1813842,Medium
1399271,Low
312091,Low
549734,High
1666327,High
1836346,Low
1587404,High
553134,Medium
131263,Medium
411791,High
1263406,High
1232099,Medium
160991,High
1874276,Medium
1528668,Medium
788856,High
941080,Medium
1146367,High
1828981,High
2307285,Low
381151,High
162818,High
724905,High
909162,Medium
1430777,High
1320249,Medium
1263835,High
279601,Medium
1209208,High
517451,Low
810260,Medium
715167,High
104659,High
1534952,Medium
1935409,Medium
1826764,High
1761669,Medium
228673,Medium
447489,Low
510253,High
1926030,Medium
726894,High
2037080,Low
405495,Medium
1953081,High
1152772,Medium
2040958,Medium
1253992,Medium
2279515,High
1656490,High
486472,Low
2203241,High
1204210,High
2096215,Medium
1402702,Low
278915,Medium
1112220,Low
1841226,High
1034029,Low
2276274,Medium
733770,High
711672,Medium
1992989,Medium
1366374,Low
520101,Low
2009989,Medium
2097878,Medium
783282,Low
1694475,High
1971576,Low
2218981,High
2190286,Low
1422054,High
1742402,Low
243124,Medium
483119,High
221245,Medium
1106029,Medium
148608,Low
1272511,Low
93595,High
2162457,High
686929,Medium
345069,High
257272,High
1229903,High
491306,Medium
1282345,Medium
47965,Medium
1968579,Medium
954235,High
1860413,Medium
161818,Low
1186352,Low
1408375,High
2039609,Medium
427033,High
760013,Low
1331697,Low
1922984,Low
2116767,Medium
2212303,Medium
2085612,High
389835,High
1689549,High
609899,Medium
1527148,Low
2246671,Low
1815991,Low
1042011,High
1092708,Low
112407,Low
355396,Low
454049,High
1064278,Medium
386487,High
917267,Low
1953585,Low
1105597,Medium
2032605,Low
1740250,High
138969,Low
1604776,Medium
2306470,Low
96399,Medium
2178106,Low
1340372,Medium
611312,Medium
1556534,Medium
2065572,High
1568231,Medium
1543298,High
561775,Low
2129060,High
400560,Medium
1618307,Low
612233,High
1413668,Medium
977279,Low
2051613,Medium
1080284,Medium
625804,Medium
2192315,High
1439933,Low
1525415,Low
1337068,High
895990,Low
1840201,Medium
1720103,Medium
14378,High
1482558,Low
2099318,Medium
879984,High
13905,Low
1705833,High
956730,Medium
928389,High
2279255,High
228727,Medium
21311,Medium
831487,Medium
375015,Medium
1156963,Medium
140984,High
2168024,Medium
2159292,Medium
1454308,Medium
1228525,Medium
2200105,Medium
2097532,High
109584,Low
1124281,Medium
728401,High
1968058,High
388679,Medium
1507102,Low
406712,Medium
1389068,Medium
2150265,Medium
166218,Low
906910,High
2004445,Medium
933591,Medium
682624,Low
1389645,Low
73564,Medium
1287644,Medium
1579347,Low
90747,High
376207,Medium
505442,Low
803803,Medium
2252871,High
1139317,Medium
6337,Low
1734997,Medium
2047432,Low
1974772,Low
406444,High
1753491,High
1328676,Medium
575970,Medium
1265707,Medium
1188025,High
1057566,Medium
2055066,Medium
535243,High
1835849,High
1699864,High
1029702,Low
685581,Medium
32411,Medium
1464301,High
1482799,Low
770717,High
599160,High
840909,High
1579151,Low
2091546,Medium
810292,Medium
1966088,Low
397403,Medium
1572990,Medium
1064952,Medium
1601988,High
1527074,Low
27338,High
2021513,Low
1415955,Low
719713,High
1769848,Low
120672,Medium
2227627,High
1182405,Low
614211,High
885976,High
734878,Medium
714570,Medium
1661447,High
1442936,Low
109071,Low
311409,Medium
278744,Low
1234903,Medium
490708,Low
1364576,High
855913,Medium
879899,High
1958064,Low
1495470,Medium
71760,Low
956709,Low
2241710,High
1254420,High
1752365,High
1319710,High
987463,High
195032,Medium
1311542,High
653160,Medium
178487,High
1416612,Low
835810,High
1414811,High
726295,Low
714416,Medium
326295,High
1018643,Low
513119,Low
129159,High
2113415,High
119747,High
630477,Medium
1164078,Medium
661569,High
274128,High
1066623,Medium
1260933,Low
446421,Medium
1185576,High
1109836,High
2320917,Medium
518444,Medium
721438,High
338255,High
320277,High
753247,High
1178322,Low
1083553,Medium
1082269,Medium
1732322,High
2217761,Medium
1334073,Medium
502671,Medium
671188,Medium
929761,Medium
407461,Medium
1821328,Medium
1336135,High
2002573,High
765204,High
37799,Low
1096580,Low
968333,Medium
1387901,Medium
990950,High
2071784,High
22115,Medium
336093,Medium
2174714,Medium
1187511,Medium
132117,Low
90246,High
1259008,Medium
1003838,High
1652046,High
1197979,Medium
855498,Low
2033431,Medium
1921922,Low
2164135,Medium
924263,Medium
239565,High
1305532,Low
1051039,Low
201239,High
490527,Low
588289,Medium
1711360,Low
1463558,Low
692944,Medium
1614629,High
380632,Medium
853200,Low
1656552,Medium
1659083,Medium
1042056,Medium
2261605,Medium
24122,High
237,Medium
1371820,High
1463718,Low
1258666,Medium
1528458,High
1392956,Low
1959870,High
684991,Low
1590881,High
553722,High
1824489,Medium
952790,High
1989786,High
349046,Medium
243137,Low
1079986,Medium
261248,Medium
480432,Low
781026,Low
2077478,High
648551,Medium
1797580,High
1652997,High
105320,Low
689536,High
1973761,High
2208401,High
2198400,Medium
1031866,High
1081524,Medium
2031712,High
953428,Medium
1599744,Medium
1075921,High
1394528,Medium
844475,High
1207883,Low
1950755,High
1044010,High
1718301,High
1672959,Low
847030,High
2080805,Low
2049947,Medium
301951,Medium
1787658,High
1714692,Low
847357,Medium
119652,Medium
625548,Medium
421544,Low
1726172,High
999344,Medium
1030889,Medium
1239742,Medium
316692,High
1924072,Medium
215094,Medium
1767160,Low
1178250,Low
1329952,Low
955391,Low
1209565,Low
1991904,High
419795,Low
1561523,Low
2267604,High
117638,Low
894006,Medium
702267,Medium
2104802,Low
1381839,Medium
608123,High
1584125,Low
1932517,Low
1747904,Low
2071964,High
1887608,Medium
2059094,Medium
609249,Medium
1918564,Low
810907,High
949413,High
222974,Medium
2080241,Medium
686134,Medium
1131807,Medium
786050,Medium
1601717,Medium
2284807,Low
1658677,Medium
1079881,High
1235054,Medium
1026327,High
2233117,High
1861541,Medium
1677895,Low
2183965,Medium
2007552,Medium
468656,High
698722,Medium
826789,High
1979333,High
1304142,Low
953729,Low
468390,Medium
981253,Medium
266470,Low
595144,Medium
529684,Medium
2121021,Medium
1295352,Medium
1859156,Low
542259,Medium
452086,High
1979030,Low
1477255,Medium
342394,Medium
1060115,Low
1346195,Low
551307,Low
1666836,Medium
1852999,Low
529834,Low
679242,Low
457247,Medium
1768473,Medium
1257902,High
300198,Low
9018,Medium
1655677,High
1644559,High
539397,Low
1854731,Medium
1624788,Medium
889265,High
1149341,Medium
255258,Low
1074971,Medium
2145014,Medium
861003,High
2184096,High
128537,Medium
2040683,Low
549301,Medium
389319,High
1075909,High
2166300,High
1004295,Medium
1839919,Low
1308066,Low
140245,High
362184,Low
585314,High
1795235,Low
1327871,Low
478645,High
2262057,Medium
1510107,Medium
698785,Medium
97641,Medium
2247508,High
2287274,Medium
1542416,Low
561337,Low
1317938,Low
220821,Low
1931354,High
1445787,Low
1677324,Low
720672,Medium
316414,Low
215742,High
792004,Medium
1473106,Medium
2114683,High
1013196,High
1325131,Low
1903043,High
108341,Low
1340330,Low
1721691,High
904408,Medium
825447,Medium
1534628,High
1572570,Low
269417,Medium
1238320,Low
206438,Low
353656,Medium
436622,Low
987730,Medium
1582879,Medium
1347916,Medium
1139755,High
573014,Medium
1161625,Medium
97571,Medium
169302,Medium
1051915,Medium
385053,Medium
1263438,Medium
105291,Medium
468471,Low
1379766,High
1628704,Medium
16792,High
116741,Medium
247169,High
1385109,Low
1927412,High
2321309,Medium
2162495,Low
1040943,Low
300692,Medium
219356,High
1665722,Low
2119854,Low
1476595,Low
1840753,Medium
839645,High
1205809,Medium
862471,Medium
667070,Low
204600,High
1983495,Low
187104,High
425664,High
1204374,Medium
518191,Low
820544,Medium
2213628,Low
159016,High
759820,Medium
111521,Medium
1322236,High
1210673,Medium
165708,Low
1666855,Low
1796495,Medium
179834,High
1423014,Medium
79462,High
921529,Medium
1647075,Low
1746869,Medium
1463020,Medium
1716717,Medium
84873,High
2274105,Medium
1093013,Medium
1221559,Medium
2173895,Medium
15620,High
537685,Low
2297589,Medium
525933,High
150033,Low
701731,Low
789692,Medium
1869502,Low
1742857,High
1837229,Low
2007314,High
1499004,High
719306,High
246124,Medium
1596210,Medium
1368681,Medium
94608,High
1996030,Medium
2290458,Medium
286701,Medium
343556,Medium
265713,Medium
388890,Medium
1607215,High
681353,High
1944285,Medium
450514,High
2325980,High
1633922,Low
1602677,Medium
538305,High
1571640,High
1976929,High
742026,Low
604466,Low
1583734,Medium
1852161,Low
1598410,Medium
1606850,Medium
884343,High
1616961,Medium
734721,Medium
955324,Low
1825534,Low
259134,High
1673661,Low
1710573,High
1826153,High
721551,Medium
1891405,High
2269141,Medium
2100419,High
665544,Low
344700,High
89430,Low
766759,High
2105258,High
690797,Medium
2092082,High
362961,Medium
1390120,Low
595068,High
430257,Low
196890,Low
473646,High
2033561,High
1982182,Medium
246363,High
1267020,Low
1687596,Low
1812215,Medium
316126,High
403558,Medium
891799,High
418200,High
458435,High
839493,High
1434686,High
1198511,Medium
383727,Low
589479,High
608217,Low
1141595,Low
673863,Low
662528,Medium
1327530,Low
980488,Low
1175586,Low
617713,High
1514364,Medium
2264800,Medium
731356,Medium
1517460,Low
237485,Low
2000814,High
1669881,Medium
956852,Low
1348454,Low
2238022,High
549204,Medium
2257920,Low
404298,Low
1001439,High
448905,Low
515085,High
1672543,Low
384468,High
690412,Medium
2090278,Medium
2079170,Low
276299,Low
1480629,High
1871986,High
1091573,Medium
764469,Low
1585608,High
314730,High
1595912,Low
1422559,Low
372366,High
1372449,High
2118076,High
730595,High
211940,High
843850,High
462313,Low
1562402,High
1541368,High
1629962,High
1523051,Low
569127,High
2085092,Low
1706391,Medium
1255598,High
1991817,High
1847132,High
765739,Medium
1899373,Low
1659944,Medium
1397538,High
1231780,High
2110555,Low
1791352,Medium
1881163,Medium
183532,High
212426,Low
854508,Low
884543,Medium
576828,Medium
1857094,Low
556947,Medium
1317209,Low
677496,Low
1846549,Low
1295520,Low
634116,Medium
1361795,High
281901,High
1174179,Medium
2223478,Medium
1110555,Low
1655462,Medium
833382,Low
81269,Low
1175132,High
1639677,Medium
761312,High
529246,High
2220706,High
1270009,Low
1920128,High
663713,Medium
1389963,Medium
1255985,Low
1999201,Medium
415373,Medium
1614052,Medium
370692,Medium
1199698,High
166587,Medium
215925,Medium
235849,Medium
1192744,Low
953826,Medium
1789763,Low
420902,High
351670,Medium
1900677,Low
2040988,Low
1736176,Medium
263678,Low
1603300,Low
2281093,Low
962104,Low
1133172,Low
1166275,Medium
212943,High
1822187,High
965304,High
362279,High
1055977,Low
2069340,Low
915467,Low
165237,Low
616611,Low
1009210,Medium
1139788,Low
91971,High
906147,Low
1314613,Low
1450523,Medium
1527136,High
2212633,Medium
1669194,Low
2110175,High
978322,High
1337695,Medium
539140,High
964141,Medium
1488763,Medium
1587546,Medium
1940654,High
2227381,Medium
1138830,High
895712,High
1632721,Low
1334956,Low
703010,High
1833812,Medium
2139181,Low
1101437,High
2100464,Low
386553,Low
447227,High
1599414,High
1121269,Medium
1452574,Low
586416,Low
1173336,Low
815898,Medium
404163,High
2140735,Low
2040387,Medium
1301778,High
1042159,High
705256,High
114547,Medium
2306101,Medium
539873,High
717766,High
1265231,Medium
1460466,Medium
1022699,Low
1842669,Medium
1459502,Low
1191674,High
164171,High
1999789,Medium
1151365,High
1835552,High
753117,High
228097,Low
1151678,High
2312330,High
75041,High
1101781,Medium
1670227,Medium
739836,Medium
1191291,High
78351,Low
1982129,Medium
323990,Medium
114941,High
2311994,Low
140648,Low
727788,Medium
1674074,High
1426719,Low
845751,High
219958,Medium
56135,Low
442605,Low
306763,Low
1245628,High
1554933,Medium
1975808,Low
1256993,High
955292,High
2161844,Medium
641629,Medium
632400,Medium
88402,Medium
819852,Medium
1636187,Medium
884176,Medium
1861878,Low
1436055,Low
1851097,Low
752470,Low
1255734,High
1235023,Low
986905,Low
1775213,Medium
815566,Low
1199725,High
1885530,Medium
1288223,Low
591874,Medium
1621001,High
103195,Low
488878,Low
1071402,Medium
328050,High
1983234,High
332200,High
197691,Medium
1814541,Low
1000310,High
655974,High
979879,High
211944,High
2124204,High
300860,Medium
1289225,High
1768271,Low
894241,High
437023,Low
1955468,Low
1686214,High
789803,Low
365032,Medium
1426330,High
1488728,Medium
1263529,Medium
73273,Low
1053499,Medium
1555493,Medium
2233242,High
2218389,Low
515187,Low
23916,High
1624770,Medium
241511,High
1727196,Medium
2034312,Low
48026,High
1121561,Low
1620144,Low
1175860,High
1978390,High
1249549,Medium
1229,Low
448285,Low
1624324,Medium
677441,Medium
575537,High
1529035,Low
1107835,High
829503,Low
2113622,Low
1690873,High
472960,Low
884861,Low
2174258,Low
2136573,High
234880,High
1555059,Medium
106998,Low
2217257,Medium
1244627,Medium
1350970,Low
1880357,Medium
1897861,Medium
1614104,High
1805652,Medium
1634051,Low
2197168,Low
499344,Medium
1559982,Low
1548652,Medium
56533,Medium
1765778,High
1110310,Low
1589738,Medium
793972,Low
1171655,Medium
1123503,Medium
808282,Low
203647,Low
2161300,Low
580754,Low
2103764,Medium
756801,Low
1902832,High
1868173,Low
2315016,Medium
1577307,Medium
1724350,Low
805715,High
1906401,Low
1064076,High
47123,Low
2245090,Medium
1855372,Medium
1034461,High
2038809,Medium
442691,Low
1293317,Low
886560,Medium
1959855,High
235605,High
322455,High
74345,High
2076743,Low
1377199,Low
549190,Low
2171749,High
252499,High
2050800,Medium
357773,Medium
1163560,Medium
1492315,High
481181,Low
1186882,Medium
2074219,Low
1626875,Medium
2256857,High
819529,Low
1991413,High
978973,High
624211,Medium
1351961,High
2265400,High
37123,High
1417487,High
557342,High
333250,Low
2207294,High
76455,Low
989834,Medium
2020328,Low
167579,Medium
1324683,Medium
158839,Medium
1221883,Medium
1963495,High
822204,Low
242587,Low
389992,High
1265317,Medium
474834,Medium
189868,High
1796755,Medium
699152,Low
2041585,Medium
752581,High
189008,High
1896239,Low
2175697,High
820699,Medium
245448,Medium
2143585,High
1952541,Medium
314827,Low
739753,Medium
552859,High
1971942,Medium
1279208,High
1194068,Low
2018382,High
156633,High
2292980,Medium
1497934,High
1813723,Medium
2003111,High
1423056,High
1164576,High
85932,Medium
637583,High
1007819,Low
2033991,Medium
1709309,High
570806,Low
2129174,Medium
2117254,Medium
1317599,High
264681,Low
1721448,Low
1620861,Medium
1669036,Medium
422799,High
571196,High
2151720,Low
2026319,Low
2033789,Medium
1898901,Medium
1686158,Medium
899511,Medium
990271,Low
373504,Medium
971740,Medium
112408,Medium
1523810,Medium
575756,Medium
360592,Low
2079491,Medium
2289198,High
345531,High
635195,High
1307602,High
2286397,Medium
1343714,Medium
1061467,High
1618974,High
1578393,Medium
306451,Medium
955754,Medium
1302695,Medium
1428604,Medium
13335,High
1447635,Low
848176,Medium
24345,Low
1979646,High
1391723,High
115450,Low
1700597,High
142046,Medium
2015737,Low
2057201,High
1843463,Medium
728658,Low
1060024,Medium
177589,Low
583959,High
750755,Low
1704755,Low
908338,High
151769,Low
1735675,High
677552,Low
199847,Medium
60020,Low
1240710,High
2139331,Low
2123708,Low
1196558,Medium
762399,Medium
622067,Medium
1203760,High
875124,High
15247,Low
1563039,Medium
1141407,Low
1314393,Medium
1896132,Low
1652199,Medium
141915,Low
972511,Low
1117987,High
882745,Medium
309261,High
1005144,Medium
606724,Medium
1210546,Medium
985915,High
822981,High
622073,High
1334079,Medium
1475211,High
2092558,High
2054896,Medium
1393937,Medium
1917428,Medium
919228,Low
7313,Low
764984,Medium
1603839,Low
1987531,Medium
1143987,Medium
972364,High
750342,Medium
1072376,Low
452193,Low
1086361,High
1608167,High
407498,Low
66026,High
454179,High
1780098,Low
1019888,High
2043545,Medium
113781,Medium
1748776,High
1544103,Medium
1979543,Low
1794531,High
387218,Medium
1695015,Low
59185,Low
208065,Low
798512,High
1538276,Medium
2176266,High
696768,Medium
2141548,High
1873001,Medium
626223,Low
36318,Low
2019290,Medium
761828,Medium
1010705,Low
1567425,Medium
1264663,Low
2130737,Medium
1308915,High
622746,High
838761,High
1710854,Low
1009787,Medium
993480,High
564073,High
850774,High
1955147,Low
1538002,Medium
1048345,High
2169933,High
363461,Medium
1152066,Medium
1010123,High
2032041,Medium
2093391,Medium
85615,Low
1616117,Low
1177431,Medium
596008,Low
2324148,Medium
1696910,High
1595268,High
1330444,Medium
207938,Medium
2303790,High
1911586,Medium
96843,High
222109,High
2182271,Medium
10184,High
1754439,Medium
1193215,Medium
2141934,Medium
470868,High
595806,High
1015184,High
893390,Low
455751,Medium
2006538,High
664548,High
111766,High
2061083,Low
790279,Low
2259272,Low
2099811,Medium
1050574,Medium
368703,High
2192810,Medium
1446863,High
911170,Medium
265106,High
1308619,Medium
1858215,High
2203282,High
1490570,High
2186172,Low
1720997,Medium
844991,Medium
983914,High
690300,Medium
1175415,Medium
1099678,High
599566,Medium
710030,Medium
1460375,Low
1912119,Medium
2112711,Medium
586666,High
1825141,Medium
2027984,High
2023746,Low
1462510,Low
2279537,Low
709547,Low
507384,High
1935467,Low
1009018,Medium
1525934,Medium
1141490,High
2233775,Low
1560937,High
79858,Low
587952,High
1620894,Medium
526689,High
1261708,Low
1641207,High
1391391,High
2128179,Low
1450100,Medium
950317,High
2219170,High
1437486,High
1611040,Low
2311663,High
768072,High
1533201,Medium
23399,High
1002533,Medium
2063020,Medium
2163990,High
1348693,Low
2160966,Low
808493,High
476154,Medium
383786,High
1530514,High
680667,High
1372713,Medium
1199495,High
1517476,High
2298548,Low
2066744,High
2150390,Low
1710143,Low
979413,Medium
198177,Medium
848676,High
2229902,Medium
2082185,Medium
1063031,Medium
551737,Low
113103,Medium
2237516,Low
1257910,High
846779,Low
210403,Low
1256024,Low
1240860,Low
2212508,High
483386,Low
2055965,Medium
546103,High
2275247,Medium
1111413,High
517748,Medium
1131170,Low
282252,High
1852842,Medium
1976345,Low
1644774,Medium
478796,High
1329662,Medium
764245,High
950318,High
1649,High
2151290,Medium
175720,Low
363023,Low
1875316,High
798505,Medium
2255087,Low
1742716,Medium
611633,Medium
1873197,High
2171258,High
2296987,Low
1155258,Low
1536842,High
545472,High
135189,High
1020846,Medium
1261145,High
693967,Low
2064281,Medium
72315,Medium
1842510,High
1554267,Medium
1126654,High
1562732,Medium
721482,Medium
2135351,Medium
741527,Medium
1379592,High
865866,Low
1988370,High
398177,Medium
2233805,High
1413338,Low
1654251,High
2283675,High
1415751,High
1709861,High
1619260,High
2097827,High
1883542,High
710537,Low
145536,High
385306,Low
190205,Low
1319753,Low
282194,Low
364069,Medium
1664632,Low
1213574,High
378520,Medium
1621037,Low
1861948,Low
1436811,High
2142856,Medium
984607,Medium
2311971,High
446278,High
1419605,Medium
791882,Medium
1217350,Low
1650270,Medium
371389,Low
857885,Low
1137378,Medium
1653157,Low
611018,High
2219538,High
2019482,Medium
465333,High
1788125,Medium
605942,High
1045021,Medium
359456,High
297051,High
622131,High
1011054,High
1728935,Medium
1352439,Low
1145369,Medium
261050,High
475038,Medium
378467,High
985346,High
850943,High
1957668,Low
1140522,High
1565963,Medium
2085712,Low
800615,Medium
882529,High
41718,High
1324355,High
643850,Low
224551,High
1780296,Low
2272551,Medium
1978162,High
56014,Medium
1770154,High
1026894,Low
827719,High
886051,High
1028427,High
672357,High
2114624,Medium
2102985,Medium
2058310,High
1001627,Medium
1602143,High
799486,High
1685749,Low
517541,High
1392855,Low
1402377,Medium
2126218,High
1233764,Low
1012552,Medium
1036027,Low
1103588,Medium
532603,Medium
723177,Medium
195723,Low
2057572,Medium
1798340,Low
1720856,High
32880,Medium
1841879,Medium
811608,Low
1405637,High
417752,Low
1155713,Low
1781353,Medium
1915978,Low
2265714,Medium
1553615,Medium
1551404,High
437289,Low
217074,High
532088,Low
1283709,Medium
228698,High
196742,Medium
687326,Medium
1129272,Medium
430780,Low
2140136,High
1077263,Medium
222730,High
605029,Low
943865,Low
162447,Low
1710065,Medium
160316,High
1303303,Low
37078,High
1142633,Medium
1960755,High
1444834,High
1194799,Medium
1890554,Low
660039,Low
1857360,High
695946,Medium
1574592,Medium
759625,Low
1151219,High
1922744,High
1283996,Medium
20069,Low
1701075,Medium
863360,Medium
2063290,High
506130,Low
44129,Low
1883722,Medium
816483,Low
1839533,Low
195940,High
1834026,Medium
560097,High
210387,High
1795653,High
1517361,Medium
227715,High
458946,High
237187,Medium
4238,High
1617849,High
150199,High
2262153,Medium
889494,High
138859,High
2113187,Low
1514228,Medium
1712884,High
2076290,Low
502843,High
733417,High
1761144,Medium
1753452,High
2159475,High
1442564,Medium
1275981,High
750421,High
411497,High
1300583,Medium
46569,Medium
2091218,Medium
166295,Low
1045675,High
1754840,Medium
2031516,Medium
1218243,Medium
1772560,Medium
2014073,Low
1927110,Medium
1752982,Low
1386360,High
686403,Low
502980,High
1503894,High
728014,Low
2325246,Low
1342690,Medium
1916034,High
12818,Low
918281,Low
662577,Medium
2276935,Medium
446298,Medium
2294978,Medium
773195,Low
1920759,Low
61198,High
466463,Medium
1230723,Medium
91030,High
2247102,High
39036,Low
907865,Medium
122607,Low
423764,Medium
179850,High
799995,Medium
106892,Low
239619,Medium
1001660,Low
2044012,Medium
719856,Medium
1253050,Medium
139217,Low
1143273,Medium
1418589,High
941335,Medium
1130266,Medium
468509,High
167181,Low
1852129,Low
2000972,High
1466775,High
1249237,High
321651,High
1757942,Medium
846938,Medium
772636,Low
397939,Medium
614748,Low
54262,High
2046381,High
1292782,High
1160367,High
220588,Medium
1281958,Low
962579,Medium
580929,High
1161050,Medium
185944,Medium
1665898,Low
870157,Low
2197796,Low
537487,Medium
2152377,Medium
405150,Low
1748351,High
2046584,High
126578,High
953953,High
799942,High
1581943,Low
1903760,High
681802,Medium
1127041,High
1769176,High
2322182,Medium
2209084,High
1690626,Low
1078274,Medium
1708986,High
989031,High
392051,Medium
540416,High
938483,Low
217143,Low
1118278,Medium
412146,High
1351196,Low
1147361,Low
1685027,Medium
1135340,High
33427,Low
573950,High
543624,Medium
319624,High
646942,Low
834320,High
1269230,Medium
1937847,Medium
813570,Low
1006464,Medium
1242584,Medium
1916085,High
1401616,High
1143865,High
854718,High
754680,Medium
2255264,Low
1552920,Low
2188642,High
1344108,Medium
271294,High
1661276,Medium
1658059,High
2099287,Medium
1245314,High
1549301,Medium
1315452,High
655687,High
1418569,Medium
318571,Low
2127591,High
1119725,High
45530,High
489909,Low
1071555,High
1756941,High
852201,Low
1113396,High
1376452,High
1088258,High
1196548,Medium
1053432,Medium
1688868,High
59599,Medium
1969170,Low
94593,High
1984184,High
1394947,Medium
1740421,High
2006312,High
1313413,Low
594579,Medium
508587,Medium
1097935,High
2309316,High
1291110,Medium
1678050,High
1821869,High
847489,Low
328380,Medium
1544801,Low
1738549,Low
1651931,Medium
482947,Medium
798586,Medium
1833856,Low
317365,High
574251,Medium
349179,Medium
2077575,Medium
1894713,High
399011,Low
737692,Medium
732784,High
898277,Low
469879,Medium
1348745,High
1627500,Medium
904603,High
73977,High
543507,High
707867,Medium
618015,Medium
230390,High
698051,Low
497162,High
1777775,Medium
659280,Medium
1339680,High
1384483,High
1996877,Medium
843827,High
199731,High
218821,Low
1224108,Medium
1145450,Medium
489688,Medium
737126,Medium
1973166,High
157961,High
557898,Medium
337482,High
569772,Medium
686519,Low
171692,Medium
2185664,Low
804466,Low
2210358,Low
1974479,Low
2106012,Medium
992091,Low
948052,Medium
1260088,Medium
2114750,High
510512,Low
553989,Low
1269897,Low
2078827,High
892866,Medium
1649517,Low
1348154,High
617696,High
2289223,High
2191507,High
995672,Medium
1777803,High
878222,Low
1127585,High
1190575,Low
12158,High
800769,Low
1458803,High
1644993,Medium
967534,Medium
696857,Low
309234,High
275800,High
930280,Low
22662,High
1415610,Medium
1052916,High
52279,Medium
388454,High
1757487,High
1232134,Low
729900,High
2238958,Medium
945873,High
548371,High
787460,Low
1600336,Medium
328500,Low
1780331,High
1963405,High
608972,Medium
1282474,Medium
522672,High
1865623,Low
2115089,Medium
1840782,High
907230,High
287579,High
1886896,Low
362914,High
560481,Low
823881,Medium
1996516,High
1605220,Medium
1079860,Low
1698539,Low
180861,Medium
2067935,High
203881,High
484462,Low
1630923,Medium
200862,Medium
640388,Medium
2283466,High
1753557,Medium
1836061,Medium
239544,High
2097258,Low
2275474,Medium
1695408,Low
1778390,Medium
756669,High
2044148,Medium
1557496,Low
1586106,Medium
1370795,High
136165,High
1074424,Low
772667,High
1974083,Medium
1443556,Low
826349,High
1191511,High
1508211,Low
1507154,Low
1081659,Medium
8694,High
2037760,High
1688520,Medium
1891001,Medium
990182,Low
1351119,High
528183,Medium
1958828,High
759737,High
587561,Low
1812763,High
37408,High
6139,High
203581,Low
1682593,Low
371676,Medium
930195,High
22211,Low
1908543,Low
445632,Medium
1839144,Medium
1433907,Low
1686867,High
1581432,High
1978928,High
537217,High
231979,Low
791495,High
607093,High
1382724,Medium
2128050,Medium
709365,Medium
484433,Medium
584683,High
572428,Low
534320,High
65739,Medium
1050978,Low
1024355,Medium
2258996,Medium
795222,Low
1774464,Low
47674,Low
2118446,Low
1510346,High
233641,Medium
1408160,Low
888971,Low
86212,High
937791,High
731715,Medium
103400,Medium
304368,High
713405,Low
860409,Medium
891647,Low
50572,High
1127599,High
450115,Low
1972179,High
2250156,Medium
2120432,Medium
448675,Medium
1041982,High
483123,Medium
1302750,High
1347542,Low
758738,Medium
599899,Medium
1953873,Low
38131,High
2179957,Medium
803842,Medium
1236699,High
919407,High
32071,Medium
966101,Medium
1230268,Low
376743,Low
1684785,Low
420276,Medium
1923564,Low
1561631,Low
1971693,Medium
1831298,Medium
1089557,Low
1929736,Medium
2146102,Medium
258915,Medium
831984,Medium
110230,Low
69172,Low
392471,Medium
1067224,High
2116732,Low
843548,Low
829758,High
187076,Medium
797358,Low
962975,Low
357898,Medium
2069576,High
1393442,Low
277650,Medium
381097,High
1654316,Medium
757166,Low
1763507,High
786632,Low
1977922,Medium
127846,Low
1848531,High
321624,Medium
502485,Low
76716,High
1825954,High
1959595,High
504591,Medium
898551,Medium
1288724,High
1596307,High
980343,Low
1561333,Medium
381771,High
2235494,Medium
1683701,High
711512,High
2038059,Medium
1200652,High
1651633,Medium
1122600,Medium
1157928,Medium
2134859,High
871649,High
1544037,High
380411,Medium
187723,High
2175176,High
2048784,Low
1811566,High
2065640,Medium
601161,Low
715864,High
1305401,Medium
819770,Medium
367969,Medium
900782,High
2231494,High
2181078,Low
2148921,Low
1878180,Medium
46389,High
2315349,High
1023748,Low
2305158,Medium
530351,Medium
672377,Low
741204,Low
817497,Low
2010687,Low
452447,Medium
1241488,Low
1782018,High
8879,High
1846649,Low
1875251,Medium
1410882,Medium
1569995,Medium
1083501,High
985885,Medium
668606,High
2161664,High
876856,High
1519720,Medium
631611,Low
1099685,High
1308637,Medium
1044266,Medium
1215432,High
2147872,High
1813212,Medium
101525,High
1085176,Low
723524,Medium
1961998,Medium
596926,High
2084778,Medium
1974237,Low
2069542,Medium
2258216,Low
153074,Medium
305927,Medium
1117788,Medium
1691070,Medium
463236,High
1669170,Medium
1237258,High
953238,Medium
140144,Low
2237599,High
309246,High
1418018,High
849793,Low
939445,Medium
1608002,Medium
1841795,High
2206588,Low
1976080,Low
899609,Medium
134966,Medium
1879784,High
1398657,Medium
2193753,High
1585128,Medium
1967553,High
1498864,High
1032690,Low
1907893,High
586008,Low
1398502,Medium
1030143,Low
2320945,Medium
362487,Medium
754627,Low
728927,Medium
1768153,Medium
2163661,High
1211603,Low
213483,Low
1453998,High
2060441,Medium
886027,High
1411895,Medium
178640,Low
1362993,Medium
1544502,High
1401745,High
338997,Low
1346769,High
1383815,Low
2025852,Medium
73233,Low
1128826,Low
1067229,High
804012,Low
278248,High
281947,High
1300995,High
894347,Low
783337,Low
282187,Low
545223,High
344406,High
666613,High
406564,High
1590883,High
1182614,High
1820130,High
1239276,Medium
90365,Low
1930954,High
316499,Medium
460055,Low
1607264,Medium
556591,Medium
1416195,High
2177249,Low
1642700,High
446518,Low
2261771,Low
1270323,Low
2306960,Low
373311,Low
46289,High
1464491,Low
1565725,High
529278,High
1943849,Low
918875,Medium
1075768,Medium
703745,High
923272,Medium
1483657,Low
235548,High
1084343,Medium
1256329,Medium
2318461,Medium
1448426,Low
957247,Low
1984985,Low
137279,Medium
1059831,High
1958248,Medium
723326,High
1624446,High
580323,High
378151,Medium
594093,High
280815,Medium
1858852,High
476105,High
2217434,High
1747319,Low
2115731,Medium
457280,Low
242448,High
1124089,Low
390035,Medium
730014,Low
794316,Medium
1643598,High
354700,Medium
2162809,Medium
988145,Medium
1958239,Low
12126,Low
1618357,Medium
1525947,Low
2176771,Medium
2262189,High
872279,Low
1154902,High
666985,Low
276859,Low
157947,High
2216607,High
258740,Medium
859985,Low
218210,Medium
357274,Low
1065045,High
741953,Low
1440536,Low
1232427,Medium
2237971,High
42656,High
1003492,High
135505,Medium
90962,Medium
207305,Medium
1525932,Low
1362431,Medium
951058,Medium
1262309,High
654661,Medium
797128,Low
1722308,Low
299021,Medium
1089035,Medium
1411464,Medium
1142034,Medium
571197,High
719668,Medium
469453,Medium
2263568,High
1593345,Medium
2218134,High
125869,High
879057,Low
1665895,High
1444341,Medium
1347075,Low
874960,Low
2195361,Medium
142163,Medium
1433967,Low
764275,High
1370150,Low
1137767,Medium
1526624,High
1534155,Low
1943656,High
1785530,High
1579184,Medium
1377520,High
117817,Medium
1262189,Medium
1010418,High
1009518,High
1021618,High
1419427,Low
1509316,Low
751077,High
958846,High
303521,High
1718335,Medium
1625497,Medium
188853,High
1201259,High
1579299,Medium
422539,High
2029926,High
548285,High
2143577,High
1408731,High
468991,Low
548241,Low
733555,Low
415431,Medium
1537055,Medium
670055,Low
675365,Low
1825206,Medium
1813303,Low
1521969,Medium
1682351,Medium
2254415,High
537870,High
829381,Low
457193,Low
465243,Medium
2154938,Medium
1787173,High
115292,High
1408117,Medium
1413996,High
169753,High
2261514,Low
2018037,Low
1160327,Low
770922,Low
1900438,High
164166,High
798504,Low
2100877,Medium
1070459,Medium
1551442,High
435723,Low
358419,High
1977169,Medium
2138826,High
232304,Medium
1709255,Low
55396,High
722023,Low
138452,Medium
1828686,High
712530,High
48044,Medium
1040202,Medium
1163742,Medium
179305,Low
329569,High
836355,Medium
494249,High
806231,Low
978284,Medium
2115808,Medium
634135,Medium
14346,High
1401762,High
1839479,Medium
653318,Medium
2317639,High
491177,High
520550,Medium
93658,Low
1425478,Low
1672142,Low
1367552,Medium
24240,Medium
214433,High
1810345,Medium
1591292,Medium
972470,Medium
890034,Medium
1298166,High
1252007,Medium
1302158,Low
372030,High
2083020,Medium
1921551,High
178212,Low
1350979,High
918496,Low
1344671,Medium
364477,Low
2238227,Low
1159273,High
350044,High
25277,Medium
272805,High
510957,High
35254,High
869432,Medium
1991522,High
215141,Medium
1294207,Low
2071703,Low
1045212,Medium
1567756,Medium
812387,Medium
278122,High
1875912,Low
1391726,High
1888820,Medium
1577423,Medium
2286814,High
932579,High
1377862,Low
113921,High
2025106,Low
1759129,Low
2321980,Medium
708427,High
1479051,High
2008048,Low
1194773,Low
572020,Medium
1140419,Low
1580735,Medium
55559,Medium
754033,Medium
1082899,Low
910910,High
1556024,Medium
733252,High
424667,Low
954132,High
1191723,High
1455224,Medium
1359289,High
93272,High
2145228,High
260828,Medium
1093291,High
588988,Low
957225,High
475876,High
2070211,Medium
1532028,Low
602887,Medium
819834,High
922981,Medium
1955366,Low
739763,Medium
607658,Medium
1426543,Medium
2185456,High
2320356,High
165095,Medium
704929,High
1881669,Medium
1053046,High
1728753,Medium
1276264,High
1601376,High
2124197,High
1537028,Medium
1597185,Medium
246195,High
416964,High
1770340,High
946135,Medium
1369833,Low
1419571,High
822960,High
1743702,Low
19878,High
1959072,High
797275,Low
2003484,Low
573938,Medium
811205,Medium
82827,High
329384,Medium
885094,High
1417592,Medium
1198761,Low
2176848,Medium
746614,Low
1999764,Low
224782,Low
1558382,Low
991389,High
1561699,High
1067293,High
1186397,High
1883876,High
1920734,Medium
1159625,Low
432044,High
1376000,Medium
448135,Low
2113465,Medium
1377930,High
1263802,Low
514507,Medium
2235604,Medium
115293,Medium
2043470,Medium
1955268,High
1127692,Medium
910327,Medium
1546368,High
604319,Medium
3405,Low
1585529,Medium
1620605,Low
1185255,Medium
742403,High
499740,Low
1087397,Low
620612,Low
1611505,Low
954778,High
1017988,Low
745308,Medium
2320183,Low
1470135,High
137866,Medium
2211556,Low
476999,High
180548,Medium
23786,Medium
703137,Medium
332995,High
1886777,Medium
1494499,Medium
269533,Low
1113100,High
1611488,High
2094695,High
16098,High
57617,Low
1411381,Medium
2132087,Low
1620643,High
1788240,High
1457802,High
768188,High
1416186,Low
953897,Low
2171187,High
954259,High
1411859,Medium
291814,Medium
1964868,High
876988,Low
1841289,Low
1886737,High
817801,Low
1141243,High
1051165,Medium
1726580,Medium
2057850,High
1425709,Low
1032967,Low
155751,Medium
225897,Medium
696939,High
16913,High
1575045,Low
1748927,Low
1385088,Low
1408904,Low
2167470,High
942064,High
1491076,Medium
391553,High
1901087,Medium
1819895,Low
1402065,Low
1724093,Low
2046759,High
2087543,High
2220061,Low
1024811,Medium
1653667,High
1555376,Medium
1283292,Low
665725,Low
224373,High
781354,Low
1257028,Medium
1590893,Medium
713574,High
685985,Medium
1113492,Medium
810507,High
56573,Medium
813213,High
236563,Low
2025145,High
1913925,Medium
2051272,Medium
94734,High
930783,Medium
888481,High
1200371,High
1271628,Medium
361571,Medium
2028338,Medium
413091,Medium
978071,High
439591,High
1522478,Medium
1540941,Medium
905670,High
463414,High
1628154,Medium
226515,Medium
763583,High
673575,High
635114,Medium
190064,High
1273574,Low
1269899,High
1616457,Medium
524860,Low
1624042,High
494829,Low
1429909,Medium
1056763,Medium
145443,Low
985643,Low
1230279,Low
1824447,Medium
1275585,High
558258,Low
736445,High
281782,Medium
618583,Medium
104984,Low
1763441,High
1056820,Medium
2245389,High
1555711,Low
679277,Medium
1783575,High
555450,High
561891,Medium
2173654,High
531618,Low
688298,Low
1111166,Low
2159626,Medium
647600,Low
753466,Medium
291984,Medium
2202951,Medium
343221,Medium
1139685,Low
101011,Medium
1276436,Medium
1521188,High
1548388,Medium
566890,Low
2055131,High
2236139,High
225546,High
454027,High
510862,High
1639314,Medium
275015,Medium
4345,High
2131253,High
489780,High
13068,High
452581,Medium
892286,Medium
1135630,High
2127301,Low
925090,Low
1021110,Medium
838920,Medium
2190448,Medium
769040,Medium
11405,Low
1920847,Low
2090506,Low
712350,Medium
1771829,Medium
1646326,Medium
871677,Low
1043969,Medium
93932,Medium
1431452,High
649063,High
334284,Medium
56624,High
1522986,Medium
910272,Low
89432,High
1300361,High
1080440,Medium
9886,High
1163916,Medium
481773,High
2074346,High
566396,Medium
1270913,Low
622941,High
1002143,High
1860746,Low
1518308,Medium
1003298,High
2247626,Medium
1435298,Low
4099,High
1153971,High
1018823,Medium
2194145,Low
1148777,High
2289395,Medium
968176,High
1702953,Low
592137,Medium
778521,Medium
712828,Medium
1182886,High
1000267,High
2246032,Low
1294845,Low
143832,High
1728725,Low
212618,Low
386302,High
1316478,Medium
2030224,High
2240945,Medium
199057,Medium
1084374,Medium
1853909,Medium
874643,High
1673715,Low
1944850,Medium
1446432,Medium
1889329,High
2218730,High
604533,Medium
1603863,Medium
1869478,High
1289089,Medium
1424993,High
268166,Medium
541212,Medium
293372,High
1251602,Medium
2283252,High
1959862,Medium
1081217,High
2022150,Medium
29221,Low
1244901,Low
118921,High
98355,High
218006,Medium
1015795,Low
549277,Low
1780538,Medium
107533,Medium
105891,High
177347,Medium
1311163,Medium
2164518,High
967779,Low
1315372,Low
1597610,Medium
1556334,Low
1549034,Medium
2067918,Medium
2194853,Medium
1813384,Low
2218454,Low
1124823,High
49005,Medium
837902,High
53071,Low
1912664,Medium
365179,Medium
398352,Medium
1847535,High
1369383,Low
1283486,High
2063974,High
652931,High
293769,Medium
654629,High
405026,High
2287325,Medium
820359,High
924309,High
1146545,High
287808,Low
2277417,Medium
1769817,Medium
1829466,High
1165524,High
1347096,Medium
2261318,High
1565899,High
981199,High
1380182,High
1634552,High
825850,Medium
1271466,Medium
848540,Low
420078,Medium
275020,Low
1345460,Medium
810287,Medium
38726,Medium
1128012,High
833495,Low
71639,Low
408772,High
847006,High
1964478,Low
692824,Medium
106652,Medium
807409,Medium
1040172,Medium
619540,High
2119943,High
833435,Medium
352043,Medium
643423,High
29720,Low
2134220,Low
1653147,High
1030170,Low
1455600,Medium
50962,Medium
2258670,Medium
2224840,Medium
1980559,High
75610,Medium
2093944,High
1697281,High
988353,Medium
591180,Medium
54375,High
1802086,High
2028921,High
243571,High
216428,Medium
1190617,High
1988486,High
446216,Medium
129497,Low
675919,High
273327,High
620694,Low
2173404,Medium
56302,High
804157,Medium
1782276,High
1153550,Low
1649486,Medium
1603528,Medium
1646549,Medium
723747,High
2325999,High
1245020,Low
132074,High
2183053,Low
369011,High
573398,Low
1038475,High
629585,Low
608603,High
2237116,High
2237771,High
1867578,Low
125305,High
1706727,Medium
1336829,Medium
588371,Low
1284041,High
1384021,Medium
1254388,Medium
2066087,Low
483631,High
1348699,High
1014675,Medium
407897,High
1272109,Low
51391,Medium
1395051,Low
1605347,Low
1417285,High
932124,Medium
741281,Medium
753290,Medium
815277,High
1013653,High
553943,High
1823685,Low
119855,High
360330,Low
301380,Low
1015947,Low
2067203,Medium
1156381,High
1356684,Low
2157762,High
970333,Low
1823062,High
2162526,Low
752867,High
920707,Medium
1097383,High
1969423,Medium
1612162,Medium
1495578,Medium
604373,Low
1681332,High
975673,High
589371,Medium
1146666,Low
1445425,High
1508749,Low
183435,High
1539475,High
261447,High
1754498,High
1305317,High
1399752,Low
408609,Medium
1302640,Medium
1031265,High
1743610,High
1888864,Low
264245,Low
541081,Medium
1358314,High
765215,High
1448026,Medium
1636261,Low
2170016,Medium
169891,High
1867176,Medium
1230323,Medium
318163,Medium
1115403,High
305303,Medium
1430512,Low
684310,Medium
1684323,Low
1485102,Medium
1776182,Medium
1652946,High
1975606,High
1200212,Low
589698,High
1849334,Medium
968471,Medium
1671064,Low
1182360,High
1197358,High
718245,High
839074,High
342630,High
706282,High
374070,Low
1737791,High
1967755,High
1276440,Medium
1662448,Medium
2055754,Medium
429382,Low
254350,Low
1361767,Low
907917,High
1526371,High
1002054,Medium
2174201,High
2321580,Medium
1852011,Low
1963278,Medium
615931,Medium
1479789,High
320815,High
2193784,Low
309982,High
63845,Medium
1208829,Medium
1547795,Low
1114695,Low
1677309,High
1757531,Medium
2252301,Medium
908471,Low
1886488,High
1860051,Medium
241355,High
2278001,Low
1655937,High
587528,Medium
2162283,Medium
2263984,High
1500612,Low
481132,Low
2116655,High
2007774,High
721124,Low
1719558,Low
2285069,High
610438,Low
1811754,Medium
632544,Low
718013,High
926438,Low
1108335,Medium
635364,High
2181041,High
565375,Medium
970635,Medium
2276813,Medium
1758057,High
1999727,High
2172146,Medium
1526251,Medium
1363364,Medium
1272416,Medium
839371,High
2242150,Medium
505920,High
1311534,High
2070673,Medium
892011,Medium
704003,Medium
552822,Low
1538846,High
1881373,High
2192974,High
1326635,Medium
1288079,Low
658584,Low
2197826,Medium
535814,Low
1117199,High
2192290,High
917409,High
96901,Medium
1166085,High
1087706,Low
1985979,Low
1180182,Low
254907,Medium
1339342,Low
684241,Medium
1845549,Medium
1366035,Low
1621507,Medium
2183821,Medium
792521,High
286252,High
2203608,Low
1287480,High
1832107,High
1196579,High
1860402,High
783299,Medium
1403047,Medium
1029305,Medium
1490268,Low
115182,Medium
775313,Low
1534843,Low
1149167,Low
349546,High
2170770,Low
364954,Low
123178,High
153261,Medium
1294783,Medium
1977954,Medium
1529969,Low
1008241,Medium
588389,Low
1389618,High
1257084,Low
2084965,High
2134272,Medium
1013367,Low
734929,Low
146517,High
1883991,Low
533787,Low
154194,High
1234594,Low
813866,Medium
1881187,High
1507869,Low
132010,Low
1689038,Medium
1063099,Low
1402924,High
1937284,High
1071613,Low
145069,Medium
1028445,Low
10400,Low
810884,High
620712,High
175527,Medium
1094914,Low
1997337,Low
1029408,Medium
1700907,Low
1752604,Medium
487254,Low
2132147,Medium
847252,Low
159170,Medium
2031430,Medium
328064,Low
1419193,Medium
687490,Medium
1239122,High
2125414,High
715411,Medium
2137584,Medium
774176,Medium
2209613,Medium
1087183,Medium
1507756,High
267292,Medium
834591,High
2045360,High
1144453,High
191529,Low
319824,High
912205,Medium
869406,Low
860580,Low
41297,Medium
968623,High
386530,Medium
1952511,Medium
128047,Low
934227,High
2324122,Low
46411,Low
1481662,Medium
895074,Low
2248651,Medium
846664,High
1178705,Low
1166438,Medium
2250748,Low
449326,Low
2028463,High
1170627,Medium
1117307,Medium
131223,High
1610518,Medium
1909988,Medium
2116584,High
1263703,Low
1347860,Low
273101,Medium
1414491,Low
2096720,High
50512,Medium
1961714,Medium
511663,Medium
1181829,High
786892,Low
356324,Medium
1085013,Low
1493201,Medium
1163194,High
2007298,Medium
72571,High
534709,Low
1971271,Low
1990807,Medium
1558174,Medium
417139,Medium
552982,Medium
1075819,Medium
2057864,Medium
1842836,Low
570982,Low
2258665,Medium
563318,High
324871,Medium
190021,High
2263487,Medium
562208,High
712787,High
1580833,High
1697031,Low
897206,Medium
2151709,High
1737584,Medium
811872,Low
7069,Medium
2161548,High
897638,High
1717600,High
225573,Medium
34527,Medium
978761,High
289863,High
1169833,Medium
38859,Low
894871,High
464148,Low
2254985,Medium
1766546,Medium
506491,High
87784,High
35875,Low
1657851,High
575610,Medium
2064912,High
254927,Low
1347822,High
654835,Low
2157476,High
1813198,Medium
1376771,High
2110850,High
264047,Medium
1243849,High
86477,Medium
455163,Medium
952555,High
1072268,High
34915,Low
1760168,High
483780,Low
193532,Medium
2230246,High
1964572,Low
2180537,Medium
22133,High
73630,Medium
617490,Medium
1492466,Medium
1475995,Medium
1227845,High
708636,Low
2191783,Medium
1268113,Low
46488,High
2034952,Medium
1893057,High
2305463,Medium
2234249,Medium
1271107,Medium
573286,Medium
1680667,Medium
632483,Medium
1721296,Low
2038498,Medium
25728,High
942676,Medium
1567115,High
1246666,High
1716859,High
1497967,Low
713465,High
2036646,Low
1347838,Low
1165889,Low
1346871,Medium
966852,High
505078,Medium
273852,High
279380,Medium
1833657,Medium
486346,High
1352656,Low
256176,Medium
1964229,Low
624855,High
2164221,High
809543,High
695886,High
78349,Medium
1926873,Medium
1113709,High
732122,High
1206628,High
85770,Medium
1126921,Medium
1227352,Medium
488193,Low
1256938,High
235095,Medium
1624125,High
1392636,Medium
128642,Medium
1863808,High
1518168,Medium
1578588,Medium
1919098,High
1204454,Medium
1919531,High
290203,Low
1937856,Medium
2035954,Low
7920,Low
1057853,High
68765,Medium
2107888,High
890411,Medium
1886647,High
2236908,Medium
302182,Low
24264,Medium
1550201,Medium
1844048,High
583823,High
2020498,High
649841,Low
1583414,Low
10198,High
2244426,Low
652142,High
1004828,Medium
116339,High
1858055,Low
305569,Low
1462406,Low
1598451,Medium
1869598,Medium
796657,High
1105626,Low
557991,Low
1969181,High
217259,Low
698290,Low
137799,Medium
55850,Low
613308,High
1638126,High
2253321,High
958072,Medium
812969,Low
781777,High
1265840,Medium
826639,Low
2031433,High
2207625,High
408334,High
392621,High
509323,Medium
948793,High
391795,Low
1889493,High
1940781,Medium
2263192,High
239078,Low
1875164,Medium
390259,Medium
155689,Low
1954756,High
1642258,High
2279083,Medium
214274,Medium
2306380,Medium
134901,High
1341685,Medium
267684,High
1290884,High
1097565,Medium
472163,Low
219197,Medium
1024135,Low
292957,Medium
677293,High
1162766,Low
2096880,High
447186,Medium
1885761,Low
987709,Medium
542210,High
1116110,Medium
796882,Medium
822708,Medium
528259,High
1678788,High
310511,Medium
787631,High
63708,Medium
412773,Medium
1755654,High
741093,Medium
1838384,Medium
888047,Low
8718,Low
1025287,Medium
198754,Low
1784613,High
1712657,Medium
1257149,High
2262329,Medium
868784,Low
1642319,Medium
1301575,Medium
1233680,High
661126,High
229574,High
488122,High
50011,Low
723060,High
1449231,Low
241552,Low
1566842,Medium
1492959,Low
2087581,Low
218868,High
2198773,Low
2174420,High
1602922,Medium
702124,High
777560,Medium
1886051,Medium
1476573,Medium
591682,Medium
702300,Medium
254470,High
1454185,Medium
1255728,High
1261629,Low
2219787,High
2070528,Low
1726575,Medium
1611753,Medium
1886116,High
2201552,High
1054589,Low
2293339,Medium
1917594,High
662532,High
623242,Low
2171931,High
1932894,High
1864580,Medium
585752,Medium
1716695,High
562790,Low
1046878,High
454793,High
862301,High
1109652,Medium
588960,High
2162520,Low
2108724,High
213121,Medium
525130,High
61697,Low
1025373,Medium
908308,High
119151,High
370160,Low
1791416,Low
651864,Medium
1810796,Low
2316709,Medium
660300,High
2021784,High
1046011,Low
186396,Low
144625,High
14558,Medium
752364,Low
1581707,Medium
1068716,High
1449907,High
163675,Low
950346,Medium
1833730,High
207977,High
123669,High
1944821,Medium
1736968,Low
588213,Medium
688320,Low
2132124,Low
28651,Medium
672126,High
257795,High
1950785,Medium
1025023,High
1769729,Medium
1878722,High
2070096,Low
1994317,Medium
1215558,Medium
2277716,Medium
1505770,Medium
1923129,High
2229241,Medium
1821222,Low
1595020,Low
1476164,Medium
1614141,High
903957,Medium
1346869,Medium
1692044,High
1758603,Medium
1782216,Low
1691428,Medium
603883,High
1132241,Low
439758,High
1711428,Low
121335,Medium
76843,Low
1853493,High
270926,Medium
1838933,High
247377,High
752811,Medium
2186354,Medium
87143,High
1684203,High
1856405,Low
1158473,High
45621,Medium
1635702,High
1112188,Medium
843414,Low
75212,High
2199910,High
2972,Medium
1754327,Medium
1271555,Low
2243723,Medium
2237774,Medium
393488,Medium
980144,High
354957,Medium
1912693,High
846398,Medium
1452506,High
555306,High
1697299,Medium
450715,Medium
2234278,Medium
477587,Low
2263977,Low
252834,Low
1385678,Medium
353085,High
460631,High
940928,Low
437312,Medium
467630,High
1650774,Medium
666405,High
1300519,Medium
1045637,High
1083142,High
1912413,Medium
634690,Medium
1892522,High
1845747,Low
1457005,High
894164,Medium
1132907,Medium
492987,Low
1037820,Medium
2062983,Low
234392,High
1195653,High
1229467,High
366537,Low
374747,Medium
222452,High
2122547,Medium
466322,Medium
960878,High
1264254,Medium
2074859,Low
1256725,Medium
1186323,High
537738,Medium
436115,Medium
1096188,Low
227400,High
2238274,Low
1723898,Low
1033184,High
364259,High
782977,Medium
650377,Medium
335654,Medium
1917937,Medium
1871924,High
1463773,Medium
441935,Medium
1273677,High
1021697,Low
1802207,High
988739,Low
365650,Medium
875696,Medium
1747432,Medium
116086,High
1915294,Low
35368,High
2218631,Medium
1768053,Medium
1922890,Medium
1157834,Medium
50248,High
31138,Low
1052845,Low
1843157,High
1263713,High
212506,Medium
95941,Low
295943,High
1013081,Low
785711,Low
2248982,Medium
1155946,Medium
1668066,Medium
1652181,Low
1173368,High
1190120,High
1077386,High
2199185,High
1388507,High
490448,High
834781,High
2115854,High
2079259,Medium
1294024,Low
1127265,Low
712585,High
914413,Low
1324038,Medium
842370,Medium
2181015,Medium
410504,High
2267694,High
1246,High
567934,Medium
1129664,Low
508439,Low
1056634,Medium
1274697,Medium
137823,Medium
1607079,Medium
837583,High
2167041,High
2024552,Low
2264262,High
2118074,High
1479868,High
30040,Low
780158,High
279658,Medium
2257092,High
1401744,High
337397,Low
173690,Medium
136698,High
395894,Low
905316,High
1822000,Medium
1514346,Medium
1533899,Low
2090802,Medium
126182,High
147283,Medium
583838,Low
857602,Low
803022,High
226580,High
1493628,Medium
853410,Low
1428765,Medium
1932058,Medium
804080,High
2148890,Medium
1648640,Medium
1479366,Low
1207627,High
1232009,Medium
243929,Medium
2086117,Medium
1820656,Medium
142766,Medium
1664201,Medium
2019427,Low
1253545,Low
305629,High
18580,High
684935,Medium
1886130,High
2320118,High
1100331,High
348840,Low
2055202,High
1486703,Low
89496,Medium
1087239,Low
390911,Medium
1452834,Medium
405643,Low
1957423,Low
2183081,High
1248700,Medium
866981,Medium
1853397,Low
1822076,High
759542,High
403648,Low
1033496,Low
888465,Medium
1171412,Medium
543022,High
2252695,Low
605173,Medium
976944,Medium
2278796,Low
379792,High
1825405,Medium
393832,High
822941,Medium
82485,Low
2241214,High
388841,High
759354,Low
1451311,Low
388725,Low
1682474,Medium
832026,Low
61976,Low
653068,High
364939,Low
1325971,Low
788169,Medium
309470,Low
1436775,Medium
1342481,High
683518,High
2244219,Medium
96518,Medium
1135946,Medium
206399,Low
180122,High
2245411,High
1583724,High
1379626,Low
1412541,Medium
1313081,Medium
457947,Medium
1854112,Medium
1548341,High
217704,Medium
392692,High
1627920,High
200510,High
1013685,High
1824821,Low
620733,High
2042292,Low
1756498,Low
2290025,Low
2256874,High
2058880,Low
768659,High
2238594,High
1840622,Medium
1220256,Medium
412300,Medium
375567,Medium
1875836,High
166398,Medium
1469191,Low
2033545,Medium
635477,Medium
639460,Medium
1629782,Medium
1194076,Medium
300522,High
330958,High
1730075,Medium
290799,High
277794,High
1520775,High
1976583,High
2107924,Medium
1020104,Medium
69859,Medium
597401,High
998660,Low
66361,Medium
1079466,Low
289180,Medium
2298352,High
1595759,High
1123580,High
625591,Low
1270342,Low
531298,Low
1953257,High
780214,Medium
2055755,Medium
2272158,Medium
1143038,High
1478311,High
993837,High
354689,High
382241,High
1871921,High
346865,High
520501,Low
1631550,Medium
750018,High
679308,High
997362,High
430139,High
1684980,High
558263,Medium
2005664,High
795838,High
1553010,High
1850494,Medium
1292586,High
755920,Medium
1003268,Medium
848390,Medium
2250118,Medium
1397667,High
1406614,Low
2270764,High
226048,Low
821362,High
678787,Medium
902468,Medium
846258,High
1833702,High
880296,Medium
2084244,High
1829758,High
1479858,Medium
462520,Low
1519457,Medium
1051463,High
400787,High
1257314,High
157381,Medium
696502,Medium
1212074,High
1899900,High
2297297,High
2015418,High
2129000,Medium
1487458,High
1285818,High
660918,Low
342424,High
669065,High
360365,Low
649005,Low
1753419,Medium
596706,High
891622,Low
1162858,High
1497872,Low
600695,High
1655011,Low
1801378,Low
70647,Low
327599,Medium
891132,High
570884,Medium
1382155,Medium
2244927,Low
1581962,High
2016111,High
2085175,High
2132573,Medium
2141668,Medium
2037327,Low
1664329,Low
1176019,Low
1316138,High
1083697,Medium
1297665,High
2040289,High
1715626,High
591571,High
1879612,Low
1882423,High
1242735,Medium
1492745,High
483357,High
1793005,Medium
337430,Medium
164225,Low
364106,Low
48763,High
382000,High
1598319,Medium
593276,Medium
776826,Low
1981571,Medium
2133665,Medium
134013,Low
665807,Low
1395430,High
1687236,Medium
1026942,High
1956600,High
1447568,Medium
851318,Low
1906657,High
268566,High
172122,Medium
2012765,High
1562185,High
1156640,Medium
1229173,Low
1725961,Medium
134100,Low
1047825,Medium
879671,High
1927880,High
1105639,Low
1081807,Low
1723201,Low
1989012,Low
1178042,Medium
1660412,Medium
1867692,High
1477936,Low
1333621,High
1806890,High
58801,Low
1236636,High
2058288,Low
1163819,High
1535338,High
1364054,Low
1967458,High
258979,Medium
940250,High
563117,Medium
1882761,High
228458,High
908313,Low
174472,High
270140,High
1332341,Low
1768355,Medium
1292449,High
1570827,Medium
730759,High
1677846,Medium
647285,Low
3530,Low
1546121,Medium
1783730,Medium
1867423,Medium
1549431,Medium
1353406,Medium
1139334,High
203103,Medium
164510,Low
2006378,Low
1200040,High
1942972,High
333920,Medium
1980108,Medium
1051984,Medium
204832,Medium
2238484,Medium
20568,High
852013,Medium
1779180,Low
922354,Low
2255331,High
1787675,Medium
1055033,Medium
928105,High
7184,Low
438180,Medium
30277,Medium
2304928,Low
906448,Low
486298,Medium
389720,Medium
1262555,Low
286180,High
2156841,High
1606050,Medium
1022759,High
1337908,High
1662383,Medium
488440,Low
87304,Medium
502158,Medium
649562,Medium
397613,High
175576,Medium
1743887,Medium
480391,High
1170802,High
1051985,Medium
512045,Medium
76917,Low
1113239,Medium
594076,Low
1886208,High
1346936,High
1714649,High
276188,Medium
369364,Low
1137301,Low
231218,Medium
1412244,High
844927,Medium
1676249,Medium
1397089,Medium
157041,Low
1543924,Low
338967,Medium
2201583,High
603435,Medium
1592403,Medium
448886,Medium
1944896,Low
842610,Medium
1943905,Low
909469,High
256287,High
1928040,Medium
2090906,High
1485633,High
447085,Medium
1464313,Low
748706,Low
760359,High
2018108,High
528893,High
1936711,Low
862096,High
492769,High
785981,High
15960,Medium
1083918,Medium
619165,High
329510,High
1704835,High
167062,High
1681808,Medium
2249649,Medium
210989,Medium
978931,Low
1198167,Medium
1253895,Medium
1539386,High
2127763,High
2201562,High
479141,Low
1970106,High
323843,Medium
466181,High
1940953,Medium
905533,Medium
1922816,High
564364,High
701335,Medium
1640800,Low
1514896,High
2198048,Low
572974,High
2250256,Low
1834776,Medium
1421142,High
1535605,Medium
1676434,Medium
2221250,Low
1538670,High
1981704,Low
1959318,High
1526880,High
1079215,Medium
185197,High
485849,High
2241851,Low
76871,High
1244561,Medium
1309337,Low
1775896,Low
1185029,High
1995944,Low
170494,High
1140686,High
1529940,Medium
639767,Low
299809,Low
829163,High
496346,High
2048479,High
785031,Medium
626897,High
1674854,Medium
2066031,High
119017,Medium
480223,Low
1317981,Low
1443803,Low
12224,High
655201,High
452249,High
488762,High
1902151,Low
196012,Medium
1606415,High
870720,High
113449,Medium
256916,Low
1584036,Low
1170845,High
1371072,Low
1218289,High
1167421,Low
1679359,High
1316758,Low
2007455,High
1170919,Low
1736124,High
2089603,High
1492269,High
1415489,Medium
934163,Medium
429824,Low
1081726,Medium
1460041,Medium
1152463,High
1104777,Medium
1207530,High
554266,Medium
1041602,Low
1830387,High
1749236,High
1538443,High
1049987,Low
1394535,Low
1486991,High
1846157,Medium
114294,Medium
1016412,Medium
2318718,Low
1155451,High
1796956,High
1595211,Low
370188,Medium
373086,Medium
2074657,Medium
1001949,High
1938304,High
883059,Low
1663337,Medium
1981367,High
201129,Low
1392640,Low
688112,High
46395,Medium
2116455,High
1392236,High
1588270,High
201702,Low
1560068,Low
1657726,Low
186400,High
1497579,Low
124213,Medium
845078,Medium
146248,Medium
268286,Low
129924,Low
1495589,Medium
2283895,Low
1061744,Medium
1480468,High
2095537,Low
59321,Low
1087499,High
1927646,High
1684314,Low
322623,Medium
1128784,High
486350,Medium
1151461,Low
1198856,Low
1762845,High
1669080,Medium
689905,Low
147071,High
697930,High
1471537,Low
1370481,Low
1127881,High
668613,High
531902,High
879740,High
1989810,High
2196300,Medium
2066011,High
1951990,High
721812,High
1460855,Low
271028,Medium
617644,High
99040,High
944607,Medium
214379,High
1300610,High
1251054,Medium
1029463,Medium
712030,High
635132,High
272981,Medium
2147024,Medium
1352994,Medium
1287278,Low
851415,Low
918826,Medium
1048720,High
214436,High
1890567,High
65989,Medium
553964,Medium
1178773,High
1011338,Low
203046,Low
1828594,High
2056611,Medium
1713727,High
704468,Low
516764,Low
1548310,High
216432,Low
1576732,Low
979522,Medium
991081,Medium
110906,High
1053974,Medium
1461136,Medium
1927685,Low
45848,Medium
686596,Medium
68809,Low
2002649,Medium
5368,Medium
471044,High
692747,High
423384,Medium
925579,High
242232,High
1405020,Medium
312566,Low
1577700,High
480811,High
456094,High
513258,Low
1841679,Medium
946636,High
1920574,Low
697291,Medium
1230344,Medium
650333,High
707716,High
1062484,Medium
1084562,High
869338,High
1066406,Low
65532,Low
1488153,High
297864,Low
1370154,Low
1496688,Low
1378573,High
2146463,Low
1802959,Medium
1666916,Low
109015,Low
1851904,High
1713932,High
173693,Low
89659,Low
1184477,Low
1009511,Low
2277818,High
791414,Low
263624,High
2319709,Low
750788,High
1053905,High
693464,Low
90981,Low
1640889,High
751830,High
2299851,Low
1529157,High
527347,Medium
1464853,Medium
225570,Low
819874,Medium
1280754,High
1279201,Low
2226139,Medium
651714,Medium
1732492,Medium
1613167,High
1874252,High
434020,Medium
1514687,Low
416992,Medium
771362,High
2022631,Medium
831395,High
748323,High
486978,High
1376399,Medium
1765285,Low
163012,High
996543,High
982942,High
615350,High
500909,Low
2072873,High
66222,Low
1453640,Medium
1296454,Low
1798469,Medium
2205847,Low
310974,Low
808789,High
143448,Medium
825843,Medium
806379,Medium
899023,High
108841,Medium
1502739,Low
876708,Medium
1214435,Low
1377839,High
1509734,Medium
1748050,Medium
1456372,High
1788949,High
1413857,High
1468904,Low
463958,High
28327,High
180919,Medium
1759805,Low
1877796,Medium
283893,Medium
2314539,Medium
1237909,High
2179701,Medium
512375,High
1474937,Low
260948,Medium
668127,Medium
101946,Medium
839991,Medium
1395297,Medium
20822,Low
289430,High
897475,High
1983024,Low
619366,Medium
313874,Medium
400671,High
81238,Low
2065817,Low
875474,High
1787028,Low
410580,Low
1443093,Low
648672,Low
476086,High
249646,High
1878596,High
1973205,Low
108183,Low
1834035,High
462729,High
1145256,High
209259,High
1276384,High
1731335,High
169456,Low
864345,Low
1003696,Low
1919763,High
200599,Medium
608649,Low
1631909,Medium
1937750,Medium
1659631,Medium
1928802,High
859227,High
1694699,High
650957,Low
1100802,High
934123,Medium
786292,High
907759,Medium
822077,High
131738,Medium
1960140,Medium
153463,Low
2142183,High
230148,Low
752609,Low
1736242,High
1025598,Medium
1204642,Medium
1420561,High
1018115,Medium
990159,Low
418351,Medium
1853473,High
2189973,Low
249727,Low
789677,Medium
440709,Medium
1110790,High
2156731,Medium
1177870,Low
189950,Low
217273,Medium
1702090,High
995662,Medium
379680,High
1729368,Medium
1865939,High
562401,Medium
488813,High
2144593,Medium
541172,High
268570,Medium
313546,High
578857,High
872267,Low
74673,Medium
1712519,High
21003,High
862136,Medium
1621830,Medium
655212,Low
153127,Low
1237622,Medium
761215,High
554431,Low
971115,Low
827820,High
769744,High
630086,High
301746,Medium
2318431,High
1649693,High
1082297,High
2235438,High
2194250,High
1642630,High
1441145,Low
2171390,Medium
1065530,High
1744147,High
1071126,High
49546,Low
1657391,High
2287004,Medium
1541603,High
171601,Low
2083246,High
502683,High
1717317,Medium
1393919,High
2170049,Low
2282083,High
930902,Medium
1437363,Low
1192466,High
450641,Medium
1793976,High
319182,High
2273420,High
1188821,Low
686933,Low
1156512,Low
1067747,High
167461,High
159917,High
98829,Medium
870432,Medium
1745883,Medium
1273422,Medium
2215458,Low
1812528,High
438058,Medium
1421555,High
1723663,High
1683377,High
1221813,Low
71363,Medium
731679,Medium
554012,High
1034190,Medium
504882,High
290624,High
512619,High
1590338,Medium
2289090,Medium
713202,High
1803814,Medium
1178207,Medium
518940,Medium
83696,High
1994313,High
1996102,Low
1267282,Medium
1972406,High
267451,Medium
1645156,High
27181,High
1089703,High
954970,High
609084,Medium
1224961,Medium
213392,High
203196,Medium
274007,Medium
1821159,Low
1962418,High
1886691,Medium
1881870,Low
946268,Medium
1069866,Medium
1579442,Low
1770615,Medium
607158,Low
837889,Medium
449921,High
61796,Medium
1642986,High
1803894,High
1747741,Low
2125800,High
1952204,Medium
1171663,High
2077965,Low
1905761,High
92595,Low
495841,High
2197339,High
1421604,Low
1426250,Medium
248420,Low
1755479,Low
2030024,Medium
90117,Medium
643293,Low
688909,High
652904,High
1242282,Low
288182,Low
1357028,Low
978197,High
1815021,Low
315641,High
1969173,High
10191,Medium
899635,High
1384179,Low
1932160,Medium
2081133,Medium
7063,Medium
1469546,High
1415416,High
1901427,Low
1174882,Medium
314369,High
1463426,Low
2072576,High
683943,Medium
2281064,Low
1940431,Low
280091,Low
949932,Low
2050141,High
1398324,Low
945615,High
1391710,High
238378,Medium
245797,Medium
421709,High
271192,Low
2139701,High
1390376,High
748242,High
1794243,Low
570335,High
667175,Low
270311,Medium
1166170,High
915494,Low
1325345,High
360112,Medium
2058289,Low
159275,High
1078903,Medium
777967,Low
1921655,Medium
692961,Medium
821745,Medium
771973,Medium
1120210,Low
2043444,Low
775842,Medium
1671298,Medium
714403,High
2069601,High
607568,Low
1714673,Low
753109,Medium
555971,Medium
380512,Low
1370072,Medium
2271398,Medium
757672,Low
262958,Medium
143431,High
881944,Low
283113,Low
52982,High
210804,Medium
1001119,High
1829745,Medium
871133,Medium
1695072,High
1580655,Medium
484208,High
1124105,High
2142922,Medium
920531,Medium
1656096,High
2255912,Medium
2122908,Medium
51815,High
1543687,High
1045420,High
721175,Medium
2034621,Medium
2234112,Medium
1145758,Medium
615451,Low
1319503,High
1324373,High
990011,Medium
1480788,Low
1372076,High
1950815,Low
1006182,High
1591151,High
571364,Medium
1299808,Medium
1664778,Low
1422446,Medium
209926,High
842513,High
877749,High
25129,Medium
574464,Low
863616,High
1484948,Medium
901382,Medium
1479769,Medium
1092143,Low
2150562,Low
1906120,Medium
861869,High
2302099,Medium
433499,High
1618971,Low
1106244,High
14313,Medium
2250025,Medium
307606,Low
434852,Low
1569840,High
936923,Low
459812,High
1693221,Medium
356288,High
1077996,Low
2101001,Medium
1253449,Medium
1928279,High
622106,Medium
1383036,Medium
446513,High
1725079,High
1480768,Medium
1043051,High
1987400,High
17487,Medium
800496,Medium
1412964,High
1508082,High
644182,High
2070917,Low
863915,High
1248880,High
646305,Low
664730,High
881990,Low
610256,High
1010001,Medium
609254,Medium
2170974,High
1955838,Medium
753042,Low
1562462,Medium
2069480,High
1712084,High
1431883,High
475328,Low
1727526,High
1402966,Medium
1129353,High
742471,High
1482815,Low
2273997,High
863778,High
148118,Medium
1636359,High
1305524,Medium
488778,Medium
841163,Low
522316,High
1433182,Low
118288,High
155259,High
343856,Medium
13069,Medium
798069,Medium
1432727,Medium
2323398,Medium
712954,Medium
2183758,Low
1549656,Medium
1437180,High
441715,Low
1784407,Medium
1235905,Low
1621851,Low
1456348,High
729049,High
470769,Low
665376,High
876923,High
2038848,High
928571,Medium
1354319,High
767562,High
66228,Low
2240474,Medium
925482,Medium
187030,Low
1115094,Medium
391846,Medium
1270773,Low
1494251,Medium
381274,High
116968,Medium
403720,Low
1126760,High
422818,Medium
2078634,Medium
49847,Medium
661636,High
638700,Medium
2095353,Medium
822376,High
2292464,High
1973683,Low
1611579,High
622216,High
497012,High
1848483,Medium
45755,High
2113728,High
2015123,Low
2083342,High
1385730,High
360600,Low
2060763,Medium
905992,High
1415510,High
1300707,High
941563,Medium
1383303,High
219936,High
146406,High
870220,Medium
1681825,Medium
1840978,High
269455,Medium
499491,Low
851852,Medium
866972,Medium
277250,Low
1604943,High
1500544,Medium
331430,Medium
2080734,Medium
1120323,Low
1841008,High
944696,Medium
2256602,High
2170695,High
2026817,High
1571927,Low
1880765,Medium
2271708,High
1860929,High
1723395,High
1261513,High
2145953,Medium
648240,High
1971365,High
1176188,Low
1479154,High
1120356,Medium
627638,High
1111094,High
265143,Medium
1256875,High
1134737,Medium
546270,Low
96119,Low
1981512,High
1774995,High
119492,Medium
2032142,Low
1008225,Low
164204,High
312626,Low
659743,High
607401,High
21651,High
1030937,Medium
1008034,High
445491,Medium
956451,Medium
1623970,High
600591,Medium
739594,High
934136,High
1346840,Medium
313062,Medium
1129568,High
2049247,Medium
155035,Low
213452,High
493607,Medium
579812,Low
1874122,Medium
251662,High
1629881,Medium
1212076,Medium
1987882,Low
1782393,Medium
2278718,Medium
1925717,Low
1024558,Medium
1042886,High
792988,Medium
1135399,Medium
403541,Medium
29441,High
1870814,Medium
1940284,Medium
1539025,Low
277464,Medium
1790319,Low
625302,Medium
137161,High
708138,Low
2073229,High
660423,High
295376,Low
1685098,Medium
84617,High
935897,High
1407307,Medium
1720757,Low
497274,High
416336,High
1677598,Medium
1191205,Medium
873820,Medium
497941,Medium
1289144,Medium
1756938,Low
55808,Medium
720041,High
572537,Low
232900,High
585488,Low
624965,Medium
770299,High
870605,Low
2015385,High
2324931,Medium
1906633,High
1975368,Low
682338,High
944741,Medium
900616,Medium
1973616,Medium
1546963,Low
1709080,Medium
1348132,High
2265176,Medium
1535818,Medium
1811842,High
1686577,Medium
698903,Medium
19417,High
347746,Low
1415855,High
29637,Medium
888871,Low
866962,High
480988,High
500297,High
749905,High
1201570,Medium
902396,Medium
1609833,Medium
302668,Medium
206769,Medium
1284940,High
390175,Low
148499,Low
1064541,High
879459,High
1750060,Low
761929,Medium
863271,High
308514,Medium
879263,Medium
787899,Low
1828408,High
1433202,High
581708,Medium
1173972,Low
836443,Medium
1553574,High
2270135,Low
304631,High
1656510,Medium
802065,Medium
112136,Low
2321385,Low
1729905,High
729782,Low
522583,Medium
354845,Medium
1994296,Low
1193038,Medium
885025,Low
1634052,Medium
282028,Low
1918455,Low
1684321,Medium
1598344,High
517919,Medium
854236,High
1914631,Medium
2219440,High
2241480,Low
1752104,High
639470,High
807083,High
2130251,Low
1281762,High
174089,Low
386859,High
828315,Medium
1578101,High
1024728,Medium
330193,High
1988037,High
828006,High
582709,Medium
1755936,High
1065574,High
453111,High
1709089,High
4087,High
2152151,Low
1995172,Low
472129,High
481606,High
1291494,Medium
1317678,High
1624229,High
1268174,High
1944274,Medium
1005283,Low
1619944,Medium
1680564,Low
138233,Medium
1371056,Medium
877722,Medium
27671,Medium
813096,High
1034642,Medium
1517591,Low
1214776,High
562053,High
829634,High
1512751,Low
1246559,Medium
2269523,High
1548713,Low
987174,Medium
15449,Medium
1905670,Medium
2199401,High
405655,High
636304,Low
1302518,Medium
1115793,High
1686282,Medium
1788034,Low
918210,Medium
714583,Low
2133840,High
1583805,Medium
1006158,Medium
1711340,Low
775715,Medium
62675,Low
157851,High
1857532,High
1245594,Low
271678,Medium
2092218,High
294244,Medium
808,Medium
1208988,Low
268361,High
837261,High
62616,High
2265343,Medium
1677802,Medium
1633574,Medium
685283,High
581814,Medium
652422,High
1517493,High
1627586,High
1333327,High
2213818,High
781858,High
605887,Medium
992782,High
1737575,High
1629576,High
746617,High
56523,Low
1231246,Medium
1063340,Medium
878037,Medium
60772,Medium
1232288,High
2109621,Low
176044,High
963023,High
485399,Medium
2046773,Low
1662386,Medium
2309996,High
1961407,High
2007357,High
1570725,Medium
1360195,High
2027489,High
99943,Medium
626824,High
1682296,Low
2038386,High
1476778,High
1470133,Low
1158526,Medium
1900332,Medium
855013,Low
956229,Low
376556,Medium
1168777,High
420501,High
1942796,High
1221342,Medium
757621,Low
1874727,High
443146,Low
1106676,High
1990098,Medium
403504,High
919537,Low
2294454,Medium
2081556,Low
2281822,Low
2247285,High
1919092,Low
431888,High
396333,High
1081411,High
827485,Low
731282,High
527171,Low
1311688,High
21381,Low
900347,Low
1832345,Low
1665579,High
1677680,High
2181416,Low
340477,High
1462327,Low
1818148,Medium
169030,High
400989,Medium
1592165,Low
1290466,Medium
349954,High
1268885,Low
1791935,High
963542,Low
1558164,Medium
690993,Medium
516560,Low
2010105,Medium
664640,High
1798835,Medium
19353,Medium
62132,Medium
1115986,High
2052329,High
415915,High
344583,Medium
1340830,Low
1448592,High
2228795,Medium
1207475,High
512214,Low
407544,Medium
802680,Medium
1748971,Low
368920,High
1650114,Low
224777,High
292661,Medium
715963,High
1339760,Low
1361941,Medium
1251225,Low
112480,Medium
1176560,Medium
650322,High
455188,Low
2166903,Medium
1290128,Low
1778722,High
688850,High
202486,Medium
2133416,Medium
234570,Medium
2018925,Medium
1119368,Low
509698,Medium
2075117,Medium
2182248,High
979368,Low
37587,Medium
1216249,Medium
937344,Low
1921324,Medium
525144,Low
592563,Medium
2112412,Low
482458,High
22019,High
1121432,Low
792338,Medium
609901,High
2105370,Low
1015638,High
164901,Medium
59603,High
667242,Medium
1449904,Low
525663,Medium
2210293,Medium
1169143,Medium
455916,Medium
1881143,Low
1089324,Medium
774884,High
903866,High
1223796,High
684046,High
2067900,Medium
145326,Low
359927,Low
1364296,Medium
1571386,Medium
2065399,High
1537800,High
1794982,Medium
1935907,Medium
1065392,High
1297130,High
2307934,Medium
1043056,High
1674411,Medium
603161,High
526073,Medium
1370579,Medium
670846,Low
1407936,Medium
799858,High
454536,Medium
1483570,Medium
1413288,Low
2041620,High
2220732,High
2140967,High
866188,Medium
787065,Medium
1012639,Medium
732048,High
1498612,High
876289,Medium
76410,Low
57258,High
1908805,High
1035258,Medium
711994,Low
1277314,High
877624,High
1694224,Medium
907206,Medium
1011748,Low
1414550,High
2106417,Low
1765505,Medium
1898334,Medium
737515,High
1165741,High
383372,Medium
2173436,High
399582,High
1715667,High
195261,Low
406254,High
946121,Medium
1493957,High
1499002,Low
996977,High
763703,Medium
159379,Low
517679,Medium
1754806,High
1692099,Medium
497929,High
2304368,High
1892735,High
938502,High
994503,Low
1594811,Medium
2238880,Low
1866952,Medium
1670894,High
931098,High
927185,Medium
2135414,High
535232,Medium
1308755,Medium
1529514,High
2154639,Low
2318662,High
1672946,Medium
880646,Low
1222054,High
1022510,Medium
1731081,High
1513897,High
143206,Low
2267761,Low
440523,Low
382055,High
2014504,Low
930519,Medium
425019,Medium
682325,Medium
1970188,Medium
8386,Low
1942305,High
2055332,High
174330,High
1579758,High
1617910,High
1126270,High
1798084,Low
1783153,High
1506999,High
1316789,High
1508556,Low
1240162,High
1889866,Medium
105458,High
2003636,High
1497898,Medium
396571,Medium
1855634,Low
46220,Medium
2062900,Medium
1936245,Low
1787772,Medium
1744581,Medium
1270140,Medium
25209,High
1307131,Low
110966,Low
690733,High
2195848,High
586500,Low
1582205,Low
183925,High
1037018,Medium
1110793,High
2184644,High
1870574,High
1197983,Medium
671843,Medium
2174078,Medium
407726,Medium
1652521,Medium
1467333,High
1421384,Low
1792197,Medium
73060,High
2019961,Low
1980363,High
1564109,High
879847,Medium
1818173,High
9123,High
674525,Low
2256243,Medium
1733697,Medium
1476412,Medium
1767136,Medium
1334781,Low
2184781,High
299811,Medium
414716,Low
276047,Low
406102,Low
2050408,High
1750625,Medium
544065,Low
206338,Medium
1373442,High
1206104,Medium
993541,High
1934518,High
1425886,Low
558682,Medium
1446283,High
1224654,High
1205747,Low
2068058,Medium
516748,Medium
664879,High
1421573,Low
1040567,High
638527,Low
694167,High
183875,Medium
2149569,Medium
655028,Medium
1774799,High
9262,High
696273,High
1633939,High
1506811,Medium
613102,High
1768565,Low
2051035,Medium
1986434,Medium
2119988,Medium
968090,Medium
536766,Medium
1416180,Medium
908712,Medium
316772,Medium
696354,High
1208336,Medium
743320,Medium
2325676,Low
2196094,High
203826,Medium
148886,Low
475275,Medium
1233530,High
1822706,Medium
1702169,Medium
755389,High
743311,High
419392,High
466426,Medium
1775763,Medium
1298852,Medium
757529,Medium
671825,High
1211395,Medium
1080723,Medium
1213476,Low
1390035,High
552026,High
764713,Low
649691,Low
2307106,High
173352,High
1167845,Medium
2066866,High
808608,High
616052,Medium
1510312,High
1580667,High
1735515,Medium
1728386,High
983325,Medium
1308947,Medium
826952,Low
2260238,High
2291605,Low
1836713,Medium
1848735,Medium
1955530,High
1768590,Medium
261010,Medium
440170,Low
1979240,Medium
1109027,Medium
1767790,Medium
1439290,High
214673,High
515258,Medium
608003,High
2144231,Medium
864524,High
1452279,Low
493653,Medium
1945222,High
380367,Low
297756,High
1851487,High
40261,Low
553638,Low
1177814,Low
646898,Medium
221568,High
2186194,Medium
1347640,Low
1248226,Medium
2233826,High
1076363,Medium
1613845,High
970851,High
1065026,Low
2138458,High
1105487,High
1966322,Medium
1224282,Medium
368915,Medium
896430,Medium
1762932,High
143870,Low
1369404,Medium
2301044,Low
2225029,High
1438096,High
1379512,Medium
1510847,High
1751399,Medium
858590,High
419123,Medium
1796097,Low
2019824,High
72012,Medium
1381152,Medium
635252,High
198496,Medium
811376,Medium
1638561,High
2299925,High
2265121,High
1422568,Medium
1711337,Medium
1139016,Medium
330963,High
1121145,Medium
2106075,Medium
2085736,Low
849175,Medium
306092,High
7236,Medium
1703186,High
1497059,Low
446632,Medium
673334,Medium
91875,Medium
1811018,High
45487,Medium
272853,High
1305109,Low
1925223,High
2219480,Low
1243660,Medium
1814625,High
2056891,High
1027542,Low
1414237,High
106137,Low
1288332,High
294797,Medium
2293396,Medium
2225849,Low
1174216,High
1504190,Medium
2232050,Low
1972886,Medium
1974879,Medium
917768,Low
1036665,Medium
1235002,Low
213528,High
1525800,High
743933,High
772623,High
1243686,Low
2180938,Low
1206235,Medium
563807,Medium
517357,Low
11374,High
1120501,Medium
709108,Medium
1447776,Low
1770285,Medium
1435041,Low
1005153,High
255301,Low
1782994,Medium
396087,Medium
290384,Low
711487,Low
506476,Medium
907402,Medium
1001875,High
1569558,Medium
384719,High
2117562,Medium
48127,Medium
1090337,Medium
2174311,High
1359724,High
687826,Low
401605,Low
1221438,Medium
440444,High
1213518,Low
1983934,High
556979,High
1870265,High
184823,Medium
1912814,Low
1487146,Low
969142,Low
902788,Medium
653757,Low
890310,High
999361,High
1940996,Low
1892986,High
2175668,Low
1373188,High
297202,High
659202,Low
1748490,High
1770344,High
2201045,High
2010489,Low
2017483,Low
125758,High
627454,Medium
648133,High
668707,Low
1134318,Medium
1695233,High
868114,High
69793,High
1461173,Medium
308844,Low
1730756,Medium
823114,High
513785,Medium
2145128,Medium
366635,High
386443,Low
491675,Medium
2096615,Medium
482085,High
597433,High
232169,Low
1290379,High
1470555,Medium
427122,High
1032422,Low
1618123,Medium
1669870,High
1314458,High
2113952,Medium
717574,Low
139921,Low
1176148,Medium
540548,Low
1747665,High
1179783,Medium
1196756,Medium
745716,Low
1534389,High
1198372,High
211076,Medium
668010,High
1546826,Medium
2275375,Low
676754,High
580156,High
1085557,High
852749,High
745746,Medium
1686138,High
602124,Medium
2262197,High
1934882,High
666298,High
2214272,Low
1481112,Medium
1266643,High
931859,Medium
1452979,Low
2233303,Medium
902893,Medium
105302,High
2129882,High
809756,High
1959174,High
1960115,Medium
189477,High
723562,High
1375608,Medium
1288280,Low
899463,Medium
5453,Low
890072,Medium
2228438,Medium
99942,Low
85747,Medium
107205,High
2229183,Medium
941052,Medium
1056938,Low
2029692,High
1703886,Medium
270840,Medium
1983151,Low
190586,High
738919,Low
829707,Medium
721698,High
336203,High
181193,Low
1337974,Medium
1300502,High
1372001,High
834565,High
1293436,High
333573,Medium
153866,Medium
1445562,High
776127,Low
1514190,Low
681559,Low
1670135,Medium
481759,Low
1578577,High
1952986,Medium
1096440,Medium
2201615,Low
1726021,High
215688,Medium
181827,Medium
302438,Low
1561396,High
1660545,Medium
260323,High
404341,Medium
1068787,Medium
2123843,Medium
1097015,Medium
1897760,High
1856716,Medium
180033,High
1386636,Medium
1387464,High
2108338,High
102079,High
1133877,High
1837969,Low
1456,Medium
997258,High
959945,High
174113,Medium
724761,Low
1949218,High
1780572,Low
2137507,Low
1085882,Medium
62115,Low
289456,Medium
380988,Medium
2230641,Low
2199480,Medium
1305515,Medium
983790,Low
1035177,Medium
315529,High
1747205,High
463854,High
241141,Medium
1042990,High
1452963,Low
738448,Low
1020409,Low
1970453,High
443262,Medium
153469,High
338799,High
1416080,High
288738,Low
1039544,Medium
2095144,Medium
1893028,High
1351977,Medium
345231,Medium
175362,High
709702,Medium
807796,Low
1937450,Medium
678644,Medium
530135,High
2076323,Medium
2078960,Medium
851191,High
1695186,High
374580,High
1404857,High
1213355,Medium
2174553,High
2134226,Low
1039790,High
837023,High
1546731,Medium
918284,Low
1690272,High
298635,Low
941556,High
1604826,High
1942434,Medium
241476,Medium
2143619,Medium
1936936,Medium
299210,Low
1126684,Medium
1831846,High
820262,Low
1079949,Medium
1109319,High
1329530,High
759900,Low
1016983,High
722440,High
64271,High
1318311,Medium
1329158,Low
1262786,Medium
1115797,High
574224,High
606296,Low
2228524,Low
2020497,Medium
442607,Medium
772365,Medium
1235118,High
911411,Medium
1378481,High
736609,High
2093433,Low
1903097,High
2126276,Low
1967514,High
1629738,High
192663,High
2235736,High
727521,Low
2068375,High
1816547,Low
405379,Low
1988331,Medium
1739669,Medium
673369,High
495913,Low
2059752,Low
11911,Medium
873365,High
1177601,Low
1255727,High
123514,Medium
2288709,Low
2209048,Low
932902,Medium
899396,Medium
502752,Medium
2081426,Low
425070,Medium
1403352,Medium
97256,High
356010,Medium
561827,High
1586612,Medium
707339,Medium
2054885,Medium
1442264,Low
451626,High
1311528,Medium
1994272,High
1751269,Medium
699143,High
423234,High
1320302,High
2138782,Medium
2094203,Medium
754946,Low
1792201,Medium
422841,High
619089,Low
218363,Low
868284,Low
973656,Medium
1984088,Low
1012028,Medium
1991923,Low
263879,High
2303752,Low
1961077,Medium
1310683,High
1735151,Medium
882490,High
942324,Medium
172271,High
716171,Medium
1061347,High
1576882,High
232871,Low
1411388,Medium
929705,Medium
950411,High
117969,High
483936,Low
1789772,Medium
1040922,Low
3312,High
375568,Low
1679511,High
727416,Low
519714,Medium
1108879,High
1575120,High
183764,Medium
530979,High
1119241,Low
173204,High
2186332,Medium
1935816,Low
1047931,Low
1153207,Medium
1552606,Medium
827383,High
1768613,High
1621810,High
1333623,High
1980027,High
616741,Low
57763,Medium
438937,Medium
219914,Medium
2098567,High
116487,Medium
2268926,Low
2296757,Low
1569563,High
2295930,Low
1600272,High
674960,Low
2051399,High
1941177,High
430534,Medium
440028,Medium
371245,Low
1638246,High
2268700,Medium
1737576,Medium
1105503,High
1153389,Low
790512,High
865593,High
220286,Low
317598,High
1086657,High
374929,Medium
1422972,High
673385,Medium
2295417,Medium
278330,High
986841,Medium
1946629,Low
1030082,High
2101616,Low
818449,Low
755538,Low
1612381,High
2204389,Low
345103,Medium
338104,Low
245751,Medium
1717469,High
1636980,Medium
882712,Low
569729,Medium
1669300,Medium
44390,Medium
1722244,Medium
96910,High
375459,Medium
2077467,Low
1695052,Low
2012068,Low
2306852,Low
459201,Low
1849489,Medium
1856063,High
125843,Low
1821760,Medium
866358,Low
1983838,High
635623,Medium
823787,Medium
379476,High
1967647,Medium
2078729,Low
1493615,Low
1360840,Low
1755299,Low
2270515,High
802923,Medium
61583,High
711996,High
1235630,High
1211747,Low
2007419,High
323091,Low
177235,High
453559,High
1946305,High
821915,High
2088746,Low
80227,Medium
1785932,High
1605191,Low
624795,Medium
170070,High
2252538,High
298814,Medium
1810395,High
594479,Low
1479881,Medium
853184,High
2233926,Low
2080084,High
1776331,Medium
407850,Low
270287,High
330922,High
723989,Medium
1924605,High
2186679,Medium
1732755,Medium
1974287,High
2043447,High
1585380,Low
1827014,Medium
1373635,Medium
647400,Low
1394062,Low
554727,Low
1050364,Low
278487,Low
1581005,High
1846494,High
612779,Medium
1538399,Medium
343488,High
2118256,Medium
168434,Medium
1325347,Low
415448,Medium
1387824,High
295534,High
1054539,Low
170919,High
1330457,Low
1440842,Medium
764683,High
1570293,Medium
582392,High
403342,Low
1426313,Low
498723,Medium
1350427,High
2112014,Medium
1394564,Low
806418,High
1079866,Medium
1023830,Medium
1372177,High
470916,Medium
883254,Medium
162021,High
2307623,High
546910,High
791703,Medium
1856752,Medium
156355,High
993778,Medium
1853846,Low
1080865,Low
1989449,Medium
353040,High
1884659,Low
897435,High
1068565,High
1406397,High
1867989,High
1707547,Medium
497927,Low
1727552,High
989385,Low
2170294,High
87352,Medium
292703,Medium
1717801,Medium
1165557,High
1457080,High
255943,Medium
186159,High
1917250,Medium
1070626,Medium
1258453,High
1512240,Medium
397882,Medium
244586,High
6740,High
1834378,Low
857393,Low
393215,Low
1592666,Low
1640064,High
1877072,Low
475339,Low
1792838,Low
182274,Medium
607850,High
280635,High
122055,Medium
45700,High
130490,High
1758832,High
131265,High
2318398,High
1137104,High
798979,Low
188855,Low
1061077,Medium
2066796,Low
200869,Low
1689370,High
1936064,High
625987,Low
442141,Low
831638,Medium
1633791,Medium
215402,Medium
298843,Medium
1207893,Medium
973854,Low
769676,High
1909446,Medium
509581,High
578317,High
1576702,Medium
157407,Low
90888,High
1175576,High
224642,Low
1292208,High
124746,High
451321,Medium
1818131,Low
2309724,Low
1653557,Low
401468,Medium
593804,Low
504171,High
821510,High
1824309,High
688156,Low
1123711,High
755331,Low
260973,High
1454893,Medium
93475,Medium
1502358,Medium
516231,High
2198593,Medium
1936644,High
1241281,Low
2063181,High
19560,Medium
1038843,High
2156405,Low
2164121,High
1746100,Medium
397445,Low
1625916,Low
2323139,High
1271427,Low
1253019,Low
816602,Medium
341747,High
1745064,High
1614026,High
305073,High
1587185,Low
1515301,Low
610690,Low
1000208,Low
1826448,High
724869,High
1265880,Low
1547552,High
856293,High
1373239,Medium
328173,Low
534972,High
255905,Low
1194327,Low
944053,Medium
2052093,High
1808909,High
1305080,Low
896192,Low
881619,Low
148707,High
365068,High
2320084,Low
2319148,Medium
801496,High
1435760,High
1409960,Low
1452451,Medium
1297867,Medium
787922,Medium
840964,Medium
2301724,High
248249,High
1573509,High
178782,Low
1719212,Low
1612266,Medium
2139370,Low
2245032,Low
1016786,Low
2134022,Low
968939,High
673640,Medium
617839,Low
1276750,High
1582964,Medium
1206357,Medium
1084900,Low
730772,High
536422,Low
1886907,Medium
849534,Low
1180744,Low
1790315,Low
402462,High
457152,Medium
2163711,High
381800,Medium
418744,High
328900,Low
1366582,Medium
1430459,Medium
1233260,Low
1986058,High
265648,Low
1309280,Medium
1068609,Medium
873991,Low
228235,Medium
1136871,Low
1895369,Medium
840069,High
1670735,High
1504933,Medium
315475,Low
1203594,Medium
580791,Medium
1783793,High
1351495,Low
10286,Low
125825,Low
2096203,Medium
879862,Medium
2137386,High
2229977,Medium
1791661,Low
1169846,Medium
1942581,Medium
862805,Medium
997775,High
1718322,Medium
1398198,Low
670110,Low
696175,Low
660074,Medium
904552,Medium
1900480,Medium
2022404,High
405615,Medium
497362,Medium
2080618,Medium
2234190,Low
940141,Low
2232087,High
1655928,High
1337767,High
1370872,Medium
186722,Low
1097618,Medium
2301033,High
521159,Low
1334211,Medium
812810,Medium
587907,Low
1773930,Low
1124954,High
1100473,Medium
338416,High
1279425,Low
1919966,High
2183408,Medium
8154,High
2073392,High
837821,Low
1157591,High
1347110,Medium
487507,Medium
2038584,High
1183417,High
34321,High
1109679,High
2119041,Medium
1364252,Medium
1309486,Medium
658769,Medium
1855619,High
561088,Low
218729,Medium
797188,Medium
172147,High
1269019,Medium
434786,Medium
2227877,High
2148246,Low
491730,High
1162702,Low
1119156,High
36436,Medium
574593,High
1299096,Low
857594,Medium
121943,High
448614,Medium
1901526,Medium
103061,Low
1299080,Low
2109310,Low
508126,Low
313510,High
1309316,Medium
1083619,Medium
1420704,Low
1808561,Low
1215281,High
1798505,Medium
1778661,High
794871,Medium
536355,Low
1588320,Medium
608560,Low
2325463,Medium
1556832,Medium
1597580,Low
732242,Low
1957486,High
2291427,Low
1223945,Medium
1839956,High
1362323,Low
1810840,High
839419,Low
1828730,High
2112163,Medium
1245191,High
2111497,High
1156762,High
1425023,Medium
814222,Medium
2147751,Medium
2240675,Medium
108187,Medium
1752737,High
394962,Low
1625612,High
1228938,Medium
1526846,Low
301393,Low
1243374,Low
1659649,High
1316848,Low
140730,Medium
474123,Low
2160140,Medium
1916610,High
1901067,Medium
1751260,Low
1191127,Low
1046999,Medium
2078248,Medium
1654007,Low
2155614,High
963082,High
1692180,High
686269,Low
2254806,Medium
675609,Medium
332115,Medium
1736211,High
182253,Medium
67206,Medium
436572,High
687202,High
1588492,Medium
1329594,Medium
1632513,Medium
1186524,Medium
809275,Low
1265747,Medium
134123,High
38721,Medium
1275309,High
1921650,Medium
1017699,Medium
2172733,High
2211711,Low
2207908,High
1189888,High
658273,High
607750,Low
378014,Medium
1233229,Low
1546632,Medium
555602,High
1636648,Medium
696139,Medium
1706325,High
830335,High
906210,High
1533594,Medium
29682,Low
1545203,Medium
318678,Medium
1480744,Medium
1390450,High
2321434,Medium
263026,Medium
10091,Low
174406,Medium
1496164,Medium
1233701,High
1892311,High
2111654,Low
2303911,High
1943466,High
773639,High
1987686,Low
1787381,High
268943,Medium
1954395,Medium
1341869,Low
327305,High
2162327,High
142126,High
2112578,High
1191466,Low
1357507,High
951871,High
2324473,Medium
613869,High
1239637,Low
914936,High
2004540,High
817620,Low
1017929,Low
889666,Medium
1348447,Medium
220842,Medium
1269084,Low
350775,Medium
1486621,High
1311590,High
794529,Low
1381014,Medium
649776,Medium
888825,Medium
1382976,High
1607134,Low
1569294,Low
1346062,Low
807500,High
1213978,Low
405210,Low
420589,Low
907894,High
1400138,Medium
208177,High
1807981,High
1158750,Low
1022000,Medium
278046,High
1935641,Medium
1739459,Low
1435840,High
478077,Medium
832202,Medium
2100377,Low
1883011,Medium
443924,Medium
195186,High
796011,Medium
2240235,High
786340,Low
1851459,High
2267803,High
1566262,High
1435000,Low
426873,High
1302395,Medium
1460903,High
1365085,Medium
598839,High
2190674,Low
565817,Low
2224295,Medium
1850930,Medium
1202931,Medium
706447,Low
861751,High
2106550,Medium
2116279,Medium
586427,High
32993,Low
794442,High
1389181,High
1252107,Medium
83395,High
2075522,Low
875938,High
260503,High
1702768,Low
153715,Medium
647884,Low
1656434,Low
2191622,Low
1364059,High
842205,Low
648712,High
910097,Low
846287,High
986652,Medium
2007647,Medium
1370316,Low
1707387,High
547299,High
434881,High
455028,Medium
2311397,Medium
1371843,Low
419106,Low
1860816,Low
1851591,High
1817393,Medium
109881,High
250017,High
1849825,Low
1398794,Medium
374494,High
220993,Medium
893860,Medium
1417302,High
1234137,Low
215695,Low
964890,Medium
2240671,Low
2186871,Medium
2191827,High
1315221,High
2243956,Medium
1102839,Low
965493,High
211355,High
195502,Medium
379065,Low
1701873,High
1817029,High
2183734,High
2233471,Low
2272046,Medium
1773939,High
807422,Low
2274798,Medium
757801,High
474971,Low
859830,Medium
1210230,High
2115016,Low
386868,Medium
306585,Medium
389366,Medium
200497,Medium
2003843,Low
1075173,Low
57923,Low
2083428,Medium
1344179,Medium
149387,Low
2020452,Medium
359696,High
1864743,High
1101571,Low
774204,Low
411545,High
1555815,High
498125,Low
1919421,High
1011350,High
1352158,Low
763247,Low
1165765,High
250989,High
170959,Low
312825,High
2323151,Low
1586942,Low
97368,High
631342,High
2219138,Medium
2261250,Low
578266,Low
1018460,Low
2013912,Medium
2160092,High
801748,Medium
1642735,Low
2124261,Low
552540,High
3415,High
1083061,Low
406416,High
2249782,High
1052279,Medium
520339,Medium
415366,High
2206955,Low
364460,High
426583,High
1454997,Low
1215251,High
2196743,High
1872536,High
887653,High
1077962,High
2123672,Low
1118423,Low
600209,Medium
2253223,High
1774878,Medium
2118490,High
1213477,Low
962763,Medium
935528,Medium
964700,Medium
1047141,Medium
1670905,High
1659857,Medium
757234,Low
1126297,Medium
431671,Low
884200,Low
360862,Low
2151963,High
71531,High
151789,Medium
1562635,Medium
1212861,Medium
201006,Medium
1678737,Medium
575384,Low
513942,Low
1114876,High
489314,Medium
62566,Medium
7334,High
1325876,Medium
1667889,High
605447,Medium
783785,High
245026,Medium
1246944,Low
1481266,High
1414146,Medium
1573510,Medium
748575,High
1833729,High
748978,Medium
736738,High
549185,High
469739,High
50788,Medium
1520698,High
434520,High
1556725,Medium
1313764,High
1250763,High
85395,High
2051953,High
669339,High
2188709,Medium
1487862,Low
1999971,Medium
1058949,Medium
1578299,Medium
1342192,Medium
1871309,High
310267,Medium
1231813,High
283910,High
950119,Medium
2298726,Medium
1811534,Medium
1417800,Medium
711127,High
374153,Medium
576243,High
478968,Low
341237,High
1792731,High
1615535,Medium
972748,Medium
547718,Low
1266611,Medium
173048,Low
1577036,High
1268603,Medium
1592136,Low
928285,High
508964,High
1867895,Medium
882079,Medium
1544981,Medium
2217235,Medium
405190,High
37094,Low
462672,Low
1624251,High
603955,Medium
1044002,Low
576272,High
2156129,High
2043692,Medium
1416249,High
1484276,High
2278869,Low
720501,Medium
510418,Low
1603173,Medium
236862,High
1400394,High
2064549,High
4804,Medium
1305620,High
1363500,High
1774930,High
539207,Low
140894,Low
647015,Low
1385486,High
393483,High
2268280,Low
1204597,Medium
2150325,Medium
1602882,Medium
1780953,Medium
931185,High
1788859,Medium
1266172,High
1944512,High
180410,High
1522074,High
993684,High
576053,Medium
1364204,Low
1033766,High
2277945,Medium
586716,Low
2061683,Medium
1048653,Medium
1843019,Medium
1243870,High
75656,High
34009,Medium
460133,Low
1865923,Medium
296068,Medium
2070409,Low
216829,Medium
199319,Medium
687477,High
357266,Medium
1528125,High
697608,Low
435027,Medium
178428,High
1129835,Medium
2138636,High
488336,Medium
2245333,Low
2208048,High
1757234,High
1381887,High
1404070,Medium
1139664,Low
1035111,High
1343870,Medium
2229749,High
1222591,Low
994731,High
1235197,Low
170311,Medium
591126,Low
2230654,Medium
742738,High
2249780,Medium
1034682,High
2160008,High
1282240,High
1959930,High
832435,High
1321159,Medium
908974,High
800876,High
660116,Low
659247,High
1363512,Low
395523,Low
1300658,Medium
70292,Medium
343151,Medium
2159527,High
2046088,High
1507185,High
1391712,High
865203,Low
112450,Low
2049375,Medium
1314636,Medium
1543402,Low
1388180,Medium
1795857,High
1809876,High
878206,Medium
1529983,High
729460,Medium
855701,Low
1196995,Medium
540085,Medium
408175,Medium
1993171,Medium
759837,Medium
1993034,Low
2141774,High
770345,High
819345,Medium
1793994,Medium
2221067,Medium
1866757,Medium
1602046,Medium
1042889,High
570401,Medium
1658504,Low
370084,Low
86777,Medium
1651166,Medium
1171146,Low
1440970,High
1657258,Medium
837621,Low
1111002,Low
418548,Low
1789831,Medium
500055,Medium
1475521,Low
2057975,Low
986480,Medium
584083,High
1053526,High
400531,High
2141226,Low
471444,High
110154,Medium
311157,Medium
2024816,High
1860738,High
1612543,Low
671496,Low
1944060,Medium
1547042,High
1073798,Low
411324,High
1225292,Low
211905,High
126945,High
1878666,Low
2062420,High
840819,Low
1006010,High
2028088,High
1040686,Medium
1147921,High
795809,High
1534934,Medium
995456,Low
1112172,Medium
759755,High
853154,High
2126211,High
1336846,Low
536918,High
1285398,High
1488105,Low
607539,High
473345,Low
1822021,High
1078392,Low
1210353,Medium
1315991,Medium
271198,Low
1776742,High
1506997,High
939761,High
1174832,High
2021837,High
1409544,Low
547619,High
1618501,High
2297626,High
2174528,Low
2039671,Medium
681705,High
719429,Medium
973283,Medium
947780,High
368529,Low
2205708,High
1449733,Medium
321473,Low
1220649,High
2086985,Low
2300674,Low
1515009,Medium
301124,Medium
1011898,Low
1624511,Low
1263516,High
2197406,Low
2253373,Low
213791,High
1202221,Low
1702799,Medium
1398356,Low
1896780,Medium
2265064,Low
741014,Medium
1896795,High
2027618,High
1658703,Medium
368149,Medium
1447403,High
1782395,High
1190528,Low
288468,Medium
1192052,Medium
440654,Low
386804,High
1024497,Low
1849169,Low
989539,Low
2110447,Medium
395780,High
486884,High
1079640,High
866034,Medium
1996101,High
958751,Low
1119063,Medium
610831,Medium
1526990,Low
1764457,High
2193395,Medium
923360,Low
949442,Low
77013,Medium
602791,Low
633240,High
1066086,Low
1805025,Medium
2119685,Low
913273,Medium
1896288,High
581779,High
1362875,High
317582,Low
162677,High
876717,High
2087519,Low
2007515,High
2318687,High
60677,High
1235196,High
1580994,High
2090772,High
1470872,Medium
1786080,Medium
1174226,Low
1724285,High
183939,High
824228,Medium
1187284,Low
179869,Low
1376827,Low
800347,High
16380,Low
2029420,Medium
3567,Low
1296134,Low
1324785,Low
496961,Medium
1853758,High
2149554,Low
1061711,High
342866,Low
1528972,High
854806,High
1983576,High
1449578,High
593978,High
10294,High
865012,Low
2106390,High
2021038,Low
217391,Low
1545130,Low
1050791,Medium
1175746,High
1977578,Medium
278946,Medium
1362864,Low
2150058,Medium
497361,High
1543612,High
1373747,High
2322864,Medium
989092,High
2223027,Medium
1477305,Medium
852089,Medium
1743581,Medium
308147,High
303305,Low
1019997,Low
852973,Medium
1298736,Low
206755,Low
189810,Medium
1222619,Medium
1931390,Low
2326394,Medium
1477063,Low
1647919,Medium
831350,Low
118639,Low
618196,Medium
1958139,Low
1755671,High
691011,Low
1160356,Low
1284816,High
1715377,Low
2079369,Medium
1779040,Medium
655391,Low
2254257,Medium
623432,Medium
1986659,High
95397,High
2280628,Medium
2044121,Low
1696055,Medium
52952,Medium
1869282,Medium
155462,Low
388902,Medium
102406,High
1477239,Medium
470461,Medium
2281262,Medium
125307,Medium
1528952,Medium
868942,Medium
759046,Low
681725,Medium
1835076,Medium
559447,High
454965,High
1273429,Medium
889172,Medium
1780722,Low
1245999,High
2311184,High
2097265,Low
2059973,High
2152818,Medium
1716835,Low
1298042,Medium
2165091,Low
1862982,High
2126482,High
1483260,High
1187147,High
1556925,High
1819636,Low
1844675,High
1487065,Medium
867975,Medium
1048690,Medium
144973,Low
21087,Medium
524031,High
2205678,High
1167625,Medium
2159522,Medium
82789,High
2303515,Medium
1306174,High
647643,High
906977,High
220778,Medium
1456289,High
2034442,Medium
1808345,Medium
1000715,Low
744407,High
1841267,High
1096560,Medium
2099442,Low
592801,High
1181886,High
52076,Medium
276955,Low
1481410,Medium
2315492,High
1191461,High
81416,Low
1342236,Medium
2090152,High
524421,Medium
475813,Low
1658288,Medium
154776,High
2184419,Low
1924665,Medium
616762,Low
512757,High
1152909,High
1783110,Low
916931,Medium
639033,High
318683,Medium
966214,Medium
845426,Medium
752851,Medium
193688,High
2191963,High
1855893,Low
1275590,High
763112,Low
916450,High
45156,Medium
1150591,Low
1880911,Low
1590355,High
2296376,Low
1818240,High
2161016,High
238780,Medium
1249493,Medium
1911346,Medium
435086,High
469405,Medium
1076885,Medium
1621026,Medium
1628933,Medium
1410527,Medium
1494933,Medium
1166648,Medium
61887,High
388246,High
1250898,High
709842,Medium
1537473,Low
400668,High
845043,Medium
1072011,Medium
1094580,Medium
1835539,High
791744,Low
2229518,High
2103098,Medium
68674,High
883599,Medium
840230,High
835512,Medium
574912,High
568845,High
936956,Low
478864,High
2172449,High
982532,High
2207305,Medium
1601628,Low
1713654,High
1361497,Low
1046630,Low
5069,High
1998890,High
1119000,Medium
1802103,High
2000026,Low
1052130,High
1368557,Medium
1776861,High
1868878,Medium
750181,High
257210,Low
420104,Low
1518475,High
2108182,Medium
1129631,Medium
1247257,High
351663,Low
1776009,High
821941,High
1540600,Low
1541711,Medium
1323940,Medium
2136354,Medium
1750711,Medium
154336,Medium
2081307,Low
45130,High
1471012,Medium
1040815,Medium
2032566,High
1442332,Medium
1075038,Low
1333002,Low
1220795,Medium
532368,Medium
1507306,High
1390085,Low
2070867,High
1853485,Low
1021425,Medium
200933,Medium
1275466,Medium
232987,Low
1082980,Medium
1551227,High
414211,Low
1251496,Low
1882625,High
268369,High
1879594,High
1005292,Medium
67605,Medium
2070138,High
1794569,Low
2254896,High
2304918,High
1753095,Low
674999,Medium
2203433,Low
1087815,High
400000,Low
1951049,Medium
256136,High
1106804,Medium
620009,Low
621022,High
1048918,Medium
2268901,High
1469570,High
1876518,Medium
1438471,High
286584,Low
2179490,High
437245,Low
1593390,Medium
2154300,Low
2006250,High
15921,High
420832,High
1352085,Medium
563869,Low
1577596,High
310278,Medium
1498440,Medium
106666,Medium
1436550,Low
647055,High
637173,Medium
2003195,Medium
1815886,Medium
1476209,Low
2321894,Low
1181923,Medium
226297,High
1560333,Medium
685335,Medium
812879,Low
2218047,Medium
313077,Medium
132868,Medium
586157,Medium
801167,High
899332,Medium
1016916,Low
567226,High
1850000,Low
709158,Low
1097664,High
2062013,Medium
149007,Medium
691321,Medium
1254469,Low
1105908,High
208019,High
1337477,High
1490832,High
1680734,High
1897582,Medium
2043819,Low
117124,Low
1347181,Medium
530297,High
1740594,High
1181499,Medium
1369522,High
1750547,Low
1590911,Medium
2122585,High
1929526,Medium
807084,Medium
1241710,High
563209,High
662309,Medium
110185,High
258261,Medium
520438,Low
783659,High
1500178,High
455072,Medium
2095751,High
621416,Low
986057,Medium
1120162,Low
2136507,Medium
1571106,High
568141,Low
144951,Medium
18972,Medium
1245495,Medium
1754104,High
600370,Low
960160,High
749691,Medium
1046755,High
1708474,High
297566,Medium
1743224,High
2135437,Medium
673396,Low
1992112,Medium
997791,Medium
2097593,Medium
1835940,High
457246,Medium
19398,Medium
1168616,High
1508597,Low
916438,Low
1374950,High
101663,Low
441657,High
2264761,High
1190470,Medium
694953,High
220960,Medium
495138,Medium
44621,Low
1185412,High
389257,Medium
1273221,High
1414414,Low
837423,Low
1810012,Medium
1739666,High
1626840,Low
833429,High
772407,High
350623,Low
1065578,Medium
2283623,High
417774,Medium
2176966,Low
2075605,High
1133303,Medium
190776,Low
1029411,Low
764538,Medium
1893999,High
1782458,Medium
65165,Low
2274356,Low
2315338,Medium
2091495,High
722857,Medium
1535254,Low
997076,Medium
702723,Medium
1173458,Medium
1434629,Medium
1019732,High
1173056,High
1784193,High
1215294,High
874178,Low
2124569,High
483389,Medium
2002222,Medium
586327,High
1949872,Medium
1266846,High
396884,Low
138627,High
1116239,High
30166,High
2166604,Medium
276322,Medium
223950,Medium
176302,Low
808039,High
1085721,High
1109195,Medium
1068489,Medium
439935,Medium
714365,High
1096908,High
1937567,Low
44760,Medium
848356,Medium
557673,Low
660825,High
1801350,Medium
189946,Low
566012,High
1007028,High
736279,High
89960,Medium
1998236,Medium
1418709,Low
2073220,Low
919970,High
2163475,High
636260,High
1679278,High
397731,High
897595,Low
1002217,Medium
450099,High
844138,Low
1757428,High
1379767,Low
1332804,Medium
1319342,Medium
843390,Low
1393353,Low
1130444,High
382545,High
1532380,Medium
1023289,High
1312474,High
175534,Low
993396,Low
2294280,Low
195532,Medium
1999757,Medium
2294894,Low
1715695,High
2280850,Medium
1840718,Medium
2270325,Low
1449428,Medium
732619,Medium
1829951,Low
2134551,High
2101799,Low
1862562,High
1010173,Medium
353032,High
1009474,High
2167982,Medium
760803,High
2247489,Medium
308599,Low
344188,Medium
502357,Low
715506,Medium
1140733,Medium
612495,High
1849067,Medium
1452974,Medium
872710,High
1073832,Low
1551212,Low
2265269,Low
2261083,Medium
342185,High
1759064,Medium
858600,Medium
1610952,Medium
1597684,High
1193005,High
890335,High
929435,Medium
904336,Medium
1670896,Medium
380766,High
1932118,High
704296,Low
835880,Medium
1616699,High
1281266,Low
1844276,High
147738,High
445353,Low
288797,Medium
934772,Low
498089,Medium
713724,Medium
449725,High
284665,High
1737563,Low
1064856,High
155589,Low
359823,Medium
1121064,Medium
2054393,Low
2051468,High
1657689,Medium
157143,High
508931,Low
1249676,Low
1211527,Low
1207013,High
801360,High
1631152,Medium
2287822,High
1184059,Low
591222,High
42500,High
79948,Medium
772919,Medium
658678,Medium
491198,High
1424171,Low
1713343,Low
357054,Low
209635,Medium
904732,High
890038,Medium
2022494,High
925018,Low
993600,High
625038,Low
1477473,Low
2096767,Medium
457091,Low
313691,Medium
2258074,High
2046911,High
1644429,Low
1539826,High
926373,Low
1407033,Medium
1188917,High
308345,Low
1498966,High
548675,High
321505,Low
59317,High
1278273,Medium
328450,Low
155435,High
1182874,High
231602,Low
1504469,Low
112560,Medium
609132,Low
2266408,Medium
2140307,Low
1396444,Low
1488390,Medium
2114318,High
2034725,Medium
932716,Medium
1329916,High
70098,Medium
158940,Low
1234734,Low
510403,Low
508718,High
1982710,Medium
462504,Low
159162,High
1059946,High
157819,High
1589232,Medium
2233867,High
1899026,High
2026276,Medium
1727922,High
468174,High
1243747,Low
224099,Low
1677965,Medium
905742,Medium
2014950,High
1905527,High
782745,High
2107661,Medium
1058452,High
1993589,Medium
1236271,Medium
1127160,High
255302,Medium
1848180,Low
516776,High
1914153,High
977289,Medium
1927389,High
183908,Medium
547220,Low
239091,Low
1580613,Low
1735213,High
571098,Medium
533558,Low
2321304,Medium
1008767,Medium
1335919,High
898004,Medium
284180,Low
625158,High
587530,Medium
741483,Low
1943952,Medium
808968,High
1220215,Low
592496,Low
840424,Low
110876,Medium
1569259,High
1587032,Low
57360,High
872035,Medium
173284,High
1326095,Medium
991474,Medium
1715609,High
98112,Low
306568,High
435167,Low
535209,Medium
1352664,High
1327695,High
635781,Medium
1752383,Medium
214878,High
1118113,Low
1814216,Medium
1231504,Medium
2190283,High
912622,Medium
638400,Low
1279634,Medium
1995078,Medium
938758,High
180421,Low
2236722,Medium
568658,Medium
834628,High
1737626,Medium
1395259,High
2186835,High
1274655,Low
1507609,Low
721940,Medium
1002138,Medium
2273321,High
194738,Low
377089,Medium
886358,High
333732,Low
2136912,High
1618423,Medium
2047223,High
1145064,High
263971,Medium
536184,Medium
1561046,High
1688373,Low
2029638,Low
1591593,High
474457,High
2095314,Medium
1106677,Medium
1709479,High
335863,Medium
1360500,High
22390,Medium
1832840,Medium
642299,Low
1945289,High
871328,High
623101,High
1936291,Low
2147725,Low
999983,Medium
517252,High
701411,Medium
907354,Low
1522806,Medium
863734,Low
31516,Medium
577556,Low
1250065,Medium
336708,High
382563,Low
1912840,Low
1171757,High
693219,Medium
1526249,Medium
308706,High
556374,Medium
2021803,Medium
710990,Low
765866,Low
1962653,Low
977424,High
1403512,High
1703983,High
1225575,High
139694,Low
778313,Low
421339,Low
1290981,Medium
2130372,Medium
297594,Medium
2130866,High
895883,High
1411925,Medium
348422,Low
508108,Low
456651,Low
1802502,High
1082972,High
243981,Medium
1950351,High
1281144,Medium
926689,High
1532001,Low
2000021,Low
557160,High
422587,High
1323682,Low
515204,Low
402146,Medium
1790787,Medium
472948,Low
1203667,High
1740263,Low
1519651,Medium
637966,Medium
731989,Low
1611721,Medium
1113423,Medium
636839,High
249543,High
1570723,High
1423675,High
1920216,Medium
1699756,Medium
1236595,High
92426,Low
1883080,High
1834615,High
2012721,Medium
1649077,High
1412673,Low
1925031,High
2031786,Medium
1515015,Low
1944082,Medium
1812353,Low
1996127,Medium
1637990,Medium
2034752,High
490583,Low
684574,Medium
372509,Low
2235296,High
1848473,Medium
1997732,Medium
938957,Low
1582985,Low
389205,Medium
329773,Low
113606,High
1255627,High
264774,Medium
214226,High
2162980,High
189042,Medium
514842,High
1047055,Low
1258946,High
743604,High
124258,Medium
937924,Medium
1565864,Medium
1190238,High
1219241,High
669852,Medium
507306,High
1079286,High
1217642,Medium
1940717,Medium
1987812,Medium
862649,Medium
1980017,High
1026023,Low
1433744,High
2160840,Low
243219,High
1866026,Low
77547,High
1056931,Medium
248192,Medium
1418848,Medium
1131584,Medium
1687249,High
1939168,Medium
1516308,High
497966,High
603518,Low
1386275,High
1255644,Medium
1542936,Medium
1911109,High
1781482,Low
1207454,Low
775585,High
1835855,High
194226,Medium
2000620,Low
1365501,Low
1990956,High
1453638,Low
1535646,High
655337,Low
2311615,Medium
1555360,High
238627,Low
1232223,Low
575171,High
54759,High
2222858,High
1394870,Medium
397231,High
156541,Low
82833,Medium
580763,Low
303852,Low
293678,High
2082766,Medium
2277451,Medium
2120600,Medium
1815138,Low
103947,Low
672472,Medium
2156590,Medium
1244303,Low
404243,Medium
672424,High
23646,Medium
744329,Low
1301758,Medium
1320198,Low
1534948,Low
134446,Medium
204545,High
114828,High
1905586,Medium
2127210,High
980306,Medium
1562509,Medium
2139632,High
1135596,Medium
1234018,Low
1563689,Medium
1859825,High
500605,Medium
2000547,Medium
2310372,High
2785,Medium
1595997,High
710656,Low
2091207,Low
1159825,High
546485,High
1964580,High
43654,High
2319192,Low
841167,Medium
9379,High
1833008,High
874431,High
518136,Low
2246170,High
195041,Low
2198911,High
1504341,High
1820917,High
225196,Low
1550551,High
121889,Low
523090,Low
444210,High
1539096,High
1212007,Low
907086,Medium
1561100,Low
1146304,Medium
1045453,High
712305,High
662621,High
1683243,Low
211305,High
954380,Medium
42474,High
1490842,Low
1832573,Medium
462926,Medium
1072868,Low
1396347,Low
1930708,High
257673,High
129491,Medium
2230101,Medium
885859,Medium
577271,High
83321,Medium
1415962,High
1925438,Low
402819,Medium
725853,Medium
814241,High
634550,High
1890339,High
729692,Low
1075132,High
897004,Low
732742,High
242904,High
983840,Medium
1229650,Medium
413600,Medium
417986,High
1875611,High
385576,High
380501,Low
10106,Medium
1453137,Medium
236132,High
1706402,Medium
780741,Medium
1156435,Low
1251076,Low
1180535,High
441314,Low
1230535,Medium
81840,Low
1921226,Medium
162212,High
1462506,Medium
786147,High
1947414,High
408225,High
927773,Medium
1077769,Medium
41367,High
1083967,High
1927240,High
980393,Low
1274372,Medium
1818935,High
504008,High
1236550,High
718477,High
344407,Medium
1618690,High
864738,Medium
834789,Medium
1681897,Medium
2314285,Low
535925,Medium
1403523,High
1024842,High
146500,Medium
638101,Medium
1795347,Medium
1051924,Medium
1136713,Medium
567416,Low
517411,Medium
809108,Medium
730845,Low
827289,High
1170772,Low
1776389,High
1124889,Medium
2198398,High
126150,High
19612,High
2044566,High
715651,Low
245496,High
1614600,Low
2222050,Low
27913,High
859417,Low
731778,Medium
2285537,Medium
287588,High
227249,Medium
1008510,Medium
1902673,High
1041421,Medium
440640,Low
784283,Medium
513752,Low
64416,Medium
160258,High
1381366,High
613653,High
1449342,High
807162,Medium
1239518,High
1213892,Low
1487467,Medium
131971,High
1686189,Medium
1152169,Medium
926291,High
1992056,High
1965773,Medium
2203969,Medium
1082214,High
2147978,High
1582546,High
1676922,Medium
622540,Medium
160487,Medium
630447,High
335337,Medium
2317381,Low
481796,Low
2319859,Medium
934295,High
442810,Medium
1153846,High
250926,Low
127612,Low
447605,Low
718000,Medium
131949,Medium
3267,Medium
600606,Low
1573813,High
1817075,Medium
1335552,High
954110,Low
1376927,Medium
1766723,High
2115360,Medium
889425,Low
1751376,Medium
1322995,High
1442763,Medium
2092431,High
1336065,High
647853,High
508342,High
580483,High
684085,High
1791993,Medium
956369,Medium
861401,Medium
1071234,High
1872389,Low
2060602,Low
1224772,Medium
2156245,Low
1121564,Low
529569,High
916812,Low
133636,High
1546547,Low
1510839,Low
1188739,Medium
1615911,Medium
1863491,Low
1759437,High
152167,High
957974,Medium
927707,High
1461945,Medium
248421,Medium
1502150,Medium
1172675,High
2129333,Medium
1530457,Low
1816516,High
1677681,Medium
1956818,Low
189987,Medium
421378,Medium
969560,Medium
129910,Medium
1708207,High
1988972,Low
2093955,Medium
2305543,Low
385127,Low
1520718,Medium
1027807,Low
5202,Low
1699775,Medium
2297295,Medium
182076,Low
1099885,Medium
1356566,Low
1691061,High
932773,High
539000,Medium
1564034,Low
86093,Low
1942210,High
504940,High
1616101,High
1435462,Medium
1126380,Medium
1299909,Medium
846678,Medium
899205,High
1803904,Medium
53387,Medium
134925,Low
1506257,Medium
1725689,High
927583,Medium
301889,High
241783,High
1382003,Medium
1072573,High
169540,Low
1937040,Low
2151969,Low
458613,High
1149635,Low
27298,Low
658907,Medium
1394934,Medium
2115069,Medium
1300280,High
225353,Low
1344911,High
1294007,Low
814106,Medium
1160332,Medium
568240,Medium
2205247,High
1048241,High
1159239,High
1824630,High
2202743,High
2000442,Low
1442883,Low
1824307,Low
2084046,Medium
1575617,Low
2035500,Low
2199211,Medium
989812,High
259400,High
1660539,Medium
185407,High
479193,Low
1792567,Medium
470657,Medium
926126,Medium
416628,Medium
2206604,Medium
189580,Medium
81758,Medium
1083564,Medium
503035,Medium
2086525,Low
1228800,High
2107144,Medium
392876,Medium
982786,High
1985844,Low
1011615,High
2249878,Medium
1303503,Low
1254814,Medium
1477837,Medium
1888286,Medium
2262604,Medium
2166561,High
737327,Low
18451,High
880557,Medium
1359532,Low
780285,High
1756366,Medium
2286150,Low
62248,Medium
1852451,Medium
1332369,High
796167,Low
2133427,Low
1428454,High
1585577,Medium
2031317,High
2027774,Medium
269245,Medium
1234475,High
942430,High
50100,Low
785927,High
504527,Medium
659268,Low
357560,High
1502666,Medium
1973551,High
1213800,High
1830366,Medium
678945,Medium
767225,Medium
1343855,High
563371,High
1479139,Medium
746030,Medium
2018319,High
1289921,Low
121802,High
1346334,Medium
475782,Medium
788139,Low
1600630,Low
613659,High
2043449,Low
2275286,High
1508194,Medium
1596636,Low
896232,Medium
235945,Medium
1137390,High
418161,Medium
1526949,High
1965983,Low
978554,Medium
521776,High
1435149,Low
2153091,Medium
122954,High
1817479,High
2077104,Low
99367,High
1551997,Low
1916247,High
1685912,High
1793245,Low
1714419,Low
97675,High
1856942,High
1095583,High
1058062,Medium
1281801,Low
33304,Medium
1195856,Medium
683616,Low
1012146,High
2141914,Low
1750227,High
2172406,High
2286276,Low
929452,High
287266,High
778101,Medium
1697615,Medium
1013436,Medium
886784,High
537686,Low
939914,High
80184,Medium
111500,High
1601083,Low
690149,Low
1776504,High
2269118,High
1590145,Medium
781030,High
1083122,High
681986,Medium
523962,Medium
912038,Low
2157014,High
1515468,Low
1270877,High
278325,Low
602160,Medium
1323756,High
2298453,Medium
1148090,High
885067,Medium
645833,Low
1382988,High
225136,High
1697166,Medium
2287217,Medium
1396069,High
1063043,Low
918188,Low
1334877,Medium
2024476,Medium
408524,High
703544,High
1977496,Medium
1000556,Low
1254438,Medium
1222426,Medium
434068,Medium
364661,Medium
1886315,Medium
1379607,Medium
1616935,High
962645,Low
1082867,High
802932,Low
563122,Medium
1838816,High
1625048,High
951292,Medium
165394,High
1577106,Medium
2250417,High
860248,High
884073,Low
1845151,Medium
1718807,High
469280,Low
174944,Low
1597832,Low
2305394,High
1671845,Low
85904,High
1627602,Medium
1870484,Medium
891619,High
1842056,Medium
2137341,Medium
473015,Medium
715474,Low
906241,Low
500321,High
1489296,Medium
1982495,High
700624,High
182153,Medium
2311147,High
1105049,Low
1283746,High
784367,High
57284,Low
869058,Medium
1622324,High
558935,High
1101015,High
888045,Low
2228924,Medium
1315794,Medium
1675021,High
2117904,Low
2128997,High
852641,Low
255025,Low
748225,Medium
1036032,High
1142247,Medium
387461,Low
774455,High
706124,Low
896014,Medium
2249441,Medium
320523,High
331889,Low
1096172,Low
196602,High
16207,Medium
347791,Medium
945267,Low
2042936,Medium
1079673,Medium
2296043,High
2103637,Medium
1931618,Medium
1681167,Medium
992769,Low
1952782,Low
2024766,High
2225694,Medium
173870,High
975947,Medium
219860,Medium
2063139,Medium
1460568,Medium
825560,High
634412,High
560022,High
2137800,Low
1061583,High
2228863,High
1599237,Low
1482734,Medium
362323,Medium
222803,Medium
362295,High
1871197,High
1903733,High
1472726,Medium
109269,Low
148174,High
308664,Low
131742,Medium
1684423,Medium
1039145,High
2143759,High
1351137,Medium
1266678,High
914806,Medium
341245,Low
547101,Low
646092,High
145010,High
850437,Low
1488866,Medium
1719730,Medium
708642,Medium
509785,High
1679894,Medium
850066,High
1482061,Low
926124,High
484201,High
204772,Medium
1456588,Medium
294368,Low
1543156,High
1094280,Medium
2085102,Low
238545,Low
1809096,High
2314479,High
715806,High
317187,Medium
161669,High
1459733,Low
565892,High
1001047,High
2053473,High
59354,Low
224068,High
582160,High
2052738,Low
1538374,Low
1003975,Medium
1024039,Low
2216363,High
769122,Low
1581099,Medium
157370,High
57167,High
1913104,High
1894582,High
1508563,Medium
985518,Medium
393103,Medium
1469749,Low
1253956,Medium
149758,High
1294281,Low
645635,Low
1466240,Medium
1144944,High
2045409,Low
525883,High
1355070,Medium
1987938,Low
380121,High
306338,Low
726776,Medium
747913,Low
2145077,Medium
635636,High
1784198,Low
1635734,Low
1409558,High
1031038,High
2300300,High
2275185,Medium
251000,Low
1378360,High
2008702,High
1164338,High
1404686,High
1308312,Medium
2188584,High
27257,Medium
863664,Low
499453,High
1750491,Low
2152566,Low
293306,High
1982154,Medium
1452524,Low
2088376,Low
227328,Medium
1470501,Low
2237220,Medium
713732,Medium
870494,Medium
2023786,Low
2042351,Low
704138,Low
699608,High
1188652,Medium
2245955,High
112725,High
2190663,High
884980,High
782421,Low
627161,Medium
839534,Low
2316764,Low
1640449,Medium
604828,Medium
1523550,Medium
1220915,Medium
166597,Medium
127643,High
107946,High
1298318,High
2307104,High
119401,High
1252250,Low
2057435,High
43275,High
1507816,Medium
1077751,Low
1541642,Low
2321471,High
359279,Low
1492915,High
1012528,Low
1094434,Medium
332827,Medium
607117,Low
261207,High
1420863,High
1614296,Medium
741939,High
1185572,Medium
1142935,Medium
1646126,High
2147173,High
2099395,Medium
125337,High
2201058,Medium
197918,Low
2118355,Low
1664986,Medium
2307531,High
2114833,High
26577,Medium
488816,Medium
692640,High
236424,High
860444,Low
2046613,Medium
2217798,High
1084354,Medium
1063575,High
2302399,Medium
1398182,Medium
1039900,High
1656,High
2042708,Medium
350662,Medium
172317,High
828834,Medium
637088,Medium
1245808,Low
755720,Medium
840494,Low
270265,Low
259714,High
818572,High
782688,Medium
1639537,Medium
905872,Low
281809,Medium
948725,Low
550006,High
1583070,High
739507,Low
1547007,Medium
1925158,Medium
2082284,Low
1807578,Low
358075,Low
1334576,High
991047,High
1839861,Medium
848823,High
423152,High
1909738,High
1627722,Low
386265,High
440040,High
368378,Medium
719505,High
426080,Low
1700284,Low
1728778,High
426400,Low
2162972,High
732488,Medium
1236479,Medium
771284,Low
2213644,Medium
860137,High
731641,Medium
155005,Medium
1041330,Medium
168137,High
398215,High
1012323,Medium
1495820,Medium
946011,High
1194498,High
840716,High
2283330,High
2041080,Low
1183145,Medium
418381,High
1881925,Low
679401,High
1186791,Low
2051221,Medium
2059040,Medium
746254,Low
2040457,Low
908697,Low
291018,Medium
1734976,Medium
645718,High
395916,High
733839,Medium
1212586,High
214077,Low
1326577,Medium
1120097,Low
2198827,Medium
58027,High
1773312,Medium
1223381,Low
505024,High
1130899,Medium
314491,Low
1615291,Low
125604,Medium
1872332,Medium
209244,Low
563293,High
490245,Medium
1550161,Low
1503268,High
889296,High
797152,High
643715,Low
940679,High
1486257,Low
842337,Low
270860,Low
240376,High
477677,High
1106049,Medium
1595343,High
169875,High
1520382,High
2205276,Medium
789933,Medium
561,High
209523,High
1621762,Low
296729,Medium
90494,Low
170223,Medium
1363559,Low
2279390,Low
1039866,High
1070989,Medium
410076,High
1500406,Low
2293342,High
688205,Low
1978247,High
2048895,High
2134736,Low
615466,Low
1170109,High
1032300,Medium
2237577,Medium
82287,Medium
1817641,Medium
789468,Medium
1932257,High
1413069,Medium
1644593,Low
1723059,Medium
565410,Low
125188,High
1042538,Medium
1237487,Medium
1826281,Medium
1624421,Medium
286224,High
1415012,Low
769634,High
2185265,Medium
1092416,Medium
2202214,Low
941719,Medium
1885384,Medium
1479991,Medium
1597341,Low
1226857,Medium
811544,Low
2105838,Low
1016007,Medium
2095778,High
2251019,Medium
836809,Low
63780,Medium
353375,High
241713,Low
347610,Low
2221213,High
1985916,Medium
2187421,High
2237055,High
1964607,Medium
1900707,Medium
2216876,Medium
276535,High
227580,Medium
1449249,Medium
869417,High
1213611,High
1974221,High
2250116,Low
170307,Medium
1282570,Low
1183118,High
1436535,High
1092763,Medium
2287471,High
1642083,High
2269674,Low
1662545,High
1803230,Medium
7790,Low
1779427,High
1365114,Low
1916533,High
731285,High
691505,High
75006,High
2133390,Low
526454,Medium
2275301,Medium
470496,Medium
7748,Low
1075054,Medium
2191882,High
1599101,Medium
1429574,High
1085312,Medium
2012820,High
2274679,Low
1410648,Medium
1722974,Medium
22036,Low
810518,High
1759879,Medium
1494961,High
1380772,Medium
1027348,Medium
929811,Low
1275468,Medium
1141081,Low
531972,Medium
1802004,High
1543534,Low
762067,Medium
704906,High
2294409,High
1017995,High
2078998,Medium
15662,Medium
1091256,Low
1553133,Low
1055659,Low
1954427,High
952777,Medium
1592938,High
82002,High
400896,High
251781,Medium
988029,High
1280034,Medium
220211,High
1791017,Medium
249108,High
1549839,Medium
645208,Low
1332702,High
244292,Medium
1690329,Medium
320513,High
1717185,High
2273844,Medium
970148,High
2094036,High
808449,Medium
211033,High
29225,Medium
1657094,High
2101676,Medium
648757,Medium
219419,Medium
1491708,Low
1843719,Low
1092513,High
161699,Medium
38741,Low
831877,Low
1688509,Medium
1284507,High
891530,High
569518,Low
503274,Medium
1927590,High
1624375,Medium
1833810,High
1781213,Medium
1924329,Medium
635665,Medium
868511,High
1084534,High
2164935,Medium
1379105,Low
317435,High
987440,High
1904819,Low
544190,High
882803,Medium
2309839,Low
1314106,Medium
2183316,Low
1131016,High
143964,Medium
704073,Medium
1413626,High
1072950,Medium
354537,Medium
1908900,High
1914971,Medium
579172,Low
1761811,High
180434,Medium
1955929,Medium
510482,Medium
987697,High
1664827,High
2201793,Medium
1084780,Medium
2063863,High
2315495,Low
355458,Low
1497030,Low
1075749,High
656171,High
948429,Medium
588694,Medium
1084024,High
1232059,Low
682917,Low
1689363,Medium
400146,Low
2269535,Low
1089564,Low
1436563,High
380266,High
985563,Low
2277581,Medium
1122250,High
175687,High
1591595,Low
429209,Low
2192825,Medium
1648039,High
1925740,Low
1277045,Low
1933476,High
1526110,Low
815321,High
1933635,Medium
845909,High
2242590,Medium
1743516,High
1979099,Medium
450429,Low
1412881,Low
402610,Medium
1919278,High
887980,Low
895413,Medium
1194746,High
30723,Low
504104,High
1582631,Low
2080939,Low
847680,Low
1535660,Medium
951850,Medium
1768234,Low
1094887,High
604946,High
892110,Medium
1214852,Medium
308573,High
1444478,Low
2075906,Low
275010,High
1692105,Medium
1156208,Low
1871734,Low
35948,High
1180587,Medium
467532,Medium
907052,High
1191771,Low
315422,High
601357,High
2112114,Low
1075267,Low
1196556,High
102168,Low
1611923,Low
210292,High
1878588,Medium
1926577,High
1201904,Medium
758771,Low
1477188,Low
1532276,Medium
577151,Medium
124487,Medium
2113103,High
1736909,Medium
1409771,High
2214611,Low
2113484,High
1153957,High
1921191,Medium
681391,Medium
1786581,Medium
610257,High
1973522,Medium
349793,High
1008575,High
2193409,Low
377899,Medium
626455,High
976719,Medium
1502955,Medium
458690,Medium
1025724,Medium
1861100,Medium
1665439,Medium
1499179,High
430434,High
1047818,Medium
1980622,Low
1897029,Low
693026,Medium
2062799,High
1353517,Low
1017250,Low
1412320,High
91142,Medium
754930,Low
688329,High
1798811,Medium
548911,Medium
972560,High
2148552,Medium
157440,Medium
2113876,Medium
367787,High
130608,Low
1610832,High
1019488,Low
1560420,High
1502218,High
800140,Medium
534636,Medium
1756374,High
2019278,Low
2278814,Medium
1465506,Low
2091098,Low
83967,Low
1727217,High
2227074,Medium
1560599,Medium
1858621,Medium
1818668,Low
2248304,High
466158,Medium
1203815,High
1735799,High
1407535,Medium
696705,Medium
1363746,High
76145,High
96227,Low
965356,High
2191038,High
1571230,Medium
1369712,High
685366,High
1545907,High
1045911,High
247546,High
570496,High
1823344,Medium
1913608,High
347514,Low
2258460,Low
85244,Medium
463642,Low
473711,Medium
2263641,High
215574,High
1008805,Medium
1625402,Low
367786,High
691625,Medium
1122227,Medium
890402,Low
1994560,Low
1069216,Medium
1385602,Medium
1704630,Low
445583,Medium
2013619,High
845183,Low
1268706,High
1705863,High
599901,High
855965,Medium
470098,Low
311806,Low
1387706,Low
2191069,High
903127,Low
1599011,Low
637575,Medium
2086704,Medium
449249,Medium
862741,Medium
1042024,High
894920,Low
2306455,Low
2095220,Low
907716,Low
1193418,Medium
2308972,High
2064043,Medium
502906,Low
879177,Medium
729429,Low
2157996,Low
1491730,Low
1449724,Medium
395220,High
1121563,High
1306545,Medium
2130316,High
1805899,High
856448,Low
2268831,Medium
331612,Low
1400941,High
209558,High
331110,High
1608918,Medium
1554320,High
128065,High
726249,High
1593026,Medium
645675,Medium
1244513,Low
466511,Medium
2107558,Low
316255,Low
534421,High
1074731,Medium
1762745,Medium
1687018,High
1637228,Low
1490361,High
1930723,High
1935184,High
53995,Low
112624,Medium
919350,Medium
338730,Low
1603165,Medium
461520,High
2321389,High
2029677,High
1069272,Low
1688594,Medium
656927,Medium
1591906,Medium
1528515,Medium
675600,High
763647,High
716131,Medium
1078496,Low
429091,Medium
1844152,Low
846486,High
797573,Medium
427247,High
134376,Medium
78963,High
394546,High
739975,Low
963944,High
2068051,Low
723191,High
623778,High
1109727,Low
2144979,Medium
1895662,Medium
1334159,Medium
1509703,High
987978,High
617522,Low
331871,High
1043888,High
1735683,Low
2180476,Medium
1129269,High
698908,High
291384,Low
1090935,Medium
535651,Low
468943,Low
521096,High
498729,High
907841,Low
1313977,Low
1438577,High
1011398,Low
978417,Low
858035,Medium
888832,Low
1827008,High
1681127,High
1690410,Low
436958,High
65672,High
1276710,High
2101817,Low
1604680,Medium
1700478,High
1494597,High
2238665,Medium
1566275,High
608205,High
904843,Medium
312226,Low
857894,High
2261363,High
1366239,High
2271582,Low
2216170,Medium
1280257,Low
800183,High
65845,Low
2116639,Low
412011,Medium
1114926,Medium
1598918,Low
542426,Medium
2166441,High
287509,High
1498462,Low
1587237,High
2315517,Medium
324344,Medium
1678290,High
1973317,Low
1626950,Low
1005723,High
1414257,Low
661094,High
1994370,High
1683964,Medium
90864,High
86128,Low
1140966,Medium
2107363,High
1524261,High
2163617,Medium
1019135,Medium
1595793,Medium
177312,High
2299654,High
1572239,Medium
1903179,Low
394225,Medium
2017114,High
1821137,High
1416803,High
56819,Low
2140908,High
1358159,High
2274641,Medium
1148253,High
53796,Medium
1979382,High
1754884,High
448188,Low
2203985,Low
1768422,High
1944823,Medium
675788,High
662434,Medium
1632134,Medium
978442,Medium
1346475,Medium
63692,High
1787909,Low
724464,High
1313191,Low
2141002,High
1156487,Medium
500699,Medium
923092,Low
1919406,High
2193897,Medium
1050852,Medium
594105,Medium
1483532,Low
87664,High
632558,High
1520707,Low
770182,Medium
1029719,Low
654735,Low
420635,High
290326,Medium
18701,Medium
1743801,Medium
1707460,Medium
1897967,Medium
1547257,Medium
787034,High
18030,Low
2278804,High
1297929,Medium
1172770,Medium
381945,Low
1043752,High
276352,High
1557784,Low
1035422,Medium
912973,High
1850978,Low
1613637,High
341615,Low
1290429,High
1508742,Low
677769,Low
160057,High
276682,High
151106,Low
320474,Low
1338806,Medium
2017162,Medium
300377,Medium
1074099,High
705906,High
295629,Medium
674462,Medium
1104973,High
2170883,Low
2293498,Low
326860,High
1399726,Low
511141,Medium
1968088,High
1252317,High
751521,Low
346004,Medium
869918,High
2064696,Low
942249,High
1220132,Medium
142433,Medium
1921189,Low
1189848,Medium
2166411,Low
1570565,Medium
1261072,Low
1413539,Medium
72010,Low
147685,Low
304039,High
819941,Medium
1207669,High
2002443,Medium
1345127,High
670177,High
1384171,Medium
1035697,Low
1131818,Medium
1624704,High
752503,Low
385580,Medium
1953030,Medium
2093438,High
509504,Medium
1062296,Medium
1490015,Low
964442,Low
1572345,High
1835798,Medium
1921764,Low
751062,High
1776146,Medium
1019320,Medium
1710109,Low
1142491,Medium
1477468,Low
2035746,Low
166611,Medium
921521,High
2170003,Low
411339,High
413990,High
1022684,Low
879408,Medium
1994559,High
2123162,Low
1186282,Medium
1802021,Medium
1754800,High
883516,High
35073,High
1272582,High
882687,High
899343,Medium
351480,Low
1880180,Medium
1929654,High
1565487,High
637634,Medium
960727,Medium
998126,Low
1201121,Low
1196467,Medium
1462838,Medium
1915720,Medium
776113,High
610416,Low
220668,Low
585137,Low
1701183,Medium
1216008,Medium
1684420,High
1397614,Low
269220,High
1012148,Low
152176,High
1895909,High
932011,Medium
38670,Low
10241,Medium
978376,Medium
10442,Low
925770,High
1967889,High
535057,Low
1000996,High
465012,Low
104428,Low
1753551,Low
1948180,Medium
1141250,High
555716,Medium
469003,Low
1865022,High
1059676,Low
1595472,Medium
1158815,High
217981,High
353621,Low
74538,Medium
873516,High
701362,High
1564697,Medium
2165604,Low
1572037,Medium
424039,Low
2069341,Medium
15616,Medium
463115,Low
1630509,Medium
1477405,Low
1569043,Medium
2097786,Low
1803480,Low
273355,High
321042,High
854608,Low
126351,High
1761202,Medium
2089819,High
411109,High
1251877,Medium
171245,High
395667,Low
1434956,Low
342336,Medium
1164354,High
16542,High
1059177,High
1774671,Low
222508,High
427991,Medium
433465,Low
539692,High
1363468,Medium
391646,High
2169885,Low
489124,Low
824173,Medium
1470837,Medium
118135,Medium
99296,Low
1550324,High
625352,High
1129362,Medium
807177,Low
420882,Medium
479722,Medium
2060712,Low
1330319,Low
1933859,Medium
2214184,Medium
2245031,Low
1514481,High
636511,Medium
1977505,Medium
2269134,Medium
849218,High
55344,High
285933,Medium
2252148,Medium
1413375,Medium
1701740,Medium
959525,Low
1460843,Medium
2100819,High
1757874,High
2094587,High
483081,Medium
584303,Medium
1739625,Low
924235,Low
962069,High
1681140,Low
321364,High
1790829,Low
802249,High
2166085,Low
1038455,High
97148,Medium
239239,Low
43931,Low
2086644,High
1782208,High
305257,Low
2010040,Medium
1593975,High
1045533,High
132555,Low
131787,Low
298746,Medium
1297058,High
288355,Medium
135147,Medium
1160636,Low
1395573,Low
989905,Medium
1334091,Medium
1367228,Medium
2074786,Low
278343,High
1130257,Low
1186307,Medium
984804,High
766049,Low
1593632,Low
1550565,Medium
1821659,Low
1450408,Low
728167,Medium
224712,Medium
1493035,Medium
1675866,High
2281285,Medium
335068,High
1976767,Medium
1796261,High
753257,Medium
1879744,Medium
1597820,Low
1436212,High
1079017,Medium
1035707,High
1303219,Low
1711053,Low
2267605,High
1854654,High
349869,Low
1300325,Low
472535,High
90749,Medium
624585,Low
351917,High
1740780,Medium
2144826,Medium
1411310,High
572082,High
811132,Low
668142,Medium
1489358,Medium
278523,Medium
1491004,High
325868,Medium
828880,High
533967,High
1040403,Medium
1081325,Low
2132695,High
1097867,Low
799507,High
570778,Medium
1177891,Medium
1016563,Medium
1030351,Medium
80010,Low
1171338,Low
1347490,Medium
1469939,Low
1763198,Low
1666371,Medium
1992680,High
368704,Medium
2210881,High
936090,Medium
68461,High
173087,High
2303329,Medium
1146225,High
1560031,Medium
41467,Medium
147682,Medium
469637,Low
2026394,High
292681,High
1821667,High
1338117,Low
1889673,High
237738,Medium
1528852,High
602387,Medium
1522567,Medium
1241515,High
2231389,High
1513265,High
1362232,Low
22463,High
1742711,Medium
2142967,Medium
1057271,Medium
898045,High
700976,Low
1948376,Low
1628672,Medium
1535806,High
1138920,Low
371061,Medium
1475194,Medium
677032,Medium
860761,Medium
1750725,Low
174579,Low
1815150,Low
1765478,Medium
2084335,Low
1583417,High
1591531,Low
1156598,High
1359166,High
1644334,Medium
850297,Medium
209126,High
368150,High
576569,Low
1176190,Medium
49728,High
1239907,Low
2073514,High
2207200,Medium
904055,Low
1390303,High
975167,Medium
999218,Medium
825042,High
1037613,High
1092567,Low
252432,Medium
1229846,Low
240250,High
1405653,High
825926,High
1089374,High
435921,Medium
344860,High
1752654,High
716734,Medium
1767605,Low
554189,High
499708,High
2246597,High
453770,Medium
632270,High
2082071,Low
682247,Medium
237352,Low
445990,Medium
433460,Medium
1531761,High
1906330,High
2176489,Medium
2071255,Medium
1492901,Low
2291270,Medium
1709093,Medium
1801216,Medium
936758,Low
420384,Low
982444,Medium
1805327,Medium
2222469,Low
1112598,Medium
152923,Low
2193590,Medium
1796569,Medium
1347828,Medium
679330,Medium
416689,Low
236386,Low
2183512,Medium
875152,High
199578,High
945807,Medium
1861159,Medium
2222134,Medium
485904,Low
1230831,Medium
1632233,Low
1674127,Low
1571212,Medium
1299097,Medium
1019898,Medium
1341700,High
806161,Medium
1818855,Medium
1615210,High
121618,Low
1451043,High
2303700,Medium
1424264,High
298344,Low
312519,Low
1816004,Low
1387979,High
709057,Low
676592,High
122311,High
1238893,Medium
769300,Low
1425848,Medium
1743256,High
1623761,High
1905950,Medium
1697729,High
1625469,Medium
272108,Low
1461514,Medium
1399547,Low
1679019,High
2122796,Low
2092723,High
124852,High
1139763,Medium
1423775,Medium
2217699,Medium
1487345,High
2161665,High
615083,Medium
1304942,Medium
1367646,Low
1409603,High
1588448,Low
249436,Low
1446544,High
665168,Medium
1870208,Low
1653519,Medium
2281080,Low
1269834,Medium
1209161,Medium
2183953,Low
2160864,Low
1359572,Low
1199626,Medium
1568984,Low
1132442,Medium
641342,Low
716371,Low
878446,Low
1243970,Low
2268330,Low
1382685,Medium
633716,Medium
1820233,Medium
1233397,Low
1956063,High
1655235,Medium
1680920,Medium
1628962,Medium
2116289,High
2321734,Medium
1964124,High
617063,Low
1716417,Low
1089252,High
109554,High
2184892,High
436947,High
2301600,High
561721,High
892304,Low
2109185,Medium
1661671,High
916608,Medium
598553,High
678902,Medium
1339445,Medium
1424584,Low
2086127,Low
205156,Medium
878251,High
2275902,High
433833,Medium
2308692,High
1427451,Low
205350,Medium
870852,High
1255715,Medium
1554979,Low
999406,Medium
1623394,Medium
1977292,Medium
1758994,High
592601,Low
949915,Low
568626,Low
2235613,High
873997,High
2134967,Medium
714548,Medium
863801,Medium
201080,High
1924053,Medium
1488329,High
279694,Medium
1877932,Low
889874,High
1019215,High
1207526,High
13350,High
1709792,Medium
1248575,High
1795983,High
1773008,High
2108979,Medium
1901342,Medium
174423,Medium
1069823,Low
370220,Medium
877483,High
2301770,High
2317575,Low
1303754,High
2032256,High
1728620,Low
1801973,Medium
32238,High
1274954,Medium
1763163,Low
1758200,High
2027732,High
1081991,High
1083515,Medium
2011257,Medium
1687562,Low
1871521,Medium
1885477,Medium
1889565,Medium
2234324,Medium
1948199,Low
2157004,High
503983,High
2150258,Low
44471,Medium
1701211,High
385975,High
1330311,High
1710921,High
877629,High
942291,Low
1694943,High
2275504,High
1278271,High
277512,Medium
196441,High
1625870,High
205568,High
2284473,High
172994,High
1871586,Medium
1794474,Low
571795,Medium
2009698,Medium
2120632,Low
2192028,Low
905229,Medium
297792,Low
520755,High
2249561,High
1294060,Low
697688,Medium
1611684,Medium
693468,High
398088,Low
1411295,Medium
56186,High
1109131,High
859955,High
951876,Low
2096657,Medium
1180580,High
1709916,Low
1124633,Medium
436721,High
1126630,Low
1652343,High
2226970,Medium
858044,Low
1450282,High
1632922,Medium
1328211,Medium
1731224,Low
2082779,High
1709318,Medium
1232911,Medium
486886,Low
1210460,Medium
205523,Medium
144356,Low
1845297,Medium
431568,Medium
1305980,Medium
1706364,Low
1577164,Medium
934037,High
575519,Low
1964961,Medium
79749,Medium
702071,Medium
1832674,Medium
209368,Low
1420772,Medium
1152527,Low
1541209,High
525030,High
263692,Low
1927614,Medium
4928,Medium
1612280,High
1352126,Medium
1227225,Medium
155195,Medium
851524,High
457823,Low
229752,Medium
1160719,Low
2185461,Medium
1966266,Low
235174,High
51336,Low
1831684,High
2286763,Medium
213998,Low
2012745,Medium
895241,Low
943595,High
44955,High
238881,High
632308,Low
125246,Medium
198918,High
879134,Medium
1186388,High
2053021,High
1522107,Medium
635088,High
1759854,Medium
1581352,High
2106720,Low
470213,Low
1180538,Medium
1030664,Low
2174394,High
738175,Low
2281196,Medium
1607702,Low
1495307,High
523775,Low
1492879,Medium
2285426,Low
153780,Medium
593416,Low
2028275,Medium
573978,Medium
944286,High
427917,Medium
68828,High
249903,High
717273,High
1734401,Medium
2202258,Low
1110323,Low
969897,High
472232,Medium
2077248,Low
104238,High
2298448,High
240183,High
793611,High
790437,High
1407459,Medium
480911,High
1707420,High
2181046,Medium
38679,Low
895779,Low
1477538,Medium
1188336,Medium
1320726,High
202669,Low
1910666,Low
341973,High
1840431,High
2223728,Low
495618,High
1967373,High
630841,Low
447355,Medium
2235586,High
1649784,High
323731,High
2110958,Medium
2013560,High
243117,Low
1975019,High
1088790,Medium
1471609,High
318480,Medium
2293374,Low
541897,Medium
641511,Low
357646,Medium
2200475,High
1297514,Medium
2091395,Medium
1544540,High
1864116,Low
972679,Low
351529,Low
1407888,High
737586,High
107691,Low
2228381,High
430215,Medium
201214,Medium
127316,Medium
2315718,Low
2297431,Medium
1331554,High
213387,High
1326021,Low
758886,Low
428854,Medium
1722455,High
1663484,High
2023796,Medium
2269082,High
1588235,Low
1396143,Medium
1344332,Low
413524,High
714199,Medium
1995004,Medium
1486132,High
2160562,High
203625,Medium
1186803,Medium
1013405,Low
636575,Low
2122530,Medium
767488,Medium
1167774,High
553331,Low
442990,Medium
680231,Medium
182918,Medium
2191700,Low
299882,Low
438813,Low
654746,High
2059025,High
573840,High
249790,Medium
899112,High
826781,High
134931,High
1246861,High
1016140,High
1219118,Medium
1203103,Medium
403465,High
1985064,Low
95817,Medium
1732305,Medium
2210924,High
2007554,Low
1014682,Medium
1875319,Low
2126655,High
1698946,High
980120,Low
869153,High
1826423,Low
881052,High
539137,High
1971501,Low
690900,High
1203580,High
735985,High
1116167,Medium
1135220,High
747,Low
107881,Medium
1368709,High
1750195,Medium
213941,Low
1119230,High
1238923,High
905102,Medium
2171251,High
1340492,High
1899718,Medium
1198411,Low
1661232,Medium
88868,Medium
831524,High
229240,High
2030034,High
2045126,High
88336,Medium
16283,Low
2251631,Medium
452133,High
2219296,Low
732173,High
1968408,Low
653971,Medium
173558,Low
518853,Medium
1550115,Low
1639021,Medium
1523627,High
1763990,Low
686067,Medium
1044363,Medium
155855,Medium
160148,High
743253,Medium
1770884,High
96588,Low
106925,High
837460,Medium
2257392,Medium
2274633,High
963351,High
1961533,Medium
1375020,High
1518822,High
2116121,Low
1729747,Low
1375990,High
1953135,High
1970195,Medium
611548,High
992364,High
1216264,High
380027,High
2110615,High
1620548,Medium
178991,Medium
968532,Low
388498,High
626155,High
1106764,High
394034,Medium
2203004,High
42337,High
2228819,Low
2123941,Medium
1493774,Low
226445,Medium
1867844,Low
2094235,Medium
1744231,Medium
1993079,Medium
1130991,High
1868880,Low
791257,Low
2018597,Medium
2313583,Low
825461,High
950469,Medium
2012077,Low
305464,Medium
1798150,High
2202995,Low
1110230,Medium
1656711,Medium
1736899,Medium
1072462,Medium
2313776,Medium
198683,Low
1703977,High
1515097,Low
398515,High
626413,Low
1732275,Medium
1748561,Medium
929181,Medium
1255662,High
768383,Medium
589808,Low
1966460,Low
844963,High
1670606,Low
383650,High
1796001,Medium
789199,Medium
1005894,Medium
1356361,High
1186419,Medium
1161500,High
1407479,Low
295749,High
2220910,Low
273755,Medium
204541,Medium
887308,High
1591649,Low
19113,Medium
238120,High
922709,Low
743360,Low
404249,High
2155571,High
1284081,High
1281724,Low
2162248,Medium
1701435,High
302722,Medium
1212383,High
2108890,High
818810,Medium
947956,High
643414,Low
511356,High
1710145,High
1863394,High
1784605,Low
1583248,High
1667949,Low
1725758,Medium
598215,High
1714287,Medium
479838,Low
2078768,High
200132,Low
1590770,Medium
399603,Medium
1122176,High
434496,Low
154571,Medium
1974210,Medium
1125383,Low
1009415,High
1633682,Low
1970962,Low
1695972,Medium
1357654,Low
113446,Low
193513,Low
1280894,Medium
1374574,Medium
293520,High
69213,Medium
639560,Low
648299,Medium
744793,Medium
955239,Low
187251,Low
351115,High
1946168,High
912021,Low
572763,High
322544,Low
859257,Low
2128818,High
2079528,Low
1983197,Low
840849,Low
2193178,Medium
2009791,Medium
799369,High
773034,Medium
1406815,High
963143,Medium
457811,High
2197300,Medium
728339,Medium
1636885,Low
1481280,High
699058,Medium
787769,Low
2120882,Medium
1318552,High
1143167,Low
407596,High
202663,High
1567388,Low
2288790,High
990756,High
235395,High
1112437,Medium
2292194,High
1227436,High
999488,Medium
511575,Low
1268747,Medium
390425,High
818558,High
1429805,Medium
822603,High
2090368,Medium
1277611,Medium
1253407,High
510519,Medium
714338,Medium
346799,Low
1312971,Medium
1425771,Medium
2291025,High
1966010,Low
764905,High
1782171,High
2010856,Medium
1183676,Medium
1669283,Medium
1955700,Medium
1889289,Medium
1337411,Low
1068261,High
881198,High
1078869,Medium
397908,Medium
294327,Medium
1679313,High
1068931,Low
518586,Medium
1560463,Medium
1696731,High
1019478,Low
90258,Medium
1227335,Medium
1173443,Low
2226336,High
1318733,Medium
1433753,High
1273769,Low
1973118,Low
273408,High
1976955,Low
1003819,High
1254871,Low
2231043,High
2016740,Medium
534753,Medium
197140,High
1590458,Low
113877,Medium
573541,Low
1841406,High
2207898,High
1406946,Medium
500315,Low
985926,Medium
2098295,Low
574947,High
750316,Low
292490,Low
457898,Low
1085774,High
377509,Medium
2101968,High
1804568,Medium
1211956,Medium
1830511,High
72016,Low
1276195,Medium
1217217,Low
1251666,Medium
1132720,Medium
244529,Medium
622981,High
38129,Low
456389,Medium
318060,Medium
942081,High
86025,Medium
91098,Medium
1533122,Medium
995539,High
1237507,Medium
14024,High
633658,Medium
1411392,High
803739,Medium
831666,High
1620247,Low
955435,Low
1330970,High
1564739,High
2196044,Low
1818973,High
1487071,High
344594,High
240536,High
733071,Medium
1317840,High
1767209,High
1070920,High
1700388,Low
2018406,Medium
1113853,High
1419279,Low
337474,High
481939,Medium
946092,Medium
2195913,Low
1260314,Medium
1381656,Medium
2243171,Medium
1054750,Medium
1974056,Low
2254300,Low
1831245,High
421156,Medium
1781452,Low
598453,High
1720642,Medium
1007924,Medium
2075378,High
1249358,Medium
1583871,Medium
70504,High
1826900,Medium
1933213,Medium
553259,Low
683202,High
1794211,Medium
127446,Low
110100,Low
360952,High
585192,High
1336441,High
726930,High
674861,Low
1956255,Low
1203277,High
2316579,Low
2286782,Medium
370815,High
707195,High
1910612,Low
757590,Low
901576,Medium
1427381,Medium
2084730,Medium
194664,Medium
265183,Medium
2041136,Medium
457656,Low
977280,Medium
1030706,High
487306,Low
1049269,High
1892708,Medium
186178,Low
2251719,High
711443,High
1458541,Medium
2184534,Low
1503835,High
335598,Medium
1545327,Low
2124199,Medium
1497203,Low
740097,Medium
1973129,High
434069,High
962790,Medium
1741068,High
888084,Low
491912,High
1467655,Medium
2227296,Low
466589,Medium
2001718,Medium
396676,Medium
920440,Low
858000,Medium
1712879,Low
1838413,Medium
289345,High
85713,High
181005,High
1828921,Low
1271252,Low
125200,Low
1108402,Medium
384945,High
1785341,High
2093807,High
1072946,High
141820,Medium
1524233,Low
162148,High
1288427,Medium
268013,Low
1954147,High
1248146,High
2266221,Low
1670132,Medium
1865599,Medium
1431031,High
2073442,High
132099,Medium
1725674,Medium
254001,Medium
1658333,High
2148599,Low
1619888,Low
513732,Medium
1388767,Low
514414,High
1790474,High
997754,Medium
175233,Medium
2067866,Medium
1802937,Medium
2284102,Medium
708628,Low
2292547,High
1510921,Low
1717622,Low
17431,Low
174877,Low
40568,High
662420,High
668853,Medium
1574830,Low
820489,High
1662325,High
1676900,Medium
1197794,Medium
928570,Low
202874,Low
514563,Medium
9110,High
935850,Medium
738427,High
1815999,High
796855,High
1049604,High
1011130,Medium
558878,Low
1107644,Low
1031367,Medium
1674179,High
449946,Medium
518465,High
870476,Low
2258375,Medium
1871529,High
518370,High
277963,Low
618496,Medium
172627,High
2234348,Low
260039,Low
1034851,High
276424,High
272491,Low
865806,High
1920807,Medium
1169091,Low
33416,High
2208703,Medium
730384,Low
609981,Medium
1182056,Low
627969,High
1920363,High
2240741,Medium
2012277,Medium
1700740,High
1607892,Medium
175433,High
1241611,High
411611,Medium
2052970,Low
540506,Low
489842,Medium
2760,High
1507791,Medium
1392552,High
1788122,High
1549580,Medium
1401488,High
488450,Low
1575255,Low
1063344,Medium
1549271,High
1282737,High
1341480,High
1737146,Low
2318411,Medium
2124190,Low
1196967,High
802452,Medium
698421,Medium
877113,Medium
1358238,Low
291869,Low
1470173,Medium
349250,High
64778,High
2030409,Medium
1279333,Low
455311,Low
1069681,Low
623494,Low
360937,High
1555236,Low
2223786,Low
1389335,High
866949,High
1338062,Low
70688,Low
1160248,High
843905,Medium
25233,Medium
1606725,Medium
536774,High
311051,Medium
188579,Medium
672161,Medium
1787065,Low
1682635,High
2040694,High
1745477,High
356891,Low
523660,Medium
1098959,Medium
1771967,High
361340,High
501973,Medium
609321,Medium
38875,Medium
1420934,High
743076,Medium
2111678,Medium
1316312,Low
1815254,Low
2162945,High
1690118,Low
656809,Low
1847068,High
288790,High
191164,Medium
1433200,Low
1695941,Medium
621916,High
1813690,High
1532163,Medium
1261579,High
1567135,High
613417,Medium
1237736,High
2142235,Low
1282304,High
425312,Medium
1656369,Medium
267700,High
1940567,High
1676597,Low
151801,Medium
638069,High
1805521,High
2268634,Medium
1221360,Medium
1974012,High
2305922,High
167608,High
1189360,Medium
1507436,Medium
1772053,Medium
1690727,High
1010182,Medium
551998,Medium
582658,Medium
1609915,Medium
1278070,High
969831,Medium
752371,Medium
963528,Low
1501249,Medium
1022613,Low
568299,Medium
1646517,Medium
827791,High
1591457,Medium
2302,Medium
1735382,Low
2176342,High
765768,Medium
1425909,Medium
1722625,Medium
8243,High
406093,High
889885,High
1908790,Medium
1082795,Medium
1592317,High
1798417,High
460704,Low
1340658,Medium
2054227,High
2298994,High
933184,Low
2007381,Medium
1253910,High
1081800,High
816471,Medium
891231,High
1481781,High
187032,Low
178781,Medium
1726169,High
1695090,Low
128756,Low
551873,Low
231577,High
288645,High
646960,Medium
998674,Low
1167169,High
1210106,Medium
1341653,High
1626307,Medium
1645152,High
2198286,Medium
1009837,High
1138353,High
1539698,Low
1943707,High
1641757,High
1472365,High
202594,High
1857486,Medium
985437,High
183224,Medium
1215654,High
403407,Low
2087236,High
1492014,Medium
2062851,High
1680684,Low
956367,Low
937228,Low
1512619,Medium
1520455,High
1163537,Low
2266939,Medium
2292453,Medium
1061013,Medium
1834316,Low
901398,High
1814322,High
1874517,Low
379310,High
634920,Low
372671,Medium
1080247,Medium
687145,Medium
1843427,Low
1791398,Medium
796980,Medium
397655,Low
1075118,Low
1247369,High
1911045,Low
1542614,Low
717407,Low
190042,Medium
433970,High
1633187,Low
1898900,Medium
238676,Medium
2031856,High
2090440,Medium
1328457,Low
1144431,High
179889,Medium
1719877,Medium
743506,Medium
1457964,Medium
469824,Medium
2251677,Medium
2067732,High
1082078,Medium
691928,Medium
1335760,Low
2108974,Low
196469,High
836271,High
1785377,Medium
52662,Medium
803856,Medium
341691,High
1987519,Medium
402638,Medium
312028,High
1806218,Medium
333804,Medium
519016,Low
290977,High
1814287,Medium
563744,High
367293,High
684163,Medium
1578260,High
414047,Low
991496,High
985028,High
696023,Low
364258,Medium
93576,High
523294,Low
600349,Medium
689312,Low
2032630,Medium
2115798,Low
388339,High
1477582,Medium
628513,Low
2132963,High
1369745,High
1693288,High
89975,Low
897361,High
1202053,Medium
1619336,High
1720442,Low
89035,Low
712752,Low
451314,Low
1871054,Medium
1969648,High
995158,High
1015417,High
1650687,Medium
481205,High
135602,High
1835424,Medium
2159759,High
2013364,High
1372559,Low
998067,Low
2032272,High
2302166,Medium
138703,High
1073164,High
143003,Low
1600551,Medium
103871,Low
859315,Medium
1798159,Low
1282597,High
1392092,Medium
326758,Low
1815845,High
1577181,Medium
1013391,High
1109791,High
1587920,Low
1964198,Low
1859765,Low
1559539,Low
2271909,High
117181,High
1979667,Low
711369,Low
437853,Medium
519527,Low
996603,Low
1076793,High
788010,Medium
521786,High
692097,Medium
493224,High
2047875,Medium
80318,Medium
1580555,High
1569973,Medium
152305,High
297997,Low
2162033,Low
822983,High
2094133,Low
1703433,Low
1738913,Medium
2140002,Low
1695226,High
661716,Low
417155,Medium
284463,High
47820,Medium
244894,Low
517538,Low
1494240,High
184096,High
729925,Low
1549038,Medium
123212,Low
1117354,High
1335116,Medium
536964,Medium
1221468,Low
693536,High
1002253,High
1469462,Low
331093,High
62259,High
664721,Low
1912959,Medium
1088135,Medium
1259383,Low
2283347,High
218314,High
1186082,Medium
1643156,High
1668550,Low
294551,High
811332,Medium
1232504,High
168825,Medium
726942,Low
930085,Low
1371919,High
381690,Medium
1685132,Medium
717453,Medium
231209,High
1004929,High
1348151,High
1524325,High
1055777,High
2085616,High
1018499,High
840660,Low
1552073,High
1890795,Low
1371467,High
1536481,High
736481,Low
478336,Medium
42654,Medium
1473394,High
823656,Medium
1171895,Low
1893186,Low
711435,High
1546539,Low
1987312,High
1258473,Medium
279810,Low
658330,Low
1127136,Medium
1366501,Low
880764,Low
995949,Medium
1764869,Medium
745297,Medium
2177805,High
959391,Medium
623681,Medium
2179417,High
529256,Medium
1177163,High
1018421,High
1633066,Medium
1373104,Medium
1266801,High
1852083,Medium
955833,High
1454653,Medium
1874293,Medium
840994,Medium
1267981,Medium
872433,High
1559913,Medium
1650640,Low
1478521,Medium
1560343,Low
545642,Low
1686663,Low
1031651,High
678196,Medium
713653,Low
429867,Medium
257410,Medium
1632285,High
1494539,Low
503459,High
443530,Low
1847574,High
213278,Medium
2214002,Low
713284,High
863667,Medium
1049058,Medium
239343,High
2321231,Low
747518,Medium
607544,Medium
1967773,High
1547615,High
1526644,Medium
587179,Medium
1555818,Low
345396,Low
1727424,Medium
503522,Medium
935409,High
2209956,Low
429159,Low
490617,Medium
815271,High
1200881,Medium
2039255,High
152316,High
797535,High
798611,Medium
1025905,High
791404,Low
1662796,High
213918,Low
619023,Low
1590041,High
1817277,High
393509,High
1743279,High
1518221,High
1729958,Medium
1708240,Low
207559,Medium
1545703,Low
2239709,Low
488733,Medium
1740994,High
1253176,Low
655784,Medium
1256965,High
739725,Medium
1798539,High
758919,High
2016585,Low
767331,High
873653,Medium
532366,High
2130349,Low
2139322,Medium
1982074,Medium
1012036,Medium
278720,Medium
1049432,High
1707310,Low
1119154,High
1157851,High
1369601,Low
2122739,Medium
516608,High
1894810,Low
482986,Medium
87183,High
1573669,High
338269,Medium
1739841,High
926792,Low
1139286,Medium
1961824,Medium
2263773,Medium
60616,High
879338,Medium
1345879,Medium
212239,High
103885,Medium
641228,High
1080732,Medium
739121,High
1651962,High
533874,High
1825209,Low
285037,Low
758914,Low
1780976,Medium
780245,High
499419,Medium
1573570,Low
132205,Medium
2177995,High
1596434,Low
1086001,Low
77123,Low
2012521,High
2196685,Low
1847619,Medium
1604048,High
133869,High
1287751,High
1015420,Medium
1726452,High
818597,Medium
1097320,Low
1901625,High
16906,High
756908,Low
188014,Medium
102073,Medium
1850547,High
291100,Low
1678864,High
1359875,Low
465171,Medium
809827,High
1990072,High
2235767,High
1171671,Low
1048327,High
1113878,Low
347855,Low
1599580,Medium
637942,Low
1594959,High
567658,Low
1926707,High
2226063,Medium
204884,High
1736712,Medium
1017967,Medium
1691347,Medium
434487,Medium
1937260,High
720167,High
448169,Medium
855463,Low
1916581,Medium
1898061,Low
1675391,Medium
917007,Medium
1703641,High
1359757,High
2042354,Medium
100805,Medium
1384907,Low
65896,Medium
418180,Low
927553,Medium
172458,Medium
364220,High
1306850,High
1443563,Medium
1353111,Low
456047,Medium
1299439,Medium
2033995,High
56759,Medium
905745,Medium
401458,High
810365,Medium
221353,High
1023101,Medium
1064921,Low
1428430,Low
1330941,High
260614,Medium
1243543,Medium
801180,Low
1826483,High
288990,Medium
750111,Medium
981774,Medium
750240,Medium
1124414,High
1644014,Low
2294529,Low
973144,Medium
1507688,Medium
1287966,Low
458309,Medium
2000300,Low
1215084,High
20175,Low
1597139,Medium
694258,Medium
1138754,High
400832,High
985087,High
812244,Medium
568749,Low
1008359,High
1092978,Medium
2072889,Low
2179019,High
1639735,Medium
1338674,Low
633106,High
871917,Low
1487884,Medium
150601,Medium
10735,Medium
802712,High
1489284,Medium
2051176,Low
407876,High
705188,High
2120332,High
2247012,Low
2129851,High
167400,High
1933605,High
329992,Medium
176802,Medium
1378816,High
1620507,Medium
435709,Low
716772,Low
2226166,Medium
1906873,High
463159,Low
329034,High
507012,High
294635,Medium
2104728,Medium
992476,Low
1825120,Medium
1069708,Medium
520151,Medium
750039,Low
2048816,Medium
2118957,High
1927578,Low
77328,High
911086,Medium
364295,Low
1800422,Medium
2245045,Medium
1950150,Medium
666386,High
1432066,Low
2195619,Low
989286,Medium
2123334,Low
1080503,Low
2069353,High
972190,Low
882938,Medium
781996,Low
968858,Low
204098,Medium
335048,Medium
1522112,Low
2073744,High
2260273,Medium
649644,Medium
2020590,Medium
1005377,High
1190500,High
692703,High
1082996,Medium
1744002,High
1303110,High
436475,High
675636,Medium
1251411,High
949072,High
2263427,Medium
249890,High
893925,Medium
1798377,Low
786062,High
23167,High
1493003,Medium
536513,Low
1711538,High
1969875,High
1777267,Low
1623510,Medium
1545935,Medium
417861,Low
345643,Medium
967875,Low
2135057,Medium
296311,Medium
1900908,Low
1993790,High
1762305,High
1849669,Medium
1494986,Low
1374013,Low
1519910,Medium
999854,High
1539509,High
2246389,Low
2097424,Medium
579455,High
1316921,Low
962681,Medium
303507,Low
1796035,Low
1711435,High
1112006,Medium
223514,Low
1021263,Medium
308826,Medium
860559,High
875040,Medium
434836,High
1174071,Medium
2144640,Medium
2187561,High
890466,High
1524490,Medium
2192234,High
247043,High
1819847,Medium
1489954,Low
1401845,Medium
325490,Low
1580928,High
997104,Medium
1462785,Low
2004901,Low
2092915,High
2109153,Medium
394123,Low
2273363,High
268798,High
1772622,High
1281915,Medium
2071253,High
200375,Medium
2154995,High
214465,High
1628191,Medium
767385,Low
596041,Medium
1559371,Low
1667293,Low
1251260,Medium
1644731,Low
850837,High
1050478,Medium
887390,Medium
247001,Medium
1929241,Medium
142293,High
980264,Medium
2243390,Medium
994042,Medium
1627971,Medium
352045,Medium
2159771,Low
206821,High
990530,High
2273297,Low
1662752,High
2242252,High
1360815,Low
1968132,Low
2224807,High
863441,Low
967551,Medium
1230969,High
212214,Medium
434678,Medium
817815,Medium
793420,High
821990,High
1011363,Medium
1370483,Low
391937,High
2272871,High
1219721,High
692030,High
1721595,Medium
2177695,Low
246397,High
991993,Low
1648088,Low
2004549,Medium
2147761,High
1099977,Medium
439299,High
1956447,Medium
370861,Medium
315024,High
2022595,Medium
52094,Medium
300335,Medium
500786,Medium
1951860,Low
975543,Medium
2103241,High
718226,Low
1943744,High
1915623,Medium
2315363,Low
1496651,Medium
1791170,Medium
1015541,Medium
1294900,High
448026,Low
1576826,Medium
1206283,Low
1963094,High
111110,Medium
886951,Low
171333,Medium
2070752,Medium
1124283,Medium
264759,High
241967,Low
1676699,High
298775,Medium
1219709,Medium
1925169,Medium
1984927,High
1117800,Medium
819305,High
1154695,High
2008136,Low
358918,High
1202310,Low
1076673,Medium
1399213,High
614243,High
1602222,Medium
502901,Low
1822372,High
1051606,Low
2255981,High
529565,High
1416837,Low
1341346,High
1386725,Medium
847183,High
2304903,Medium
1665273,Medium
1104516,Medium
1365958,Low
1554820,High
1025888,Medium
1099199,High
254074,Low
1255471,High
1331775,High
783993,Medium
357923,High
2215490,Medium
933313,Low
598134,High
2288703,Low
81832,Medium
224662,High
754381,High
1170572,Medium
2062397,Low
1941601,High
552538,Low
797403,High
2017752,Medium
2293940,Low
476708,Medium
567121,High
71194,High
1243526,Low
228005,High
1589222,High
761345,High
1970565,High
1057637,Medium
1287328,High
1120690,High
1078793,Low
1387640,Medium
272996,Low
975998,Low
817332,High
1776278,High
588039,Medium
64650,High
2206865,Low
2139934,High
1482430,Medium
1288511,High
1242604,Medium
2297786,Low
2174119,Medium
284731,High
2087591,High
1276873,Medium
2266898,Medium
1095022,High
774937,Medium
1041075,High
1213877,Low
1068878,High
1819987,Low
41299,High
632350,Low
904557,Low
1568788,Low
216031,High
720709,Medium
2108984,High
453060,High
145450,High
209271,Low
1439846,Low
1431505,Low
2028728,Medium
1648889,High
1654720,Low
1425604,High
1323437,Medium
1317314,Medium
1701039,High
133474,Medium
1860000,High
1430310,Low
1808508,High
1431763,Medium
825213,Low
251221,Medium
977757,Low
491560,Low
1986219,High
2015156,Low
21964,Low
1673906,High
1701799,Medium
111468,Low
1769972,Medium
1341667,High
1870822,Low
1722515,Low
472824,Medium
1060659,Medium
1919872,Medium
1591977,Low
859936,High
1177789,Medium
1306351,Low
62365,High
2029017,Low
1060042,Medium
589346,High
51489,High
1084287,Medium
261119,Medium
1738940,Medium
1829361,High
1750402,High
1259160,Medium
1426966,Low
272189,High
1783705,High
1330313,Medium
166036,Medium
1529325,High
1774697,High
1463377,Low
1236385,High
101912,Low
2149030,High
2271406,High
1512818,Low
1901064,High
49362,Medium
2304926,Medium
1060406,Medium
1656072,Medium
142123,Medium
1829852,High
1418815,High
1169112,Low
1396047,Low
1334026,High
27361,High
642201,High
1198920,Medium
2099980,Medium
609658,Low
701002,High
1976619,Low
2085122,High
259897,High
1006313,Low
2204825,Medium
1560918,Medium
1750192,High
372330,Medium
1321406,Medium
1150760,High
1678151,High
1966178,Low
992614,Low
2170626,Low
457329,Low
1853391,Medium
1811296,Medium
1392824,Medium
22504,Medium
557284,Medium
1571036,High
513311,Medium
214553,High
2160887,Medium
1271595,Low
1491467,High
1291677,Medium
865422,Low
2204848,Medium
1577815,High
1037229,Medium
235656,Medium
2152042,Low
1304925,Low
399331,Low
1932789,High
703314,Medium
1671009,High
897660,High
781273,High
452428,Low
200467,High
1964793,High
1513445,High
1158910,High
1692469,High
70284,High
762742,High
1599524,Medium
1434857,High
2304683,High
470113,High
1218046,Medium
2191248,High
2276333,Low
413482,Medium
768331,Medium
1744080,Low
141675,Medium
1238286,Medium
1619551,Medium
1055732,High
41051,High
630488,High
829585,Low
1397785,Low
696345,Medium
121837,High
1712346,High
152512,High
386184,High
1159615,Medium
1387865,High
2161211,High
327584,High
1279086,High
1745898,High
524074,Medium
447913,High
617603,Low
1385944,High
234752,Medium
200130,Medium
1504271,Medium
468038,Medium
351961,High
492892,Medium
432729,Low
1987810,Medium
2025143,Medium
67527,Low
326349,High
1144598,Medium
1788642,Low
20864,High
806370,Low
72547,Low
152200,Medium
1195397,High
1950999,High
104629,Medium
1989169,High
1646868,High
1911416,Medium
1765109,Low
1577645,High
99677,Low
1795712,Medium
1758360,Medium
897930,High
1760846,High
525315,Medium
1395043,Medium
2024415,High
1573791,Low
1177095,Medium
1167570,High
1204126,High
1729980,Medium
1057355,Low
220287,Medium
777020,Medium
1351448,Medium
1608801,Medium
279416,Medium
840692,Medium
2241406,Medium
690847,Medium
2097420,Medium
2275235,Low
1992053,Low
174906,High
2228580,High
1329831,Low
1093477,Low
541769,Medium
1852794,Low
880,High
1005466,High
2015021,Low
1756383,Medium
646952,High
1596712,Medium
1407235,Low
953390,Medium
1595410,High
1575430,Low
1488092,High
1810776,Medium
1736979,Low
2153962,High
996311,High
878353,Low
1804821,High
2084849,High
671591,High
1935076,Low
1059678,Medium
1522042,High
945601,High
1012180,Low
1000884,High
510153,Medium
686102,Medium
2152674,Medium
695667,High
1817132,High
949074,High
1059359,Medium
1919004,Low
1850425,Medium
134060,Medium
926025,Medium
1785525,Low
1337331,High
2170257,High
1189767,High
286261,Low
2058570,High
1933191,Medium
373245,High
2305965,High
686935,Medium
579183,Low
30071,High
880929,Medium
2198518,High
425969,Low
1757038,Medium
393333,Medium
269890,High
1795389,Medium
1250140,Low
283163,Low
172648,High
901109,Low
1107250,Medium
1684549,High
796591,High
1431872,High
552524,High
1193509,High
1489098,Medium
426666,High
1559030,High
151315,High
2315467,Low
847753,Medium
971218,Low
1441908,Low
1737580,Low
1058220,Low
904277,High
986531,High
1761734,High
2316405,Low
2070569,High
2299764,High
494679,Low
683462,High
1838553,Medium
1656581,Low
48509,High
48775,Low
1650475,Medium
679918,High
1621067,Low
2056275,High
774210,High
21099,Low
451574,Medium
899708,Medium
1258773,High
611525,High
1457242,High
739265,High
1278330,Low
2046564,Medium
1577651,Low
146661,High
1733026,Low
1494024,Medium
1350160,Medium
2311365,High
2017723,Medium
994915,Medium
1732846,Medium
1373368,Low
1956483,Medium
685227,Medium
2054128,Medium
1292004,Low
242461,Medium
796467,Medium
1377737,Medium
831230,Medium
1189051,High
220793,Medium
853261,High
64959,High
1220377,Low
314425,Medium
1253944,Low
215245,Low
2280705,Low
271021,High
1044383,High
1131400,High
343789,High
126936,High
1339027,Medium
1025938,Medium
1906378,Medium
1297010,Low
440993,Medium
2056296,Low
1180524,High
866718,High
8234,High
1153058,Medium
649523,Medium
941522,High
331861,High
133699,Medium
1491147,Low
1545666,High
1832921,Medium
1159731,Medium
328456,Medium
747856,High
1861689,High
1526301,High
1816197,Medium
1047095,High
1745398,Medium
996868,High
1194070,Medium
1451675,Low
395130,High
2276923,Low
287613,Low
1449584,High
1142091,Low
41799,Medium
330861,High
1798800,Medium
9834,Medium
1595987,Low
821731,High
1240242,Medium
1534031,Medium
1384636,High
1975773,Medium
1957147,Low
1733062,Medium
600499,Medium
1056665,High
2240869,Medium
1906289,Medium
219852,High
1386297,High
105668,Medium
462907,Medium
169358,High
1991983,Low
286614,High
1369831,Medium
2256032,High
531889,High
1438697,High
1914097,High
1136979,Low
1515361,High
702718,Low
1862076,Medium
1821692,Medium
1118227,Low
673677,Low
252862,High
1954735,High
938363,Medium
931852,High
1479221,High
716581,Low
1481849,Low
88824,Medium
1343813,Low
993263,Low
1463429,High
1359235,High
852199,Medium
1746387,Low
144477,Low
2246711,Low
1607589,Low
488476,Medium
1261932,High
1890906,Medium
2292785,High
105538,Medium
51626,High
94315,Medium
1318632,Low
751229,High
527156,High
770081,High
2255743,Low
1848977,Low
865653,Medium
378023,Low
662626,Medium
1694179,High
388483,High
849604,Low
1877288,High
430013,Low
1537554,Low
413705,High
1088983,Medium
13098,Medium
776632,High
493619,Medium
433628,High
1102976,Medium
1463654,Low
148504,Medium
2245585,Medium
1650992,Medium
1373816,Medium
1830767,High
603469,High
763212,Low
1511335,Medium
186759,Medium
189900,Low
1443596,Low
740498,High
1866880,Medium
1054673,Medium
1092786,High
1536746,High
1400581,High
452229,Medium
1728735,High
1938711,High
274517,Medium
1264423,Low
1909770,Medium
1273570,Medium
1568221,High
2120684,Low
1633676,Medium
1323803,High
1029932,Medium
1669573,High
627244,Low
2020321,High
1837276,Medium
2297273,Low
2210937,Medium
1376314,Low
701662,Low
1317582,Low
300857,High
1626056,High
392150,High
1885421,Low
1974194,Low
2234507,High
1764760,Low
655257,Medium
705130,Low
1264151,Medium
1212811,High
1791357,High
1074966,High
213180,Low
881620,High
1025807,Medium
2011425,High
206207,Medium
797818,Medium
99460,Low
52965,High
290887,High
723031,Low
1664475,High
1472518,Medium
2045752,Low
1632756,Medium
2003152,High
1935654,High
1032561,Low
410753,High
1216064,Medium
2019117,Low
786298,Low
739272,High
2179551,Medium
1142098,Medium
273786,Low
1680095,Medium
181525,High
1263994,Low
1719123,High
1994784,High
1646082,Low
1433145,High
1482004,Medium
347264,High
2204163,Low
300584,High
35630,High
75071,Medium
1469867,Medium
1026232,High
2187977,Medium
1473837,High
1144417,Medium
23019,High
715284,Medium
125291,Low
2131680,High
1662751,Medium
173842,High
830526,Low
128872,Low
762406,Low
1442951,High
295418,Medium
1251016,High
1584614,Medium
686766,High
288174,High
2045538,High
1525486,Low
1763240,Medium
1411993,Low
2237993,Low
589476,Medium
1080927,Medium
476336,Medium
79552,Medium
1711725,High
523793,Low
1941140,High
1626005,Low
2174272,Medium
2206154,High
2187236,Low
719406,High
2238932,Low
2058673,High
899885,High
2288861,Medium
1590311,High
1832465,Low
2063271,Medium
398349,High
1923550,Medium
815989,Low
1836940,High
631538,Medium
83709,Low
353858,High
663010,Medium
606074,Low
344461,Low
966736,High
568399,Medium
115017,Low
34789,Medium
954295,Low
376477,High
266383,Low
471551,High
2025553,High
2064138,Medium
442918,Low
818740,High
264453,Low
1591636,Medium
1880664,High
2235773,High
143818,Medium
1711961,Medium
1401659,Medium
1724292,High
2224171,Low
35642,High
1854573,Medium
203360,Low
480363,Medium
1793506,High
1470300,Low
1809882,Low
1393616,High
2231211,Medium
1713643,Medium
346512,Medium
551158,High
2110609,High
206294,Medium
207516,High
1056506,High
1202215,Low
1664752,Low
1806908,Medium
997548,High
2114247,Medium
259284,High
12946,High
676983,Low
298699,High
2119782,High
1922433,High
2199496,Low
1266710,Low
2222144,High
806691,Medium
945245,High
1790309,High
1922236,Medium
1943317,High
1014457,High
687342,Medium
270564,Medium
2174778,Low
613341,Medium
1898417,Medium
17065,High
1593447,High
1801035,Medium
599382,High
1805454,High
1129161,High
1960955,Low
1827040,Low
221230,Medium
240114,Medium
2247317,Medium
883791,Low
477781,Medium
1297100,Low
770640,High
1431526,Low
1767986,Medium
124004,High
1816996,Medium
1219073,Medium
781283,High
78509,High
968083,Medium
346544,High
769444,High
24206,Low
531085,Low
371940,Low
1421007,High
852445,Low
623753,Medium
192989,Medium
2147742,High
445347,Low
1284991,Low
790030,Low
274853,Low
1008886,High
725660,Low
1883445,Medium
713716,High
1862090,High
2099813,Medium
573907,High
703799,High
1300123,Low
128156,High
763086,Low
886787,High
1220316,Medium
1122113,Low
1813051,Medium
1879306,High
935758,High
2154576,Low
755394,High
1993152,High
74223,Medium
612777,Medium
1757779,Low
1053093,High
1786188,Low
1374819,High
1096235,Low
1483003,High
1015359,Low
1268970,Medium
1410470,High
422519,High
165575,Low
1393837,Low
1089604,High
2092374,High
933616,Medium
1627207,Medium
558977,Medium
572291,Medium
1975961,Medium
1961216,High
194231,Low
145262,Medium
1867916,High
1188935,Medium
432601,High
1230760,High
2015598,Medium
691933,High
1484656,Medium
589737,High
318879,High
563729,High
1133079,Low
164573,High
1336724,Low
624212,Medium
1180836,Medium
2257805,Medium
630158,Low
1180040,Low
2217597,High
537771,High
1446253,High
2316203,Medium
520275,Low
744057,High
2017620,Medium
777430,High
1821792,High
2242914,High
2036317,Medium
2260061,Low
1335594,High
1411916,Low
416991,Medium
2013586,High
1584666,Low
1586523,Medium
1687594,Medium
2262483,Medium
1363169,High
2138726,Medium
2094127,Medium
1881897,Medium
1019014,Medium
432567,High
45239,High
1792753,High
2304724,Medium
1120001,High
2269807,Low
112087,Low
1101818,High
1211370,Low
894810,High
184768,Low
984354,Low
2115622,Medium
1046867,High
1998191,Low
79441,High
2144635,Medium
1319603,Medium
1209856,Low
1528090,Low
1338282,High
246735,Medium
184226,Medium
179984,Medium
537304,High
1987200,Medium
358425,Low
312654,High
893004,Medium
234282,Medium
594062,High
655752,High
327637,High
180736,High
933514,Medium
1412554,High
140276,Low
1447453,High
190138,Low
847066,High
1934824,Low
1131110,Medium
832354,Low
2160740,Medium
1214505,Medium
598674,Medium
205994,Low
2173164,High
1740973,High
1098101,Medium
72494,High
1410523,High
661868,Medium
2236122,Medium
368521,Low
528052,Medium
2274447,Low
583173,Medium
913014,Low
2284609,Low
883907,Low
577493,High
1999358,Medium
1208326,High
1630833,High
1557091,Medium
1805572,High
1979713,Medium
2249374,High
1891761,High
693594,Low
499815,High
631363,High
110211,Medium
1085210,Low
964834,Medium
683622,Medium
1376458,Medium
2191227,High
884009,Low
820989,Medium
935442,High
738716,Medium
1892800,Medium
739561,Low
1272557,Low
2178692,High
1233963,High
570448,Medium
795706,Medium
1008263,Low
327918,Low
2205258,Medium
1837756,High
965800,Low
1725380,Medium
1044911,Medium
816609,High
1857062,High
1420894,High
629868,Medium
1754141,Medium
1193433,Medium
1602021,High
1546650,Low
1547470,Low
866827,High
97945,Medium
2208852,High
2079109,Low
526712,High
1981870,High
1330197,Medium
2293383,High
1730018,Medium
402888,Medium
1675007,High
1937010,High
1502400,Medium
78952,Low
1146187,Low
1584611,Medium
2005832,Medium
1581821,Low
1592066,Medium
133394,High
1050705,Low
810332,High
2106140,Medium
2156399,Medium
463121,Low
1307101,Medium
1855063,High
1799687,High
1391787,High
690905,High
664113,Low
1528366,Medium
2220393,Medium
483537,High
690370,Medium
1028552,Medium
1530462,Low
986524,High
2062967,Medium
118367,High
586089,Medium
321867,Low
843785,High
2171225,High
931114,Low
1364942,High
1425136,High
1536416,Low
1595671,Medium
2215653,High
693400,Medium
1805388,Medium
503915,Medium
1736002,Low
2126901,Medium
1164048,Medium
1261480,High
1405963,Low
570518,High
1899536,Low
585231,Medium
1451792,High
1970270,Low
1184111,Medium
960285,Low
1435038,High
2120178,High
601421,Low
2290901,Medium
1813186,High
2317210,Low
1541031,Low
459536,Medium
504679,Medium
841492,Medium
191322,Low
1185618,Medium
1026422,Medium
1399841,High
286732,Medium
1298519,Low
196413,Low
45513,High
1700853,High
805541,Medium
632703,Low
2312479,High
532236,High
1263247,Medium
408761,High
2119201,Low
298233,High
1816105,Low
957707,Medium
2065135,High
1606298,Medium
271085,Low
479433,Medium
713019,High
1362405,Medium
1059267,Medium
1897362,Medium
463954,Medium
1961282,Low
171444,High
2016554,High
555396,High
324903,High
367579,Low
327896,High
2130028,High
383697,High
1045091,High
1338246,High
289876,High
1062877,Low
2054324,Low
957881,Low
945725,High
179601,High
1055816,High
187020,Low
241926,High
1161869,Low
1057937,Medium
472423,Low
1260661,Medium
1484066,Medium
1535986,Low
1569641,Low
469098,High
1187333,High
695125,High
1447600,High
294983,Medium
1256373,Medium
1952544,Low
1159708,Low
468589,High
1353824,Medium
132122,High
198720,Low
1039582,Low
1660189,High
313523,High
168507,High
1324399,Medium
1920911,High
608570,Low
392799,High
596734,High
450776,Medium
2162098,High
1894785,High
683427,Medium
1601692,Medium
490786,High
653501,Medium
2035631,High
79874,Medium
2179263,Medium
1148073,Low
807099,High
1028918,High
951775,High
937940,High
1975779,High
536482,Low
874600,Medium
1825358,High
1392521,Medium
1684451,Low
2230873,High
846436,High
407227,Low
2073190,Medium
2108144,High
345491,High
41508,Medium
1163189,Low
289549,High
1520844,Medium
784788,Low
1733356,High
26782,Low
989728,Medium
128216,Medium
1073904,Low
272159,High
558191,High
628255,High
704040,Medium
1539439,High
705105,Medium
645431,Low
652440,Medium
909649,High
310569,High
1290309,Medium
2286263,Medium
1688100,Low
1809135,Low
1904024,Low
2110500,Medium
2079852,High
1411157,High
1715467,Low
1348311,Medium
1228239,High
2279415,High
1356862,High
1950059,High
1343964,Medium
283870,Low
1930582,Low
22111,Medium
1244408,Medium
913628,Low
582375,High
499608,High
559600,Low
568497,High
493240,High
521874,Medium
568792,High
1217609,High
2042984,High
476308,High
1317045,Low
691774,High
219807,Medium
1873545,Low
1458371,High
1506261,Medium
1092535,Low
118305,High
1703593,Medium
373860,Medium
1897197,Medium
317058,High
1574478,High
2247330,Medium
1602310,Low
2215537,High
1007021,Medium
1474382,High
1269602,Medium
336948,Medium
1020587,Low
417437,Medium
2293293,Medium
2132974,Low
1444936,Medium
2230790,High
385337,Medium
352036,High
1567834,Medium
1102936,Low
1103,Low
657310,Low
1094919,Medium
2015451,Medium
2233693,High
1730028,Low
333897,High
895706,High
512350,High
199810,Medium
330425,Low
1921194,Medium
1076556,High
354453,Low
12984,Medium
1858963,Medium
1808285,Medium
787606,Medium
1789361,High
281389,Low
2152127,High
50568,Low
195354,Medium
2086256,Medium
2075976,High
1970836,High
162363,High
1661241,High
1685240,Medium
1240100,Low
1256939,Low
465592,Low
1915262,Low
1483161,High
2154276,High
1706432,Medium
1814903,Medium
853333,Low
1166447,High
1383052,High
1112052,Medium
2021112,High
1553253,Medium
1820825,Low
787360,Medium
1536294,High
2133528,Medium
1094116,Low
422258,Medium
669022,Low
2030233,Medium
1768176,Medium
2076783,Low
1631114,Medium
1935700,Medium
1955647,Medium
2118878,Medium
2117622,High
1218644,Medium
670701,Low
1826667,High
909531,High
2061152,High
1543831,Medium
1032502,Medium
1951996,High
2053491,Medium
1044966,High
2117428,High
971601,High
558871,Medium
204937,Low
86171,Low
64091,Medium
1192465,High
1718240,High
969477,High
2009702,Low
328142,Low
591644,High
2159791,High
771159,High
1231621,High
84966,Medium
1056659,High
2227929,Low
2203512,Low
1279847,High
65676,High
1436510,Medium
1218887,High
1911822,Low
258455,Low
334708,Medium
1594653,Medium
873252,High
2268293,Medium
851382,High
2018060,High
1592945,High
1384273,High
2296914,Low
1314643,Low
962742,High
1338276,High
1715112,Low
1349951,High
2021312,High
971666,Medium
510285,Low
1589310,High
1671325,Medium
1309741,High
966267,High
1801016,High
609094,High
2133494,High
405215,High
1815666,Low
870549,Low
1306806,Low
1866652,Medium
406837,Low
101989,Medium
1612181,High
55933,High
384500,Low
2244,Medium
2045492,Medium
250271,Medium
145447,Medium
871287,Medium
469844,Medium
1077794,High
1012346,Low
614755,High
826097,Low
890043,Medium
1936512,Low
1001471,Low
1126774,Medium
2151581,Low
690874,Medium
341612,Low
1958461,High
91663,Medium
723965,High
1933203,High
1159178,Low
780939,High
182312,Low
918204,High
544141,Low
615093,Medium
1279227,High
1768106,Medium
1572587,High
1461223,Low
1937963,High
2012778,Medium
1748620,Medium
2050901,Medium
1726333,Low
2199149,High
878934,High
1240177,Medium
273888,Medium
344221,Medium
2087128,High
19700,High
55784,High
1014559,Medium
1350757,Medium
1041392,High
141845,Low
1543382,Medium
1497789,Low
560462,High
429789,High
829369,Low
2122561,Low
722988,Medium
448322,Medium
1389339,Medium
729181,High
366551,Low
2008726,High
2019370,Medium
443778,High
408510,Medium
790145,Low
207939,Medium
844285,Medium
1167840,High
1779705,High
724625,Medium
2210252,Medium
257218,High
1181148,Low
678113,Low
1812146,Low
941125,Medium
1983019,High
1812177,Medium
603151,Low
2071299,Low
640889,Medium
1063874,Low
1396946,High
1147056,Low
324701,High
1905845,Low
1709226,Medium
193016,Medium
2139905,Medium
107587,High
52503,High
439001,Medium
1288403,Low
1656268,High
1685444,Medium
1647216,Low
1942632,Medium
265644,High
284112,Medium
356745,Low
1172887,High
788134,Low
2173684,High
1227952,Medium
68842,Low
1621128,High
1415455,High
86129,Low
1474329,High
2195854,Medium
2232478,High
45055,High
587846,Low
1589088,Medium
588495,Low
1661146,Medium
841635,Low
1138428,Medium
347160,High
427794,High
298897,High
1851694,Low
425929,Medium
1686945,Medium
395410,High
1380897,Low
1235315,Low
621529,High
2282729,Medium
850256,Low
1937362,Medium
294486,Low
109640,Medium
274149,High
1400027,Medium
1625268,High
948483,Medium
737774,High
1076018,Medium
159363,Low
836303,Low
1324017,High
295527,High
678186,Medium
647553,Medium
1292105,Medium
862997,Low
2319935,Medium
812560,Medium
1077428,High
399568,High
2128905,High
1546312,High
464871,High
1572187,High
1064123,High
815178,Low
1551400,Medium
6574,Low
2303959,Low
1737102,Medium
177208,Medium
699727,Low
157538,Medium
520979,High
29970,Low
188209,Medium
2277193,Medium
1115831,Low
1233339,Low
201300,Low
1093706,Medium
1581604,High
1026485,Medium
1106183,Low
327674,Low
833304,Medium
2077500,Medium
1314948,Medium
578064,Low
238339,Low
1916319,Low
1880260,Low
1211918,High
215331,Medium
61048,Medium
1606820,High
571243,Medium
964252,Low
1836709,Medium
865325,Low
1066392,Medium
693316,Medium
345190,High
1401066,High
1284888,High
95995,Medium
1982743,High
500002,High
2101719,Low
745126,Low
1715870,Low
358650,High
717577,High
369670,Medium
498403,High
694271,High
1446692,Medium
1460139,Medium
1991121,Low
1248960,High
746651,High
801444,High
2157039,High
730015,High
2313036,Medium
1467281,Medium
565157,High
395771,Medium
2296338,High
96254,High
756229,Low
1327167,Low
1542301,Medium
334286,Medium
823117,Low
432652,Medium
1171897,Low
1565855,Low
540254,High
1291213,High
1012195,Low
1929937,Low
976810,High
1507590,Medium
353933,High
432014,Medium
882610,High
1453766,Medium
1771886,High
862209,High
2299424,Medium
1891582,High
1715945,Medium
944926,Medium
77484,Low
634054,High
1924444,Medium
2161773,High
999052,High
1441704,High
483271,High
347281,Medium
288793,High
1929735,High
1474566,Medium
2078106,Medium
603756,Medium
1484924,Medium
1984760,Low
1307586,Medium
1686030,Low
288794,High
456327,Medium
1738038,Low
1492939,Low
100919,Low
1484257,Low
90508,Low
2157573,Medium
579784,Medium
827080,High
1802037,Medium
270278,High
19730,Low
2224579,High
1056157,Medium
1609177,Low
781903,High
89147,Medium
1631027,High
1359403,High
1721731,Medium
2019192,High
314481,Low
1067722,High
641205,Medium
892946,Low
1385728,Low
1380297,Medium
785219,Medium
1275582,Low
2136734,Medium
1890968,High
1261811,Medium
1845280,Medium
1664743,Medium
1124943,High
188735,Low
809254,Medium
108087,Low
51541,High
2006109,Medium
407595,Medium
2103307,Medium
700236,Low
598550,High
1698209,Medium
120078,Low
1028588,High
1831250,Low
586194,Low
365234,Medium
2054558,High
2032352,Medium
48960,Low
1324885,Medium
2094176,Medium
324892,Low
608793,High
152325,Low
2009416,Low
877183,Medium
1624769,Medium
2134701,Medium
1399789,Medium
2232316,Low
484841,High
1082239,Medium
565657,High
1989734,Medium
452698,High
1569596,High
605354,High
1082992,Medium
1552455,Low
1010398,Low
1503446,High
1989037,High
2316349,Medium
1021385,High
703518,Low
2269075,High
1946946,Medium
200092,Medium
253371,High
566778,Medium
389489,High
1244732,Medium
1884542,Low
1131572,High
697704,High
2158533,High
1306814,High
1879409,High
561979,High
1502771,High
807942,High
76113,Medium
204548,High
101857,Medium
2300377,High
445193,High
319410,Low
2014503,High
170635,High
1313279,Low
2067963,Low
1591322,Medium
1699546,High
486093,Medium
1956872,Medium
1371921,Medium
306078,Medium
2235063,High
2027375,High
1088158,Low
1032656,High
888803,Medium
2055820,Medium
1993604,Medium
48465,Medium
2217008,Medium
1341631,High
1101736,High
1197561,High
579566,Medium
1117182,Low
2066991,High
1687214,Low
1200584,Medium
1078115,Medium
618668,Medium
535065,Low
1257600,Low
2267426,Low
1350024,Low
2176038,High
859278,Low
1283494,High
2005452,Medium
551019,High
2280716,High
646660,Medium
2257685,High
964997,Medium
988038,Low
662949,High
1327658,High
2280204,Medium
1349915,Low
285610,Low
1102730,High
468691,High
1790056,High
1976106,High
616943,High
1173481,Low
1959771,Low
372831,Low
538269,High
833946,Medium
499109,High
290242,High
691201,Medium
1689054,Low
1943910,Medium
1662163,High
91004,Low
56058,High
1065337,High
535530,High
685145,Medium
207185,High
108733,Low
1138992,Medium
1810462,High
2250194,High
385707,High
622872,High
1058715,Medium
2054404,High
147940,High
1251590,High
1546616,Medium
937024,Medium
1551230,Medium
1493661,Low
434616,Low
2182817,Medium
375270,Low
2302715,Medium
898858,Low
1977149,High
950076,Medium
362647,High
201458,High
2000837,Medium
1847150,High
979429,Low
178,High
532764,Low
1557856,Low
940422,High
4961,Medium
304782,Low
2153254,Medium
1561608,Low
670975,High
253672,High
1504241,High
1910422,Medium
868623,High
1055541,Low
2007909,High
1035789,Medium
2147962,High
1689168,Medium
1697512,Medium
795088,High
458741,High
427108,High
2318295,High
1271444,High
1553806,Low
1731324,High
595190,High
1213880,Medium
2296382,High
1796201,Medium
583655,High
355525,Low
2057855,Low
645777,High
1142894,Low
1149269,High
102852,Low
996818,High
867471,High
1228840,High
1307639,High
1693517,Medium
357163,High
527567,Medium
541222,Medium
1961874,High
1004091,Low
749989,Medium
139908,High
2161117,Low
1888288,Medium
600941,High
310689,Low
105473,High
141011,High
1276872,High
1060154,Low
328986,Medium
956133,High
1449829,Low
1136813,Low
678363,Medium
2107696,Medium
29910,High
1404789,High
1516316,High
1447175,High
2316392,High
1731596,High
1989634,Medium
1394834,Medium
882473,High
2130052,Medium
1116085,High
577445,High
1765178,Medium
527525,Medium
341403,High
2136594,Low
1063254,Medium
1194291,Low
758207,Low
448633,High
1354649,Medium
1486049,Medium
1822204,Medium
1179649,High
1692932,Medium
1354740,Low
2066355,Medium
2298282,Medium
1305590,High
171629,High
1031541,High
781828,Low
2054021,High
790297,Medium
1441903,High
854774,Low
280175,Medium
1594009,Medium
1939255,High
1190789,Medium
828055,High
2262719,Low
1268408,Low
987347,High
238609,Medium
1251914,Medium
153106,Low
1635567,Medium
903250,Medium
1130824,Medium
293764,High
511830,Medium
286266,High
1853438,High
1181102,Medium
234542,Low
1516243,Medium
1544196,Medium
279005,Low
2253676,High
1898788,Medium
255924,High
411316,Medium
717307,Low
1332287,Medium
2045687,High
259484,Medium
181315,Low
919105,Medium
861211,High
85944,Medium
1213684,High
1264046,High
1400363,Medium
1446369,Low
1466759,Medium
1675274,High
1104956,High
1376735,High
916112,High
42614,Low
301098,Medium
1248991,Medium
2266406,High
1623007,High
1552332,Low
733164,Low
2202054,High
1080124,Medium
270698,Medium
1120479,High
22187,Medium
73235,High
645189,High
32125,Medium
547091,Medium
365625,Medium
1573688,High
1140548,Low
1254431,Medium
959545,Medium
1614110,High
1966101,High
1918723,High
1798906,High
40136,Medium
2047045,High
423033,Medium
189921,Medium
697808,Medium
828344,Medium
957505,High
1930492,Medium
1917142,Low
1623727,High
1804521,High
1433022,High
600202,Medium
1112666,Low
1695582,Medium
1785674,Low
506701,Low
731376,High
1875505,Low
996423,Medium
2320288,High
1741354,Low
2105459,Medium
305433,Medium
1845397,Medium
534172,High
1326946,Low
1288023,Medium
1917730,High
568190,High
1190819,Low
887033,Medium
2144657,Medium
671315,Low
1997029,High
92409,High
472334,High
392834,Medium
940718,Medium
116667,High
269903,High
1571093,High
1658511,High
1932797,High
31663,High
223910,High
1837161,Low
2296945,High
1069900,High
648089,Medium
2043701,Low
1306387,High
1470254,Low
1151285,High
1909978,Medium
1592789,Low
361264,High
685877,Medium
307747,High
1562773,Medium
355892,Low
2155837,Low
1747887,Medium
743476,High
732473,High
1371293,High
1055162,Medium
24637,Low
2143526,Low
756498,Low
678598,Medium
1417535,High
1447004,High
644614,High
1554476,Low
122548,High
1578525,High
1111102,Medium
1525825,High
258867,High
1594412,Medium
281676,Low
1914201,High
1645869,Medium
900865,High
1053798,Medium
1162392,Medium
1566469,Low
1932181,High
424575,Low
1344320,Low
1749657,High
1953223,High
1487069,Low
408494,Low
1950094,Low
963877,Low
2290866,Low
2190603,High
121805,Low
405350,Low
1161293,Low
1004157,High
834846,High
1966503,High
1608108,Medium
1699934,Low
2105487,High
952795,Low
1446366,Medium
630888,Low
2113676,Low
1073605,Low
583549,Medium
544195,High
96643,High
2313697,Medium
860035,High
1642200,Medium
550283,Medium
1607535,Medium
43523,Medium
307719,High
892111,High
1598588,Low
2156407,Medium
1601442,Medium
1521246,Low
1383284,Low
1129463,Medium
904645,Medium
1098861,Low
1460056,Medium
673811,Medium
907243,Low
2305932,Medium
1027837,Medium
155402,Low
2242168,High
125925,Low
675898,Low
1838066,Low
1054246,Medium
2126898,Medium
528356,Medium
70963,Low
767885,Medium
1620074,Low
2183311,Low
2197862,High
1033636,Medium
613436,High
698829,Low
1883917,Low
1628596,Low
874366,Medium
1248931,Medium
57725,Medium
707228,High
454081,Low
304683,Medium
1125328,High
1994564,Low
1077448,Low
354029,High
1214964,Low
1371307,Low
384199,Low
1152925,Low
402436,Medium
334976,Low
1469135,Low
1630010,Medium
2079104,Medium
487702,Low
1521591,Medium
807571,Low
1574582,Low
1517550,High
734574,Low
38525,Low
1352556,Medium
538264,Medium
507229,Medium
300304,High
5257,High
1798168,High
488994,Medium
1498035,Medium
925080,Low
2157436,Medium
480838,High
39906,High
2311358,High
270647,Medium
1004562,Medium
649071,High
2297752,Medium
1051242,Low
2214031,Medium
404304,High
2029058,Low
1450760,High
2030262,High
1803397,Medium
440352,Medium
226850,High
65375,Low
118232,Medium
823864,High
1569871,Medium
1153216,High
339931,Medium
1719881,Medium
1052945,High
1106175,Low
669527,Low
71329,Low
827292,High
2258015,Medium
1681431,Medium
1314736,Low
719647,High
1823647,Medium
987175,Medium
502126,Low
1909620,Medium
1014512,Medium
2275843,Medium
1667527,Low
1752682,Medium
1251074,Low
2314927,Low
1079244,Low
664665,High
1183734,High
367514,Low
1473971,High
562031,Medium
1859937,Medium
1523963,Medium
1212324,Low
454842,Medium
1418648,Medium
1624547,High
714436,High
826197,Low
2178769,Low
271255,High
1583900,Low
936633,Medium
135664,Medium
422352,High
821977,Low
325709,High
1086390,High
1930616,Low
2103473,High
1964975,High
772559,Medium
214983,Low
2191157,Low
12151,Medium
913639,Medium
381988,Low
2151388,Medium
1287179,High
2134267,Medium
284433,Low
1404912,High
617177,High
1610240,High
1009833,Low
1508043,Medium
1560748,High
591868,Medium
1632037,Low
683690,High
1030141,Low
998316,Medium
1737566,Low
1460195,High
565737,High
1066194,Low
2164737,Low
1902400,Medium
1934491,Medium
2240580,Low
2248819,High
1982009,High
1093984,High
1932458,Low
958670,High
211806,Medium
273216,High
1896203,Low
2141215,Medium
739862,High
1263781,High
313601,Medium
987551,High
66270,Medium
1160114,Medium
1294412,Medium
1240701,Medium
1237096,Medium
1481496,Low
36692,High
2290156,High
2257464,High
440972,Medium
332724,Low
1975933,Medium
518255,Medium
730400,Low
702369,High
2236064,High
2313303,Low
2260800,Medium
772958,Medium
734877,Medium
1888688,Low
955297,Low
2210513,Medium
605372,High
418038,Low
1858804,Low
2084536,Low
887626,Low
2028473,High
529056,Low
1211868,Low
94051,Medium
1989213,Medium
1617680,Medium
2013521,Low
987866,Low
1300693,Low
1585999,Medium
1612428,Medium
2092416,Medium
1807370,Medium
1541873,Low
1654033,Medium
1931691,Low
768945,High
983769,Medium
531101,Medium
1335965,Low
1750679,Medium
1768779,Low
1966341,High
961147,Low
665190,Medium
1471075,Medium
1670467,Medium
1593198,High
1829610,High
65405,High
1803113,High
727767,High
719981,Low
1165584,High
1803828,High
458945,Low
1761678,Low
616229,Low
1206748,High
2126951,Low
2117933,Medium
1756029,Medium
282444,High
1423375,Medium
2259216,Low
41238,High
1169005,Low
963818,High
2161331,Low
78227,Low
162284,High
893243,Low
467268,Low
1421652,Low
1139842,High
1103840,High
914818,Medium
2142176,Medium
115449,High
602842,Medium
1082117,High
1087754,Medium
1526928,Medium
1048051,Low
679195,High
411708,Low
1228185,Medium
2292861,High
933341,Medium
194919,Low
1461228,High
1548171,Medium
1631128,Medium
1329024,Medium
511460,Medium
940003,Medium
1722903,Medium
444454,Medium
1505790,Medium
1204601,Low
989174,Medium
2015741,High
911303,Medium
693665,Low
419150,Low
241211,Low
2076227,High
1826393,Medium
2092024,Medium
2322175,Low
657643,Medium
1511951,Medium
1357515,Low
168439,Low
2125403,Low
820985,Low
232262,Low
552658,Medium
161442,High
718063,High
1532062,High
2198812,High
1585141,Low
241051,High
2020951,High
1944002,Medium
2179132,Low
1882284,Medium
1635904,Medium
1097952,High
209269,High
506283,High
548344,High
45758,High
1417161,Low
1615471,High
1015872,Medium
189297,Medium
1419089,Low
2088784,Medium
51285,Medium
2322342,Low
2270222,High
547106,High
1604353,Medium
994976,Low
353165,Low
180674,Low
313486,High
1765725,High
1746879,Medium
1511043,Medium
1311782,Medium
1945444,Medium
1761507,Low
1873789,Medium
1378605,Medium
1164536,High
284005,Medium
2245264,Low
700716,High
2063930,High
870662,Low
502747,High
1659339,Medium
622826,High
1131316,High
2225198,Medium
482679,Low
982258,High
1372548,High
148384,High
1745317,Low
1123823,High
1352913,High
1695033,Medium
2319536,Medium
770751,Low
1437034,High
431234,Medium
242928,High
1459912,Low
2047154,High
826066,High
1859947,High
663825,Medium
464000,High
300327,Medium
1696085,Medium
1319909,Medium
2300393,Low
579689,Medium
1479658,High
658397,Low
1627883,Low
1134725,Low
986782,High
410009,High
2070640,Medium
277723,Medium
1856121,Medium
652574,High
2143677,High
1256165,High
1805509,Medium
651425,Medium
2276258,Low
933950,Low
794508,High
1270830,Medium
850861,High
515297,Medium
2045748,Low
1339860,High
674425,Medium
1807796,Medium
1187164,Medium
2021586,High
1324442,High
2090354,High
1331275,Low
348511,Medium
765498,Low
549369,Medium
1752441,Low
1052408,Low
3877,Medium
371711,High
268647,Low
579357,Medium
258221,Low
521266,Medium
900360,Low
335398,Medium
108543,Medium
1884516,High
329469,Low
490409,High
2153185,Medium
1187022,Medium
538418,Low
2099454,Medium
2172019,High
2115907,Medium
1425180,Low
2088472,Medium
746395,Medium
1621329,High
1810981,High
1027723,Medium
1272209,Medium
700448,Medium
967732,Low
1839089,Low
1818833,Medium
1390977,Medium
2057043,Medium
1951849,High
652087,High
1579349,High
1538915,Low
1565701,Medium
671183,High
1204731,Medium
128410,Low
55016,High
2205695,High
912689,High
131040,High
815628,High
117355,Low
399283,High
2040091,Medium
85570,Medium
665154,High
1245417,Low
768229,High
1007850,Low
1844552,High
2196836,Low
995907,Medium
1919780,Medium
1467539,Low
1044423,High
1454828,High
2326658,High
15145,Medium
403130,High
1528278,High
502677,High
899589,High
1981825,High
1082138,High
744248,Low
485811,Low
311067,High
1874986,Low
2108194,Medium
1341229,Low
1735036,Medium
2002567,Low
116063,Medium
1039670,High
2076669,Low
36577,High
370116,Medium
1669884,Low
940095,High
1162389,Medium
383145,Low
1797390,High
2042546,High
37869,Medium
142116,Medium
1105361,High
2216046,Low
1247391,Low
1734201,Low
2106158,Medium
495976,Medium
547830,Low
2070808,High
841137,High
755091,High
139511,Medium
1758851,Medium
820082,Low
644874,Medium
1731602,High
389480,Low
1756303,High
1385993,Low
26930,Medium
1003336,High
1997247,Medium
136261,Medium
2298078,Medium
2185565,Medium
1203700,Medium
2091523,High
181798,Medium
1036905,Medium
1797220,Medium
967956,High
398724,Medium
1894577,High
439148,Medium
2164664,Medium
1657179,High
1547039,Medium
1808457,High
127783,Medium
637335,Low
321259,Low
1243079,Medium
966864,High
1814310,Medium
1047433,Medium
334384,High
1266607,Medium
301538,Medium
2153149,High
1638586,Low
464024,Medium
67496,Low
1071746,Low
2261447,High
1157347,Medium
1042738,Medium
2271939,Medium
1310777,Medium
891522,Medium
1655422,High
969774,Low
1638274,Medium
1588548,High
1242932,High
943714,High
2214339,High
2021436,Medium
1506945,Low
715937,Medium
1923302,High
2003984,High
2170244,Low
1486966,Medium
1455985,Medium
1283791,High
446466,Low
455806,High
229097,High
390316,High
1446140,Low
881392,High
1928765,Low
217571,Low
191465,High
1012937,High
2291148,Medium
975259,Medium
370418,High
2115411,Low
1362190,Medium
1756438,High
1300483,Medium
445735,High
501988,Low
1048427,High
670480,High
1056345,Low
1431258,Medium
2240399,High
1157731,Low
731593,High
1455829,Medium
254395,High
2176624,Medium
1552523,Medium
778871,Medium
732413,High
1394532,Medium
341888,Low
1996324,Medium
603245,Low
2045963,Low
1353981,High
1471627,Medium
1725067,Low
65603,High
293798,Low
1757906,High
1223832,Medium
694456,High
1251306,Medium
818699,Medium
2239549,Low
1806828,High
216359,High
1533321,Medium
2227416,Low
1757851,High
242705,Medium
389738,Low
1473743,Low
103570,High
2150069,High
805155,Medium
1317852,Medium
1738329,High
2270487,Low
1053836,Medium
2276937,Medium
1687142,High
1905764,High
844441,Medium
1645491,Medium
1663742,Medium
873147,High
661140,Low
1810228,Medium
23906,High
1313681,Medium
20192,Low
16666,High
1777286,Medium
1098820,Medium
2104040,Low
541421,High
990480,Medium
833393,Low
150419,Medium
360479,High
2186033,Medium
1950293,Low
1488585,Medium
2085005,Medium
2151279,Medium
1810582,Low
1567606,Low
2118987,High
521258,Low
1892748,Low
927101,High
437074,Medium
448234,Low
2086322,Medium
1125545,High
1438073,High
1835942,Low
1472511,Medium
1805883,High
187797,High
940144,Medium
1745753,Low
2125624,High
1498499,High
109229,Low
310867,High
1712785,Medium
1706148,Low
1771092,Medium
1755306,Low
166262,High
1712294,Low
1145839,Low
1602995,High
1931633,High
754817,High
1006119,High
854394,Medium
1287241,Low
1251458,Medium
908113,High
2190644,Medium
2021955,High
268935,High
2052795,Medium
2151870,High
209217,Medium
1378173,Medium
727159,Low
102431,Medium
323113,High
1729494,High
1163468,High
2248694,Medium
1667271,Low
351126,High
1258226,Medium
1176790,High
93177,Medium
133668,Low
1280990,High
1491677,High
123882,Low
523272,Low
2131380,Medium
403818,Low
1567626,High
968843,Low
1406051,Medium
957251,Low
2069276,High
1439668,Low
598821,Low
2008417,Medium
55231,Medium
1204806,High
742459,Low
2095003,Medium
599829,Medium
2040844,High
2241755,High
832561,Low
1883729,Low
36634,High
889167,Medium
1132874,High
1906823,Low
1795274,Low
865290,Medium
1412004,High
322319,Medium
1022822,High
857234,High
349028,Low
368167,Low
1170266,High
481914,Medium
1595931,Low
1645653,High
1575521,High
848100,Low
1812083,Medium
1993095,Medium
1867069,High
201281,Medium
1557794,High
25779,Low
1548096,High
997591,High
1820736,Medium
1464140,High
2164213,Medium
152970,High
1580221,Medium
2050782,Medium
1793190,High
310344,High
492763,Low
1315623,High
2209495,High
1422425,High
819229,Medium
343225,High
282405,Medium
1715140,High
9510,Low
1785058,High
851133,Low
2114457,Medium
2105135,Low
1572572,High
475448,High
927459,Medium
1526132,High
437721,Low
861643,Medium
2187881,Medium
951300,Medium
918617,High
1857857,Medium
688555,Medium
588410,Low
2193991,Low
225304,Medium
2264421,Medium
391002,Medium
1470470,Low
4527,High
2296339,High
1498200,High
1362026,Low
2225532,Low
1424341,High
381831,Medium
861530,High
1117083,Low
1220099,High
995002,High
2243429,High
346073,High
528610,Medium
22386,Low
1056242,High
1634124,High
1878440,Medium
451233,Medium
891750,High
815846,Medium
2144141,High
1177849,High
688306,Low
255823,Low
223340,Medium
2252841,High
810894,Medium
2261904,Medium
820851,Medium
1441885,High
765458,High
849146,High
570301,High
248945,Medium
223492,High
511198,Medium
234120,High
250890,High
1379778,Low
337183,Medium
2160247,High
357951,Medium
582649,High
607504,High
618695,Medium
342643,High
267020,Medium
2194539,Medium
588748,High
252451,High
170419,High
1343610,Medium
456925,Low
2034446,Medium
818099,Low
1583329,High
46918,Low
193472,Medium
2073989,High
313365,High
428996,Medium
883823,High
1959957,Low
2124345,Medium
249774,Low
639619,High
589074,Low
2015748,High
905709,High
994124,High
616428,Low
193314,Medium
717410,High
1034117,Medium
1883469,Low
2230633,Medium
466707,Medium
118224,High
1879618,Medium
1359002,Medium
445288,Medium
2143957,Medium
222175,High
1710654,Low
571401,Medium
1049146,High
589806,Medium
1637686,Medium
1116153,High
2312106,High
554058,Low
1322615,High
1730255,Medium
533951,High
1769852,Medium
1421600,Low
2052478,High
729510,High
580817,Medium
473303,High
2030709,High
1037139,High
2222890,Medium
379087,Medium
1873269,High
566293,Low
677825,Medium
782775,Medium
1665104,Medium
569883,High
1973096,Medium
616148,Low
2322467,Medium
1902382,High
859000,Low
1118914,Medium
418157,Medium
1201529,High
1334916,Low
805716,Medium
1648735,High
1835405,High
1970220,Low
1030174,High
790726,Medium
1292361,Medium
1587276,Medium
964011,Medium
945768,High
364034,Low
243799,High
2180735,Medium
2279221,Medium
2061774,Medium
1449802,Medium
2294493,Low
1974956,Low
1089948,Medium
758680,High
1696373,Medium
1670126,Medium
1537865,Medium
1762439,Medium
315415,Medium
2061621,High
765747,Medium
2166566,High
493961,High
92932,High
490254,High
704005,High
1417965,High
97678,Medium
319875,High
1962539,High
546608,Low
2096986,High
799934,Medium
934934,Medium
1929278,High
560687,High
1491160,High
2305664,Medium
1467384,High
1223033,Medium
200791,Low
829258,Medium
569741,High
1806947,Medium
1172534,Medium
753992,Low
1044092,High
585261,High
2303113,Medium
1019445,Low
324075,High
1186890,High
164797,Low
2139054,High
189575,Medium
715045,Medium
113939,Medium
2013649,Medium
1436129,Medium
871457,Low
580883,Medium
1670327,High
1170668,High
273539,Medium
362163,Medium
1670674,Medium
546148,Medium
2212009,Medium
1989138,High
567547,Medium
842787,Low
677880,High
2308513,Medium
1331338,High
1037797,High
170856,Low
1530527,Medium
729481,High
2099087,Low
1550639,High
15982,Low
2139140,Medium
1104388,Low
1425782,High
598755,High
2175341,High
1048103,Medium
665178,High
1287871,Low
697301,Low
565351,Medium
1868627,Medium
1337910,Medium
1604009,High
866529,High
1468459,High
1531214,High
1732586,Low
693221,High
1517960,High
1372582,High
568549,High
2249297,High
353897,Low
1073183,Medium
448558,High
1323825,Medium
103796,Low
356031,Medium
2047122,Medium
345961,High
2186962,Medium
1137218,Medium
1980125,Low
34473,Low
2015138,Low
72896,High
1001644,Medium
509649,High
1273799,High
91388,High
617712,Medium
254255,Medium
1428842,High
322113,High
2102686,High
1547103,Low
125737,High
1157435,Low
1207079,Medium
50057,Low
1832691,High
1648822,High
1908367,Medium
2032510,Medium
271729,High
657473,Medium
1488264,High
207228,Medium
2044418,Low
1988548,Medium
926924,Medium
615671,Medium
1814494,Medium
1910687,Low
525279,Medium
270720,Low
1709425,Medium
1577775,Low
342685,Low
2093883,Medium
1703322,High
788908,High
1258466,Medium
1776718,High
313394,Medium
1419370,High
1845136,Medium
1074759,Medium
35546,High
2125454,Low
1496503,Low
2164645,Medium
1279791,Medium
758476,High
1933836,Medium
438659,High
391218,Medium
1072253,Medium
883979,Medium
1390931,High
1683098,Medium
1268347,High
431202,High
1270161,Medium
2016703,Low
1586300,Medium
592797,Medium
930508,Medium
1975915,Medium
608106,Low
148572,Medium
619516,Low
1505847,Medium
1269160,High
1728289,High
1680060,High
905828,Medium
662761,Medium
720286,Medium
2033831,Low
1019076,Medium
1304515,High
1555235,Low
819733,High
1071726,Medium
1304513,Medium
23108,Low
1907107,Medium
63687,High
2161652,High
1574670,Low
1798830,High
1730374,Low
1283960,High
658910,High
739150,High
609809,Medium
129449,High
575953,High
1793504,High
2161296,Medium
1130655,Low
1333260,Medium
2069474,High
1382029,High
1676346,Medium
2063630,Medium
697434,Low
232349,High
788341,High
1813095,Low
867425,High
429098,Medium
1077935,Low
563940,Medium
1753500,Low
343155,Low
789830,High
430164,Medium
526647,High
1609632,Low
549551,Medium
1377829,High
451195,Low
1694329,Medium
996407,High
1284028,High
1857525,Low
577518,Low
1897857,Medium
965704,Medium
813284,High
86135,Medium
612826,High
1268191,Medium
11557,Medium
1572579,Medium
366654,Medium
2171669,High
939355,High
3926,Low
1487497,Low
1533302,Medium
1528539,Medium
767409,Medium
1436432,Low
745464,Medium
1136219,Low
1670700,High
907292,Medium
1110782,Medium
639164,Medium
1000355,High
2035496,Medium
2319230,Medium
2324877,Low
602509,Low
571187,High
39646,Low
186581,Low
1654312,Low
1528871,Medium
518125,High
2086635,Low
1563538,High
330313,High
742629,High
2265575,Medium
1766705,High
164148,Medium
905157,High
1702702,Low
268753,Medium
1728281,Medium
605852,Medium
2227306,Medium
583392,High
1169874,Medium
1425026,High
1087763,Low
200381,High
84858,Medium
2326756,Low
2285505,Low
1455015,Medium
2298369,Medium
523612,High
375475,Low
720125,High
984125,Medium
1160753,High
973514,Low
1077141,High
1465968,High
60488,Medium
1667875,High
20641,Medium
1483945,High
1058915,Low
1049958,Medium
1351351,High
82353,Medium
1635884,Medium
2021823,Low
1393950,High
2174325,Low
1683273,High
297010,Medium
1907621,Medium
708940,Medium
1776045,Medium
1858612,High
31213,High
1987873,Medium
1379594,Medium
1329708,Medium
585093,High
1516202,Low
2323941,Low
1031821,Low
1374425,Low
598780,Medium
741919,Medium
1644180,Low
2231405,High
177537,High
77386,High
1517633,Medium
418582,Low
312820,High
713450,Medium
2069551,Low
1249747,High
1052268,High
697347,High
1634218,Medium
2128160,Medium
1203917,Medium
1440477,High
1199669,Low
1847285,Low
1585198,High
1799603,High
1553515,Medium
324808,Low
2291731,Low
909121,Low
2259370,High
741018,Medium
537826,High
1833652,Low
2183005,High
1228923,Medium
193228,Medium
503280,High
2169709,Medium
1300393,Low
401066,High
288671,High
1247929,Medium
1406731,Low
29726,Medium
163352,Low
165767,High
453788,Low
1456882,Low
724974,Medium
1809027,High
987878,High
990469,High
378777,Low
1876474,Medium
1977560,Low
1830492,Medium
231637,High
1057211,Low
1777506,Medium
1444653,Medium
594113,High
724693,Medium
1409721,Medium
2282817,Medium
25915,Medium
121370,Medium
882498,Medium
477121,Medium
287487,High
2307438,High
1128125,Medium
1509898,Low
2252648,Low
464972,Medium
495092,Medium
1000817,Medium
922423,Medium
1293930,Medium
387505,High
1465199,Low
748192,High
349094,High
1505351,High
1700530,High
2108077,High
593571,Medium
1908146,Medium
1265102,Low
420954,Low
635783,Low
134681,Medium
159159,Medium
1395655,High
139408,High
676063,Medium
409232,Medium
978710,Medium
2048564,Medium
1886929,High
2278336,Medium
1126944,Low
1526055,High
628500,Low
1988485,High
1585432,High
150230,High
860214,Low
864599,Low
1828541,High
1728522,High
767350,Medium
729755,High
1952558,Medium
1699515,Low
2188001,Medium
999198,Medium
923067,Low
334300,Medium
1103751,High
1042780,Medium
649151,High
2099335,High
1751010,High
1570262,Medium
949940,High
91300,Low
527214,Medium
946897,Low
189036,Low
1864594,Medium
1821881,Medium
1386677,Medium
2315414,Medium
912303,Low
1257312,Low
725185,Low
1240840,Low
169530,Low
963088,Low
2153916,Medium
1403990,Medium
2284374,Low
2020846,Medium
2025975,High
1895557,Medium
1927428,Medium
54337,High
1027011,High
838693,High
1649445,High
727878,Medium
1650415,Medium
267450,Medium
390810,High
818458,Medium
1031414,High
1245972,Medium
1569507,Medium
1340605,Medium
2280424,Medium
322298,High
874219,Low
1317218,High
1737184,High
1454654,Low
854733,High
2013141,Low
1583898,High
717877,Medium
158365,Low
1202832,Medium
533398,High
1499993,High
1687482,Low
203892,Medium
1753803,High
1266035,Low
1973572,Low
956131,Low
450561,Medium
2136093,High
1875245,Medium
1318687,Low
224650,High
1920961,High
322685,High
891355,High
1275342,Low
2184415,High
1767866,Medium
461994,Medium
1877269,Medium
654512,Low
35082,Medium
188749,High
2147210,Low
964375,Low
1560325,High
2031499,Medium
570323,High
11292,Medium
1980351,High
367375,Medium
1991719,Medium
1487525,High
1462713,Medium
371057,High
2155072,High
1897021,Low
2202845,High
1663453,High
1325183,Medium
227454,High
1579768,Medium
1504293,High
1798517,High
2013600,High
810977,Medium
857584,High
905167,Medium
154201,Medium
1707795,Medium
1068017,High
847307,High
1642374,High
1744069,Low
925460,Low
1062032,Medium
2128045,Medium
2119531,Medium
245515,High
1885678,Low
615034,Medium
1583074,High
1759850,Medium
485174,Medium
825997,Medium
67921,Medium
979818,Medium
216611,Medium
1158245,Medium
673423,High
815874,High
1702293,High
671692,Medium
1007306,High
297272,Medium
1571253,High
1989100,Medium
1235496,High
2325090,High
1708198,Low
2204306,High
1182398,Low
1210348,High
455272,High
1983858,Low
1250570,Medium
903208,Low
1742251,Medium
2221994,Low
1054538,High
257699,High
878349,High
203504,Low
1565721,Low
1960551,Medium
933674,Low
1174194,High
283473,Low
102440,Low
350709,High
1399710,High
1986273,High
231065,Low
1819773,Low
1738177,Medium
1188628,Medium
2277337,Low
448383,Medium
784921,Low
1515989,High
63620,High
594822,Medium
742778,High
1212537,Medium
1098821,High
874735,Low
1739380,High
2015651,Medium
1186796,Medium
2179426,High
490903,Medium
695909,Low
521226,Low
233603,Low
1908772,Medium
794209,High
1220066,High
719346,Low
1984216,Medium
2125313,High
1519715,Low
670246,High
1165920,Low
205077,Medium
1163862,Low
1016654,High
613365,High
429657,High
1940907,Medium
211052,Low
922087,Low
1681478,High
1574642,Medium
711962,High
86389,Medium
2044494,Medium
2249265,Medium
708110,Medium
1399273,High
507724,Low
2011365,Low
421802,Low
2203879,High
1037302,Low
80669,Low
2153117,Low
118833,Medium
1650154,Low
1550347,Medium
679708,High
529832,Medium
1959288,Low
83991,Low
1984804,Medium
841013,Medium
851944,Low
330610,High
1705377,High
2079677,Medium
1186687,Medium
1817128,Low
1577816,High
1651098,High
2279674,Low
1071785,Medium
1456896,Low
1676371,High
1724467,High
468637,Medium
408349,High
1698437,Medium
1367396,Medium
402429,High
690348,High
896026,Low
1845440,Medium
213043,High
1220425,High
483632,Low
1909495,High
1586587,High
2090407,Medium
2203343,Medium
2080069,High
796544,High
713122,Low
1677545,Low
2055677,Low
1337588,Medium
1220556,Medium
765475,High
2204748,High
2090782,High
2203577,Low
546256,Low
2199110,High
461183,Low
1639266,Medium
1169133,Medium
951464,High
862283,High
2220303,Medium
437643,Medium
1532261,Low
1807028,High
2165787,Low
1192913,Low
1609994,Low
271846,Low
2290816,High
776577,Medium
1573197,Medium
1254519,High
999549,High
1214620,Medium
825608,Medium
1689106,Low
1634351,High
2150708,High
114120,Medium
569786,Low
1674943,Medium
1548308,Medium
1195832,High
2226506,Medium
312442,Low
23832,High
2114607,Medium
1282946,Medium
2261040,Medium
2323153,Medium
266961,High
1086663,Low
2189846,Low
1890750,Low
1421635,High
1465309,Medium
1359754,High
128930,High
600615,High
2223734,Medium
1327243,Medium
853703,Medium
1261464,High
1589736,Medium
2172363,Medium
673525,High
1382269,Medium
1152972,Low
35468,Medium
1859256,Low
977062,High
2305725,Medium
818403,Medium
421592,High
1425170,Medium
24945,Medium
625027,Low
1766300,Medium
1253128,High
2212884,Medium
2128353,High
1403195,Medium
859999,Low
1613721,Low
1384628,Low
1233595,High
2195231,High
961255,Low
785012,High
897234,High
83911,High
1949200,High
566447,High
734281,Medium
874152,Low
1289517,Low
1283759,High
1294200,Medium
1566633,Low
1930524,Medium
721018,Medium
452845,High
2023919,Low
922242,Medium
1812052,Medium
1320201,High
533010,Medium
1828685,High
1799711,Medium
2046326,High
419020,Low
1186334,High
376446,Medium
610582,High
298540,Medium
1053428,High
208749,Low
1859259,Low
1017865,High
1256726,Medium
154929,Medium
2039088,Medium
145285,Low
1021602,Low
1315551,Low
2317070,Medium
135632,Low
969483,Low
1724362,Medium
2089234,High
1219316,Medium
303040,High
1111578,Low
1375930,High
1506987,High
1265164,Low
183815,High
835927,Low
1816719,Low
910999,Medium
775519,Low
910280,High
1259813,Low
233728,Low
2171895,High
390879,High
86379,High
2281778,Medium
406567,Low
1275649,Medium
991461,Low
1711141,Medium
1127404,Medium
1357432,Medium
1547861,Low
602993,High
893361,High
108079,Low
1273837,Medium
1458663,High
1771937,Low
1764052,Low
1590110,Medium
1128067,High
411106,Medium
1888776,High
1566429,Medium
1631497,Medium
1797491,High
250194,Medium
1056215,High
2069316,Low
234650,High
331775,Low
151362,High
2237060,Low
573463,Low
794825,High
2268170,Medium
131556,High
1782449,Medium
437644,High
1341371,Low
2290368,Medium
772235,Medium
601462,Low
683365,Medium
158576,Low
1858949,Medium
800148,Medium
98723,Low
487429,High
1046784,Medium
315313,Medium
1006908,Medium
2209554,Low
919512,High
1750304,High
1859414,Low
1979756,Medium
1629979,Low
1715289,Medium
1780372,Medium
187478,High
153119,High
279283,High
2129410,Medium
2192321,Low
1809657,Medium
163826,Medium
569921,Medium
651814,High
929784,High
1081733,High
2110049,High
1701914,Medium
27777,Medium
1979104,Medium
305929,Low
1485448,Low
2006221,Low
1585889,High
1138885,Medium
473700,Low
1711036,Low
573069,Medium
1538611,Low
1094857,Medium
506636,Low
195729,Low
1806574,Medium
2177818,Medium
1668520,High
224678,Medium
1163999,Medium
857147,Low
21194,High
797432,High
1250389,Low
1683119,Medium
1798986,High
114315,High
532432,High
2227545,Low
672443,Medium
1078251,Medium
140297,Low
1151681,High
161423,Low
1569927,Medium
585864,Low
1063531,Medium
541253,High
752469,Medium
508149,High
1646312,Low
947997,High
465564,High
1988369,High
1073327,Low
601525,Medium
951708,Medium
888766,Low
1999839,Medium
1438406,High
575267,Low
774599,Medium
231077,High
1690632,Low
152381,High
1844216,High
2301355,Medium
539358,High
2136380,High
549479,Medium
1128744,High
1694046,Low
1563200,High
2311734,Medium
1170775,High
1076356,High
407269,High
304629,High
1829181,Medium
728572,Medium
1295448,High
320452,Low
346051,Low
1107062,Medium
337598,Low
1403226,Medium
1293155,High
1130162,Medium
2007776,Medium
390324,Medium
1910244,High
1717921,Medium
956353,High
761533,High
1368191,Low
2068847,High
783122,Low
925722,Medium
1945224,Medium
356418,Medium
37653,Medium
576593,Medium
2282863,Low
54394,Medium
1379451,Medium
1465836,Low
2141333,Low
1585119,Medium
273642,Medium
888182,High
690173,High
960889,Medium
1446585,High
1873691,High
564907,High
1583097,Low
16206,Medium
1157508,Medium
1646681,Low
1980684,Low
756448,High
457903,Medium
21560,Medium
287554,High
1055334,High
489956,Medium
2069937,Low
88680,High
1482217,High
967099,High
1705985,Low
2111354,High
597587,Low
1501546,Low
2116486,Medium
1955512,High
813453,Medium
282836,Medium
1059100,High
763250,Low
1064665,High
1476553,High
1143841,High
1260863,Low
1895720,High
315690,Low
2001281,Medium
919500,Low
2050950,Medium
793741,High
59918,Low
947529,Medium
2064738,Medium
814071,Low
2221101,Low
34948,High
927740,Low
1455079,Low
1435623,Low
2129126,Low
1564725,Medium
443431,Medium
831329,Medium
2191795,Medium
237741,High
467053,Medium
447641,Medium
88897,Medium
2261488,High
489475,Medium
546686,High
1809655,Medium
1734523,Low
29716,Medium
743830,Low
2317927,Low
21298,Medium
1476243,High
1377700,Low
1953644,Low
849338,Medium
1993266,High
233063,Medium
1774416,Medium
828180,High
2016972,Medium
1579927,Medium
2083326,Medium
1941244,Low
453779,High
1910622,High
1804935,High
265261,Low
1273702,Medium
1981508,Medium
1526584,Low
2266105,High
1021135,High
651627,Low
1880990,High
555473,Medium
1138136,Low
2215626,High
652664,Low
686397,Medium
820463,High
47012,Medium
1601461,Medium
1526348,High
1323332,Medium
644353,High
1740384,Medium
309807,Medium
1048836,Medium
503156,High
99909,Medium
754990,High
1657057,Medium
917903,Medium
1626549,High
986163,Medium
499834,Medium
1140962,Medium
1167211,Low
1158925,High
333471,Low
1573705,Medium
2294331,Low
225195,Low
1344732,High
1774694,High
1911507,High
357731,High
870664,Low
363613,High
2320660,High
1126824,Low
2206003,Medium
1222371,High
71059,High
1765892,High
244240,Low
2106314,Low
1516831,Medium
1750169,Low
2096793,High
228275,High
300291,Medium
2177030,Low
736768,Low
2092049,Low
1240114,High
2257304,Medium
1552335,Medium
1466301,Medium
307804,Medium
1129939,Medium
1805428,Low
1401813,High
1614068,High
552565,Low
458394,High
1978193,Medium
10353,High
1398699,High
1299246,Medium
380802,High
1816994,Low
1485547,High
652783,High
1495855,High
591875,High
615066,High
74878,High
1195578,Medium
994882,Medium
100514,Medium
1938257,High
166061,Low
1210363,Medium
1738411,High
1806094,Medium
1577717,Low
1914927,Low
1535907,Low
325239,Medium
642215,Low
617492,Low
1289606,High
2215921,Low
2130789,High
1715678,Medium
778731,High
1963072,High
877252,Medium
1267325,Medium
2119941,Medium
503233,Low
1686391,Medium
1608830,Medium
2259769,Medium
2089453,High
1143,Low
1146011,Medium
1860169,High
2289360,Low
1579025,Low
1672034,Low
135998,High
586770,High
1826301,Medium
256950,Medium
702220,High
400055,Medium
2185408,Medium
1330837,Medium
387013,Medium
722665,Low
1756431,Medium
458170,High
243302,Medium
1794106,Low
551085,High
2127966,Medium
1745415,Low
1896145,Low
1707137,High
623633,Low
43916,High
1941937,Medium
2099257,Medium
789994,High
92986,Low
1124392,High
725825,Low
1364345,Medium
30308,Low
998032,High
1284209,High
1878021,High
1990151,Low
2322460,Medium
197280,High
601351,Medium
1283438,High
1700721,High
1774773,Low
735078,High
274461,Low
1090823,Low
1776272,Low
2062909,High
1847107,Low
2012349,High
2030834,Medium
259736,Medium
357110,High
1077834,Medium
1726209,Medium
2311389,High
937585,Medium
2127325,High
811138,Medium
794507,Medium
1353570,Medium
1249051,Medium
2260064,Low
28446,Low
2046525,High
1476338,Medium
2292161,Low
1042635,Medium
569973,High
1934703,Low
603457,High
1013189,Medium
2082142,Medium
2097699,High
1681526,High
85627,Low
1251769,High
1423539,Low
1565145,Medium
2105829,High
2131431,Medium
1636793,High
39048,High
252907,Low
56660,Medium
2034306,Low
1278403,High
237583,Medium
1337602,Medium
2024628,Medium
163547,Medium
1136143,Low
239414,Medium
898829,Medium
614355,Medium
426463,Low
582131,Low
1347912,Low
2154097,Medium
2084921,Low
584518,Medium
466601,Medium
438246,High
249307,High
192141,Medium
2250077,Low
2228602,Medium
979526,Low
994670,High
2261844,High
97574,Low
1582115,High
1419676,Low
370967,Medium
1509877,Medium
1484487,High
1204453,Low
1817109,Low
1422580,Medium
914943,Low
863947,Low
107344,Medium
2247329,Low
1259453,Medium
1034980,High
1476345,High
546989,High
1263538,Medium
708896,Medium
401491,High
958826,Low
2253973,Medium
1200367,High
2143114,High
2278563,High
6794,Low
1140771,Low
1377485,High
583935,Low
2208699,High
847328,Medium
1513725,High
315005,High
302733,High
236391,Low
1544364,Medium
1551649,Medium
1681676,Medium
19802,Medium
2051327,High
1208940,Low
1018653,Medium
707292,High
1908318,High
1149273,High
572643,Medium
479486,High
174820,High
113719,High
1908268,Medium
383689,High
1750305,High
517775,High
298892,Low
1563245,High
1566642,Medium
264995,Medium
1832630,Low
1164498,High
1416618,High
1268837,Low
577115,Low
1286553,High
875250,Medium
1020633,Medium
1970814,High
2108083,Medium
2185481,High
977441,High
148123,Low
1406228,High
1143062,High
1882324,Low
1427846,High
1146180,Low
2295703,Medium
228624,High
1090973,Low
1032560,High
1746703,Low
647906,Low
286230,Medium
983289,Medium
1877190,High
2326038,High
1455741,Medium
365815,Low
2060102,Medium
2112736,Medium
2079755,Low
2010738,High
693581,Low
1042512,Low
1163716,Medium
539829,High
167884,Medium
587801,High
1407006,Medium
1935935,High
2092395,Medium
1738127,Medium
312854,Medium
1730730,Low
1098209,Medium
1309328,High
631084,Medium
131183,Medium
766710,Medium
958894,Medium
742680,Low
976085,High
25345,High
763671,Medium
394806,Low
1957604,High
1316144,Medium
1881498,Low
1157189,Medium
1926189,Medium
1577159,Medium
1972027,Low
1330800,High
828075,Medium
2030338,Medium
543039,Low
421912,High
2265877,Medium
814962,Low
556815,Medium
901579,Low
2102708,High
486803,High
1922631,High
1977543,Low
1744312,High
970061,Low
2062524,Low
983171,Medium
395903,High
1731664,Low
1213561,Low
67371,Low
36338,Medium
683084,High
933731,Low
412309,High
877936,High
1892210,Low
1212064,Low
1635651,Low
928673,Medium
2045104,Low
1358265,High
922712,High
185060,High
927833,High
1870443,High
797134,High
2187010,Low
1905683,High
1856464,High
1614924,High
792880,Medium
554873,High
1748361,High
919892,High
338214,Medium
1339361,High
2286140,Medium
869667,Low
1104507,Medium
2218736,Medium
306312,Low
2302581,Medium
1598477,Medium
821719,Medium
834458,Medium
1288278,High
601751,High
735440,Low
1998187,High
323116,Low
93893,Medium
1599559,Low
2224455,Low
978955,Medium
431676,Medium
145157,Low
1904406,High
1988145,High
2136270,Low
1551510,High
1785455,Medium
855243,Medium
1452088,Low
1783019,Low
436602,Medium
561462,Medium
1873076,High
594458,High
847928,Medium
646918,High
1309397,High
1040744,Medium
2228191,High
380984,High
1836974,High
530315,Medium
64386,Low
753208,Low
1462830,Low
1125659,High
1112682,Low
1188363,Medium
679856,High
1948389,Medium
197751,Low
1729847,Low
297399,High
199686,Medium
2267452,High
1160951,Low
343128,Medium
1431598,High
658514,Medium
1067898,High
1973516,Medium
1165998,High
1917727,High
870102,Medium
1979769,Medium
1219682,Low
1113140,High
572289,High
2107703,Medium
1619864,Low
1100424,High
1572354,Low
560332,Medium
696223,Low
442831,High
504977,Low
453618,High
408186,Medium
1425585,Medium
2078216,Low
618792,High
759992,High
1312504,Medium
1007562,Medium
94459,Medium
623794,High
1791064,Medium
168299,Low
450045,Medium
577387,High
191711,Medium
429437,High
105183,Low
1418897,Medium
470946,High
755213,High
1154070,High
1849411,Medium
870927,High
972324,Medium
1318466,High
1352987,Medium
1042383,Low
1488569,Medium
891476,Low
1376897,Low
909158,High
1419195,Low
1941838,Medium
746213,High
1966817,High
382994,Medium
1758492,Medium
1420440,Low
242067,High
532028,Medium
279267,Low
1838102,Medium
2128314,Low
1963449,Low
240082,Medium
177031,Medium
2106153,High
1041859,High
2311837,High
2014825,Low
997400,Low
2317422,Low
1225809,Medium
1734849,High
488439,Low
1047680,Low
292735,Low
692511,Low
1126349,Medium
1453257,Low
160410,Medium
1954279,Medium
1328931,Medium
1336953,High
1518870,Low
986903,Low
539129,Low
254242,Medium
1472676,Low
1517933,High
1231262,Low
617680,High
90210,Medium
2140851,Low
197371,Medium
1481332,Low
278563,High
142013,Medium
191022,Medium
879737,Medium
134472,High
1169145,Low
480057,High
972301,High
746821,Medium
614635,Medium
1072166,High
1975934,High
1839233,Medium
215285,Medium
688026,Medium
2248236,Low
1370447,Low
1438156,High
229930,High
29372,Medium
690619,High
1582387,High
18992,Low
737030,Medium
1894289,Low
1635548,Medium
2050545,High
932553,Low
1063452,Low
1774731,Low
1400076,Medium
2114898,Medium
1907140,High
1229871,Medium
1555449,Medium
860295,High
942370,High
946739,High
330867,Low
918598,High
855889,Low
2319455,High
441751,High
2222275,Low
826075,Low
175579,Medium
1633626,High
26693,High
624027,Medium
2307781,Medium
1340932,Medium
1483430,High
1731064,Medium
1243580,Low
1481510,High
553497,High
1871910,High
1648478,High
518253,Low
1104972,Medium
584444,High
1813963,High
505537,Low
537732,High
12113,High
31594,Low
1474498,Medium
762589,Medium
476212,High
1651430,Low
1410951,Low
566783,Medium
1395337,High
1006420,High
665295,High
1013556,Medium
1281313,Medium
912939,High
1702424,Medium
2154651,Medium
1863450,Medium
1480633,Low
756829,Medium
1182776,Medium
527348,Medium
1720618,Low
40114,Low
223915,Medium
1388771,Medium
1751849,Medium
1008272,Low
388860,Low
2299312,Low
772746,High
298140,Medium
1957818,Low
1359015,High
822187,Medium
1161827,High
1799803,High
839403,High
2064762,Medium
2014840,High
1306168,Medium
1671210,Low
260924,Low
1896863,High
989321,High
1333724,Low
89943,High
508492,Medium
979562,Medium
208134,Low
1893607,Low
670421,High
957872,Medium
448451,Low
1410973,Medium
485002,Medium
165778,Medium
1398690,Low
337944,High
2290516,High
1006810,High
248935,Low
249294,High
342443,Low
1393871,Low
1775843,Medium
231210,High
1856923,Low
1875725,High
539941,Low
1514486,Medium
15608,High
679586,High
1044728,Medium
688440,High
926880,Medium
1130361,Medium
1300053,Low
2251357,Low
703679,High
955588,High
32983,Medium
1003694,Low
1454614,High
1785269,Low
53767,Low
1117330,Medium
1398374,Medium
1323134,High
1836556,Medium
577511,High
735955,High
294067,Medium
192950,High
96599,High
299011,High
991939,High
1731164,High
1309153,Low
640611,High
1397277,High
2078799,Medium
1400310,Medium
735644,Low
370829,High
2094010,Medium
776412,Low
1862721,Low
1650913,Medium
1370198,Low
2105039,Low
1789137,Medium
1944929,Medium
1712252,High
2315468,Low
960981,Low
94579,High
2112746,Medium
465383,High
1336445,Low
2109597,High
2134373,High
1766084,Medium
1285740,Low
1479044,Low
1347017,Low
1986153,Low
1241743,Medium
2196640,Low
751533,Medium
70052,Medium
2320125,High
511170,High
2291134,Medium
756777,High
1184696,Medium
319876,Low
1876538,Medium
1345998,Medium
1675468,Medium
283017,Medium
1137483,Medium
804473,Medium
1587337,High
690222,High
2129624,Medium
1674690,High
195318,Low
1838072,High
1672036,Medium
20989,Medium
1435971,Low
771589,Medium
1403538,High
1491218,High
1153294,High
1200286,Low
1377463,High
487236,High
542066,High
280851,High
1644238,Low
1136242,High
2237119,Low
335458,Low
806512,Medium
1815859,Low
377036,Medium
241375,High
986478,High
551157,Low
918840,Low
1939637,High
207052,High
710559,High
2094338,High
366040,High
1011347,High
399571,Low
120777,Medium
955537,Medium
1055872,Medium
1494826,Medium
1639327,Medium
1692123,High
957260,High
110001,Medium
1276878,High
32471,Medium
686026,High
348953,Medium
142081,Medium
2022473,Low
94275,High
544514,High
1124078,Medium
205462,Low
1503716,Low
1650836,Low
1917541,Medium
463573,Low
360445,High
825960,Low
697561,Low
2298374,Medium
1119238,Medium
990309,Medium
158210,High
447721,Medium
674127,Medium
809972,High
1104123,Low
2207147,Medium
545403,High
500128,High
911227,Medium
381829,Medium
1303731,Low
1175365,High
302431,Medium
526311,High
2168918,Medium
738957,Medium
679385,High
1288612,Medium
128986,Low
420222,Low
444413,Low
617003,Medium
333918,High
726520,High
538070,Medium
600166,Low
2179856,High
353239,Medium
1263221,High
1101227,Medium
1726189,Low
1791858,Medium
1337902,High
47470,Medium
949646,Medium
2036079,Medium
2118254,High
1301988,Low
1621870,Medium
898375,Medium
1083378,Medium
1570956,Medium
1461141,Medium
1652809,Low
850059,Medium
140103,Low
92807,Medium
1198412,High
1967869,High
634275,Low
1368151,Low
1849585,Medium
1433139,Low
236591,Medium
1600477,Medium
343625,Medium
851900,Medium
502455,High
1963641,High
1804044,Low
904174,Low
1654178,Medium
1868357,Low
1403759,Low
815242,Medium
1803207,Medium
94394,Medium
1933609,Medium
1463068,Low
2211723,Medium
1111521,Medium
2102744,Low
1026850,Medium
274869,High
836025,High
1818719,High
493246,Low
981360,Low
137855,High
1018293,Low
1220151,High
2169701,Low
521435,Low
708943,Medium
480480,High
1155305,Medium
993290,Low
635498,High
807388,High
576411,Medium
71933,Low
891611,High
1669992,Medium
1727230,High
351973,High
890401,Medium
1432928,Low
2231394,High
37047,Low
1494041,Low
2012447,Low
2149734,High
1537474,High
851194,Medium
143224,Medium
176250,Low
2206665,High
2047642,High
1054767,Low
2123886,Low
1866595,Medium
1055300,Medium
1631518,Medium
1483669,Medium
49948,Low
140656,High
1118049,Medium
348707,High
1029152,High
389444,Medium
2309609,High
1323480,Medium
2245788,High
887516,Low
171880,High
1642124,Low
2215027,Low
1511493,Medium
1402312,High
1223270,High
1126496,Medium
810239,High
1894051,Medium
1084827,Medium
1901239,Medium
2138835,Medium
94890,High
916605,Low
421348,High
739082,Medium
1956745,Medium
1266595,Medium
127813,Medium
1726147,Medium
2174840,Medium
1315889,High
1528968,High
1475083,Medium
617698,Medium
752406,Medium
1471038,High
1017503,Low
404723,Medium
678315,Medium
1909661,Low
1834817,Low
1532827,High
1504357,High
364691,Medium
1079554,High
1219352,High
360314,Low
1305513,Medium
856717,Low
1251310,Medium
1776662,Low
1526461,High
239041,Low
2239034,Low
2277625,Low
1927871,Medium
1974521,Low
1384573,Medium
2015253,Medium
922843,High
775128,Low
1092492,Medium
582230,High
151285,Medium
2033772,Medium
2119077,Medium
2156820,Low
1445897,Low
2122221,Medium
1964752,Low
1688845,Low
1472321,Low
890407,Medium
2133572,Medium
1105551,Medium
140335,Medium
1499233,Medium
760223,High
642886,High
185015,Medium
2201747,Medium
1857402,Medium
1168863,Medium
21403,High
1613662,Medium
952392,Medium
342544,High
48739,High
214950,Medium
78132,Medium
1926851,Medium
911129,Medium
2271011,Medium
356194,Low
1537489,Low
539455,Medium
1828212,Low
1860244,Low
1339356,High
2263077,Low
1207505,Low
251110,Low
527656,High
1730744,Low
2289327,Low
1404637,Medium
1605067,Low
566057,Low
1956343,Medium
136245,Medium
1705871,Low
641591,Medium
1665082,High
1822475,Medium
1594734,Low
884626,Medium
2072288,Low
1393103,Medium
1544215,High
873112,High
294547,Medium
2025170,High
135166,Low
1719362,Medium
1350574,High
631641,High
778382,Medium
237165,High
191858,High
1062717,High
788628,Medium
2149170,Medium
203828,High
2154476,Low
2051235,Low
1751402,Low
713250,Low
744784,Low
123614,Medium
1075484,Medium
1441608,High
331400,Medium
1006082,Low
254671,Low
469809,Medium
1711052,Medium
458996,Medium
1269313,Low
1375115,High
323046,Low
1027267,Medium
1141090,Medium
1774001,High
1692306,Low
2030579,Low
1222482,High
102279,Medium
149226,High
1199855,High
788302,Medium
2112917,Low
40198,High
1802608,High
652486,Low
2094172,Low
669813,Medium
669832,High
2134952,Medium
88547,High
94886,Medium
1404944,Low
1717522,High
552492,High
1061723,High
707040,Low
2158347,Low
1404276,High
821383,Low
1429202,Low
991557,Medium
798982,High
398503,High
2317187,High
571877,Medium
960580,High
178321,High
1664106,High
308992,Low
788992,High
709135,Low
1901612,High
1574774,Low
2307003,High
838737,Low
816532,Low
1014702,Low
27096,Medium
1875348,Low
1497692,Medium
1953605,Medium
2002474,Medium
1036215,Medium
15369,Low
446692,High
518107,High
1347977,Medium
23430,Low
407640,High
1355236,Low
658637,High
462937,High
920884,Medium
250645,High
302901,High
1262175,Medium
436452,Medium
2140681,Medium
693470,Medium
1480470,Low
1559155,Low
1598328,Medium
2002130,Medium
544186,High
1046257,Medium
543129,Medium
601475,Low
260280,Medium
2138832,Medium
1472571,High
1086374,Medium
684669,High
834096,High
507748,High
687019,Medium
508263,Medium
1387092,High
961757,High
1270557,Medium
1439646,High
198621,High
72446,Medium
1748726,Low
324897,High
1565962,Medium
1718227,Medium
1448526,Medium
1354665,Medium
1581378,Medium
2042098,High
901874,Medium
2054030,High
63614,Medium
1331932,Low
912367,Low
1576131,Medium
1404519,High
1703783,Medium
908196,High
2085866,Low
2131295,Medium
397647,Medium
1418698,Medium
41396,High
643248,Low
689705,High
1519136,High
1287955,Low
1909465,High
114972,High
1172657,Low
266895,Medium
265869,High
60846,Low
270280,Medium
295185,Medium
1132029,Medium
1974264,High
1725257,High
1165159,Low
2316018,Low
1991350,High
229673,High
1107669,High
1451687,Low
742086,High
149076,Medium
858932,Low
1849042,High
961965,Medium
201642,Medium
2174232,High
873245,Low
353861,High
881074,High
201868,High
2246420,Medium
1034262,Medium
1258019,High
1855013,Medium
542349,Medium
2022331,High
593885,Low
330248,Low
2197384,Low
928108,Medium
1309144,Low
2267784,Medium
2096800,Low
292719,High
1781267,High
1568859,Low
138155,Medium
2147418,Medium
639463,High
803921,Medium
148141,High
720582,Medium
365141,High
560463,High
2092189,High
138656,Medium
251717,Medium
1784036,Low
1700929,Medium
1810787,Medium
1923308,Low
92911,High
250447,Low
1577897,Medium
259489,Medium
1248086,High
970710,High
1063192,Medium
1264540,Medium
1959820,High
117751,High
186392,Low
1380194,Low
1084587,High
1339460,High
1393907,Medium
520138,Low
27415,High
138399,High
2312967,High
215367,High
1279615,High
1386117,Low
607981,High
210921,High
1543296,High
1871092,Medium
465152,High
612249,Medium
2057801,High
223280,Medium
912915,Medium
1397380,Medium
1554321,Low
100328,High
1715412,High
1409935,Medium
190578,Low
1693279,High
698306,Low
1290935,Medium
1416323,Medium
1167558,Low
798001,Low
1612675,Low
832805,Medium
1738275,Medium
1269124,Low
1792305,Low
1828156,High
599622,Low
2004949,Medium
1593667,High
1908617,High
2295008,High
3273,Medium
95086,Medium
1343026,High
2226125,High
335052,Medium
2283179,High
1905443,Medium
853351,High
541702,Low
1643853,Low
185530,High
1441513,High
598536,High
1819318,Medium
609856,High
2087371,High
686545,Medium
1280143,Medium
176909,Medium
541817,High
1204247,Low
159509,Low
180660,High
1422287,Medium
847941,High
2004202,Low
2026658,High
307527,Low
9190,High
541509,High
1481927,Medium
643324,High
1064185,High
1048586,High
1409058,Medium
913586,Medium
252063,Medium
455604,Medium
454925,High
514460,Medium
1802560,High
894832,Medium
1922392,Low
778150,High
2163435,High
2034937,Medium
103268,Medium
853030,High
945830,High
2189493,Low
1229631,Low
1215396,Medium
1160511,Medium
1875597,Low
115037,Medium
313441,High
1399109,Medium
1097187,High
991494,Medium
1314478,Medium
122589,High
1571584,Medium
1089287,High
1045619,Low
1974402,High
1761086,Medium
1190043,High
978214,Low
1536213,High
396182,Medium
2004425,High
1876738,Medium
1976180,High
1125127,High
532736,Medium
239097,Medium
2183218,High
917580,Low
1273394,High
960392,High
1910181,Medium
1632813,Medium
1884187,Medium
734657,Medium
375922,High
1847232,High
1371373,High
1555822,Medium
1944185,Low
371203,Medium
1762961,High
841393,Medium
261508,High
1591050,High
1354553,Medium
1688598,High
1826689,Medium
653176,Medium
477976,High
1936673,Low
1015246,Medium
1136954,Medium
1683881,High
1251128,Medium
468757,Medium
583928,Low
1696697,Low
2129657,Low
1561895,Medium
1339649,Low
2148687,High
1911852,Medium
559540,Medium
1391520,Medium
2207708,High
879907,Medium
1412579,Low
1004955,Low
2197482,High
2261690,High
581581,High
1095046,Medium
1386671,Medium
2184763,High
1928502,Medium
1647538,Medium
592076,High
534982,High
67998,High
1629413,High
237843,Medium
184673,Medium
784432,Low
475814,High
1135410,Low
2114493,Low
796755,Medium
209643,High
2265590,Medium
1982241,Medium
1866363,High
98929,High
376194,Low
543963,High
753758,High
1453246,Medium
268341,Low
242883,Medium
138445,Medium
138588,Medium
1991087,High
2234073,Medium
1815612,High
1145041,High
770389,Low
326770,Low
2085565,Medium
2277197,High
995441,Medium
1695763,Low
350667,Medium
1573151,Medium
587249,Medium
507334,High
1146919,High
838602,Medium
1830552,High
1277455,Medium
1110464,High
1458611,High
1523449,Medium
1104215,Low
505877,Low
1700735,High
362963,Medium
925293,Low
1759485,Medium
1816665,Low
1470402,Low
545650,High
230297,High
1036893,High
1365761,Low
1729108,Medium
339020,Medium
353313,Medium
2134825,Medium
785292,High
1683550,Medium
1322498,Low
622435,Medium
74792,High
1325223,High
280736,Medium
778268,High
319189,Medium
104518,Low
56597,Medium
2288520,Low
616482,Medium
634604,Low
41894,Low
732844,Low
1461553,Medium
193428,Low
1266300,Low
454801,Medium
1897074,Medium
1547551,Low
1177636,Medium
429750,Low
566724,High
494052,High
145464,Medium
1519888,High
2211235,Medium
1740232,Medium
1020259,High
1695997,High
194304,High
1130250,Low
2156454,Low
479515,Medium
1444462,Low
1429312,Low
1189540,Low
547909,Medium
823096,Low
1684442,Medium
100335,Medium
1757360,Medium
752430,Medium
559040,Medium
1589251,Low
2021975,Medium
1038209,High
1930273,High
1908471,Medium
58118,Medium
1052080,Medium
1234885,Medium
1130746,Low
305204,Low
2219991,Medium
1457311,High
1672345,High
878895,Low
1384814,Low
2154676,High
1825457,Low
2154242,Medium
393576,High
612103,High
56087,Medium
2225442,Medium
328602,Medium
1837667,Low
1309087,Medium
1049060,Low
408911,High
40635,High
1013275,Medium
1410407,Medium
1085205,Medium
889009,Low
723414,High
280209,Medium
2090641,Low
1048330,Medium
2130253,Low
1062626,High
219690,High
73680,Medium
910946,Medium
2265601,High
72146,Low
1537017,High
503191,Medium
838324,High
2016990,Low
1622423,Low
836837,High
1395291,High
115837,Medium
2138273,High
297669,Medium
1949255,Medium
975136,Low
1216580,Medium
1737351,Low
415836,Low
645289,Low
614479,Low
1620891,Low
277187,Low
963282,Low
821385,Medium
494882,Medium
1382415,Low
1479079,High
894110,Low
676472,High
972639,Medium
766743,Low
927352,Medium
1749526,Low
1688112,Medium
1209235,High
1956385,Low
929628,High
19115,Low
1056027,High
695839,High
627862,High
887026,Low
2099830,High
934922,High
870882,Medium
1964683,High
270507,Medium
691460,High
375528,Medium
264950,Medium
1910664,Medium
1347327,High
1192601,High
692841,Medium
41060,Low
2314668,Medium
239366,Medium
1077927,Low
847824,Low
1525637,Low
1074658,Medium
2240488,Medium
2245222,Low
1074091,High
1403159,Medium
2033023,Low
1666802,Low
36465,Medium
1324385,Low
1824700,Medium
1639688,Medium
1362077,Medium
1118613,High
1171868,Medium
1914362,High
2131091,Low
504966,High
2184254,High
1664702,Low
396076,Low
1236066,Medium
1186283,High
1344219,Low
1548964,High
884002,Low
907787,Low
1518744,High
774230,Medium
1797506,High
1241827,Low
2291517,Low
79179,Medium
707164,Low
279343,Medium
1691126,High
811482,Medium
2319254,High
559753,High
262929,Low
525035,Low
245241,Low
752990,Low
2315286,Medium
1097058,Medium
488636,High
500335,Medium
391124,Medium
2261888,Medium
216968,Medium
1611823,Medium
1928570,Low
2155963,Medium
2277299,Medium
1090573,High
6019,Medium
1327457,Low
806546,High
26553,High
60062,Low
1108591,High
605131,High
529691,Medium
1572051,High
88914,Medium
1178209,High
1613497,High
2274213,Low
72226,Medium
1392035,Medium
1266045,Medium
1143261,Medium
1310173,High
665222,Low
1064380,Medium
431758,Low
783437,High
35579,Medium
1182560,Medium
2236567,Medium
2272600,Medium
2028232,Low
2031671,High
2266716,High
195978,Low
1055371,Medium
35383,High
1055723,High
1908249,Medium
116043,Medium
2065604,High
1925208,Medium
668467,High
1557114,High
480067,High
421204,High
1432975,High
1254808,High
871652,Low
35452,Low
1222501,Medium
220953,High
845825,High
297591,High
1652672,Low
188968,High
1891906,Medium
1097637,Medium
1482600,High
1198126,Medium
639977,Low
464175,High
1900841,Low
1354380,Medium
819662,High
2001207,High
2286974,High
2276240,Low
1709661,Low
1099956,Low
1211758,High
826610,Medium
257561,High
1204189,Medium
2190183,Medium
2098388,High
808080,Medium
298000,Low
2226126,High
1193007,Medium
897343,Low
152420,High
1950574,Medium
2250667,High
874305,Medium
1915427,High
2181166,Low
141793,High
2278850,Medium
2104088,Medium
1375445,High
1371813,Medium
561806,Low
1874902,High
1300091,High
338119,High
785376,Low
500542,High
1747625,Low
1737280,Low
372674,High
1625503,High
382509,High
2176078,Medium
891636,High
351475,Medium
1044647,Low
77392,Medium
960386,Medium
1398457,High
76331,Medium
2112133,Medium
170848,Medium
2290794,Low
306026,High
804059,Low
1573439,Low
2297122,High
2197581,Low
887663,Low
730747,Medium
452617,High
854657,Low
1534673,Medium
2094590,Medium
2306257,High
1207681,High
1803029,High
183716,Low
1600427,High
272274,High
856690,High
462243,Medium
76758,Medium
700639,High
1321650,Medium
1889769,Low
1460469,High
1693695,Medium
19380,Medium
2156293,Low
1649082,Medium
483010,High
1185366,Low
1034599,Low
1386022,Medium
1757820,High
616367,Medium
1993309,Low
408536,Medium
1785030,Medium
142871,High
1914085,High
1805333,Medium
983255,Medium
2021470,Low
689632,High
2080440,High
1361231,Low
50803,High
328174,High
1526361,Medium
1931204,Medium
534735,Low
1896091,Low
2134643,High
2073926,Medium
1931472,High
1493636,Medium
1103077,Medium
44564,Medium
1009501,High
2040904,Medium
447575,High
1945702,High
416146,Medium
1834886,Low
456598,Low
1813845,Medium
1144273,High
193097,Medium
378069,Medium
595569,Low
1902520,High
734056,Medium
1207225,Medium
661324,High
1596690,Low
1179661,Low
552662,High
346242,High
2104819,High
1023591,Low
1078220,High
2214402,Medium
2048468,High
406433,Medium
1551617,High
1834182,High
20244,High
12438,High
186701,Low
664030,Medium
1769358,Medium
2431,Low
814780,Low
2239076,Low
1633138,Low
1196249,High
2238309,Medium
1165263,Medium
398028,Low
664306,Medium
1570969,Low
1593725,High
393732,Medium
1216105,Medium
1860214,Medium
1271695,Medium
1768164,Low
1075426,High
1620211,High
584473,Medium
219770,Medium
986150,Medium
1164589,Low
1577613,Medium
817692,High
1554652,Low
1708968,Low
1495976,High
1891826,High
754256,High
123912,High
174084,Low
1984092,Medium
1948678,Medium
610076,Medium
1023468,Medium
919341,Medium
1584579,High
1491307,Medium
1809567,Low
411870,Medium
1121856,High
896940,Low
1173249,Low
276799,Medium
2185345,Medium
1085996,Medium
601691,High
1678177,Medium
967537,Medium
925012,High
1678972,High
1891035,Medium
1837254,Medium
2192563,Medium
2224040,Medium
1773453,Medium
1954676,Medium
1537515,Low
2078465,Low
1068723,High
179149,Low
717056,Medium
172148,High
287612,Low
1926336,Low
961128,Medium
1803081,Medium
2054420,High
200543,High
1936563,Medium
2282067,High
490324,Medium
1957684,Medium
1649758,Low
896954,Medium
2305735,Low
1607308,Medium
1071026,Low
1548025,Medium
246503,Low
1457532,High
2051674,Medium
286483,Medium
658305,Medium
813232,Medium
1942123,High
587514,Medium
1004593,Low
2107215,Medium
1646323,High
2030273,High
2261723,High
1089361,High
1154623,Medium
945170,Low
1742249,Medium
1091286,Low
125496,Medium
223345,High
1273508,Low
1753118,High
1433970,High
1011238,Medium
1578890,High
625134,Medium
988814,Low
1033768,Low
1672929,High
212262,High
250862,High
1403347,High
1459579,Medium
1802308,Medium
1152437,Medium
1341312,High
2248789,Medium
469346,Medium
761168,Medium
1561867,Medium
868084,Medium
1509330,Medium
918687,Medium
1701731,Medium
1494551,Low
1488933,High
2208281,Low
476534,High
809956,Low
834395,High
779280,Medium
329913,Low
2317566,High
2220250,Low
219534,Low
2149907,Low
1661627,Low
1811373,Medium
1004586,High
1647019,Low
2116621,Low
1721051,High
689478,Low
919078,High
1858909,Low
1281809,Medium
477210,Low
555543,High
1332030,Medium
418410,Medium
2026138,High
978043,Medium
453689,High
765941,High
1406392,High
1600921,Low
1657196,Low
851994,Medium
659173,Medium
728570,Medium
979099,Low
193230,High
307057,Medium
772388,Low
1602374,High
47193,Low
1853584,High
1660418,Medium
1992306,Low
156593,High
220542,Low
1199651,Low
907723,Medium
594981,Medium
1727211,Low
866975,Medium
1164624,Medium
2279637,High
1239211,Medium
1708566,Medium
266620,High
2116971,Medium
890857,Low
2282857,High
1329063,Medium
791858,High
1318213,Low
428735,High
2149219,High
720080,Low
1010777,Low
568003,Medium
1769682,Low
1972371,High
172730,Medium
174543,Medium
1695119,High
618404,High
2067523,Low
614412,Low
1554233,Medium
807911,Medium
1459212,High
1660146,Medium
2199932,Low
646042,High
617841,High
2056511,High
1834325,High
1930746,Medium
1036007,Medium
66564,High
1234624,Low
1255514,Medium
76809,Medium
1583324,High
1062729,Low
1099156,High
162536,Medium
1692554,Medium
383911,High
1324350,Low
493587,High
1301785,High
1277765,High
727629,Medium
518844,High
377590,High
701325,Low
1010004,Medium
1230171,High
2261494,High
560013,High
78938,Low
2282866,Low
164559,High
880336,High
2191325,High
121897,High
1096802,High
1172487,High
2155080,High
46383,Medium
1265926,High
509821,High
1133500,Medium
1256542,High
962134,Medium
1809746,Low
2188129,Low
2050757,Low
786803,Medium
1350680,Medium
1204858,Medium
1312545,High
223934,Low
1062020,Medium
1746105,Medium
677155,High
895,High
1154907,Low
617388,Medium
789034,High
1703409,High
1166251,Low
1872983,Low
2203632,High
2285316,Medium
432932,High
859093,Medium
1259951,Medium
2052238,High
991348,Medium
682119,Medium
1944999,High
2050431,Medium
896362,Low
1357339,High
123512,Medium
1104881,Low
1440185,Medium
2140959,Medium
2291694,Medium
1429470,High
2256114,Low
500621,High
771478,Medium
788496,Medium
1385490,Low
2225289,Medium
24516,High
1219224,Low
1879516,High
278342,Low
1929710,High
1289093,Medium
408285,Medium
1652469,High
2104165,High
1345202,Low
2280364,Medium
863355,Medium
244741,High
741179,Low
133300,High
1911517,High
120277,Low
1697661,High
899732,Medium
1587695,High
1998208,Medium
318290,Medium
598589,Low
1837503,Low
84327,Low
1768954,High
1321114,Medium
1867669,Low
1785380,Medium
571166,Medium
2295841,Low
616585,Low
506697,Low
303075,High
196741,Medium
365184,Low
984896,High
638335,High
71200,Medium
439242,High
1260352,High
1245042,High
565949,Low
1696117,Low
1786566,High
1822580,Medium
901417,Low
1278708,Medium
2184538,Medium
1530592,Low
1579163,Low
2037604,High
1911141,High
2155964,Medium
1212599,Medium
2307871,Medium
1100410,High
2139039,High
146353,High
434539,Low
675918,High
2214698,High
1346342,Medium
310415,High
24222,Medium
565951,Medium
791712,Medium
217186,Low
2095502,High
1394513,Medium
1904799,Low
568608,High
1057156,Low
391856,Medium
805827,High
2206239,Medium
723179,High
1717450,High
877660,High
393337,Medium
1264306,High
1781571,Low
993868,High
195634,High
2197453,Medium
255668,Medium
2024318,Low
1574475,Medium
1380468,Medium
236805,Low
606908,High
24204,Medium
1158510,High
2153171,Medium
2053535,Low
624014,High
1181384,Low
223981,High
1721490,High
10422,Low
243907,High
1869271,Medium
916365,Low
890037,Medium
305125,Low
818474,Low
691600,Low
955349,Low
101375,High
1424185,High
1680262,High
137287,High
1072197,Medium
1489635,Low
1029061,High
1345853,High
1164672,High
1064451,Medium
1492008,High
957296,High
44000,High
235727,Low
1865590,Low
1953408,High
450389,Medium
2249328,Medium
973621,Medium
600006,Low
334800,High
2173656,Medium
858816,Low
1231203,Low
2225823,High
509230,Medium
1918845,Medium
613256,Medium
473810,High
488185,Medium
430899,High
1118173,High
145161,High
1643652,High
1147795,Medium
251114,Medium
2307997,Low
1246786,High
179501,Medium
1985974,Low
1477309,Medium
1544479,Medium
767763,High
1841530,Low
985481,Medium
2253249,Low
1184790,Medium
1393243,Low
946259,High
486170,High
1601358,High
2146608,Medium
240124,High
2193813,Medium
1093733,Medium
1689209,Medium
1969032,Medium
1454301,High
336305,Low
2082646,Medium
194630,High
1736748,High
711582,High
1332837,Medium
197914,Medium
93790,Medium
113581,Medium
966459,High
1295563,Medium
2295149,High
2156570,Medium
1340934,Medium
175488,Medium
1755050,Medium
1859282,High
2169637,Low
411112,Low
702945,Low
45352,Medium
204429,High
367613,Low
1363475,Medium
1692498,High
1189186,High
1703194,Medium
1959943,High
216234,High
223303,High
833644,High
1563796,Low
187669,Low
1853432,Medium
141429,Low
806051,High
2310178,High
2195392,High
1329188,Low
1695789,Medium
539325,Medium
1657600,Low
486322,High
1503194,Medium
1049577,High
1181805,High
356781,Low
2288079,High
864328,Medium
442372,High
881421,Low
1617875,Medium
2277108,Medium
1991982,High
285397,Medium
1910864,Low
1047052,Medium
716959,High
1649819,Low
722062,Medium
1247657,High
429878,Medium
1776044,High
921637,Low
1822521,High
712040,Medium
2127213,High
915455,Medium
508969,Low
1808654,Medium
1759084,High
87869,High
1602254,Medium
1640589,High
1425193,Medium
29305,Medium
674982,Medium
94763,Low
1701818,Medium
2254397,Medium
862994,High
2105271,Low
750842,High
1480362,Medium
951042,Medium
1374591,High
1569153,High
1844637,High
2198686,Medium
508634,Medium
1300145,High
1906616,High
135161,Low
149932,Low
1204006,High
1097671,High
929745,Low
1268024,Low
2180187,High
1170170,High
996201,High
157067,Low
1641712,Low
1014193,Medium
1002277,Low
262405,Medium
1464386,Low
314160,High
471269,Medium
44110,Medium
1673997,Low
85827,High
199176,High
1228749,Medium
449008,Low
1862129,Medium
2086515,High
1138429,Medium
1781433,High
1825965,Low
1488795,Medium
1616522,High
1916670,Low
282973,High
1984876,Medium
658728,Medium
419393,Low
1171390,Medium
757916,High
2061240,High
217028,High
576344,Medium
788686,High
1914378,High
388149,Medium
1075840,Low
1685134,Medium
1970928,Low
1020347,Low
577440,Medium
804115,High
1539113,Low
188433,High
351215,Medium
1400445,Medium
1413934,High
1134865,Medium
672360,Medium
54689,Low
1884646,Low
1535301,High
345588,Medium
295274,Low
306853,Medium
232548,High
2123064,Medium
290914,Medium
1407687,Low
1001533,Medium
496305,High
1652172,Medium
1552707,Medium
719195,Low
1073875,Medium
2324847,Low
204386,Medium
746762,Medium
2056122,High
2187077,Low
414637,High
2278434,Low
1747966,High
1084763,Medium
1625348,High
1330101,Low
8112,Low
931862,High
2319163,High
1526216,High
2193471,High
1594861,High
345675,Low
322307,High
1035852,Medium
1566909,Medium
1910288,Low
96393,High
1737382,Medium
985138,High
1237143,High
1977813,High
2242282,Low
2166478,High
2023698,Low
1596753,Low
276134,Medium
1258967,Low
1731834,High
531517,High
2008849,Medium
2264535,Medium
1242025,High
2067611,Medium
1934059,High
32649,Medium
1678128,Medium
2210124,High
685354,Medium
1290990,High
1910208,High
1087142,Medium
772640,Medium
374588,Medium
70314,Medium
423017,Low
818350,Low
187039,Medium
1153628,Medium
645269,High
543805,Medium
1344139,Medium
1544676,Low
1582613,Low
1279882,Low
2101759,Medium
1054262,Medium
1349958,Medium
1036581,Medium
540003,Low
1470917,Low
1942415,Medium
24185,Medium
290708,Medium
655176,Medium
1222884,Medium
932110,Medium
2270066,Medium
1500825,Medium
1800760,Medium
2169860,Low
2321235,Medium
2195223,Low
561276,High
1712440,Low
6328,Low
1381962,High
1643338,Medium
704111,Low
983276,High
320754,Medium
1111872,Medium
1101839,Low
38994,Low
467496,Medium
1073679,Medium
1214376,Low
228452,Low
498731,Medium
774823,High
1231556,High
770702,High
198570,Medium
69301,Low
1907467,Medium
1689319,Medium
506942,High
1270474,High
1064068,High
1960831,Low
1815168,High
450111,Medium
434249,High
2149894,Medium
1474876,High
545704,Medium
1544333,Medium
2212310,Medium
1259445,Medium
941937,Medium
768014,High
1822084,Medium
576567,Medium
1652732,Medium
1549460,High
1553603,Medium
1564564,High
2734,High
29958,High
350336,Medium
2065356,Medium
99066,Low
379604,Low
964039,High
650538,Medium
983384,High
1919605,High
688462,Medium
2275441,Medium
1374847,High
1444606,High
504146,Low
726157,High
2229362,High
1724304,Medium
1163425,Medium
89494,High
988193,Medium
1051455,Medium
2198573,High
1463725,Low
972961,High
1015764,High
1097242,Low
675407,Medium
1383809,Low
145253,High
936889,Medium
1845039,Medium
1615014,Low
1854203,Medium
585744,Low
288148,High
1068640,High
1683279,Medium
1355109,Low
70900,Low
1697153,Medium
1843836,Low
2087792,High
2159565,High
52290,Low
1513880,Medium
1934061,Medium
158441,Medium
198276,High
270780,Medium
1702413,Medium
1204473,High
1704136,Medium
1522907,Medium
1489099,High
2095105,High
352733,High
366701,Low
625249,High
22597,High
985879,Medium
1255341,High
1607548,Medium
821003,High
1804917,Medium
132981,Medium
1922762,Medium
2263186,High
1523486,Medium
2272403,High
541142,Low
2241923,Low
235531,Medium
872145,Low
1566890,High
1542400,High
2036442,High
2207281,Medium
1758013,High
1045265,Low
1326106,Low
474058,Low
1382565,High
1496099,High
25276,High
1811879,Medium
2248027,Medium
2022612,Low
586166,High
2152242,Low
1673229,Medium
2164203,Low
277514,High
1506775,High
1557779,High
1080241,Low
1948019,Low
1596615,Medium
2044689,High
1836643,High
2261733,High
1940238,High
1756949,Medium
699474,Medium
1516585,Medium
2087489,Low
775796,High
485863,High
1237742,Medium
89593,High
1257682,Medium
2091915,Medium
419291,Medium
1114441,Medium
272948,Low
133353,Medium
1608945,Low
1498868,Low
2181032,High
1695946,High
806900,High
887772,High
2112112,Medium
1468235,Low
880881,Low
1722395,Medium
1492470,High
1541528,High
1040968,Low
875285,Medium
1826860,High
922179,High
1365487,High
2157840,Medium
14961,Medium
2151344,High
110181,High
1336115,High
2313543,High
1308142,High
2236383,Medium
142444,Low
1758162,Medium
802865,High
100678,Low
969645,High
2034653,High
58017,Medium
2090117,Low
1042657,Medium
52216,Medium
305497,High
1581422,Medium
1881533,Medium
1885577,Medium
96651,Low
2038988,High
588790,Medium
1368998,Medium
1403391,High
1938442,High
2009795,High
55105,Medium
1457953,High
630126,Low
574395,Medium
380256,High
913840,Medium
526133,High
1057057,Medium
1982263,Medium
1769476,Low
2108267,Medium
665540,Medium
177859,High
1171871,Low
7892,High
1732191,Low
1989174,Medium
1000782,Medium
965137,High
572765,Medium
1804704,Medium
602720,High
367877,High
427359,Low
606114,Low
2275398,Medium
907606,Low
1667816,Medium
345510,Low
2286873,High
1794539,Medium
42829,High
1660386,High
1587344,Medium
1707410,Low
1313770,High
2223442,Low
257925,Medium
1307437,Medium
2224592,Medium
302798,Medium
2038834,Low
843823,Medium
1394441,Low
180031,Medium
186790,High
1149392,High
1403453,Medium
339925,Low
2186984,Medium
1516551,Medium
1764217,Medium
1180216,Medium
1713661,High
1552766,Low
1266881,Low
661697,Low
643247,High
1248560,High
710160,High
1932642,Medium
1730231,Low
1868432,High
447904,Medium
2273372,Medium
1277750,Low
1582867,High
1489755,Medium
1536618,High
1645333,Medium
845154,Medium
1126490,Medium
712091,Low
142709,Medium
2248271,Medium
852463,High
1151223,High
1554216,Medium
623154,Low
1855193,Low
2299274,Medium
184549,Medium
537435,Low
862276,Medium
1663404,Low
902864,Medium
1664083,Medium
511070,High
90575,High
1014742,Medium
1293259,High
1590606,Low
271793,Low
447312,High
134900,High
671333,Medium
1088494,Low
281214,High
1323049,High
1537333,High
1065564,Low
2209280,Low
1635396,High
123656,Medium
2165339,Low
1905741,High
2203707,Low
1900444,High
183982,Medium
561487,Medium
1621351,High
967385,Medium
475951,High
134466,Medium
1549772,Medium
1954132,Low
740598,Medium
1907228,Low
1027792,Medium
2269508,Low
965295,Medium
2021529,High
1772046,Medium
551990,High
468320,High
1448772,Medium
1942949,Medium
2255963,Medium
577989,Low
72289,Low
2207112,High
1341239,High
556554,Low
31525,Low
2008198,Low
2043435,Low
1341460,High
350573,Medium
551731,Medium
883228,Medium
795856,High
982778,High
1610355,Low
217478,High
838309,High
922376,High
2105356,Low
1554407,Low
665433,High
762989,High
2139813,Medium
249116,High
2020402,High
448857,Medium
1305256,Medium
1179683,Low
296049,Medium
2192274,Medium
784018,Medium
1514368,Medium
877781,Low
618896,Medium
103470,High
648878,Medium
1754721,Medium
688216,Low
2122054,Low
551793,High
1664377,Low
2052887,Low
599562,Medium
346418,High
932358,Medium
420567,High
1085181,High
1709868,Medium
1945645,Medium
478168,High
389475,High
1838697,High
1132275,Low
195884,High
1706535,High
119091,High
16083,Low
1916910,Medium
953659,High
135103,Low
511421,Medium
1678303,Low
1821922,High
480102,High
1791440,Medium
385390,High
2073010,Medium
1259084,High
736084,High
60206,Low
2041297,Medium
116168,Medium
1927432,Low
633328,Medium
1265923,Medium
1814841,High
173608,High
526684,Medium
1737984,Low
624077,High
275680,Medium
933136,High
231758,Low
1500182,Medium
561557,High
816104,Medium
1068674,Medium
577783,Low
747358,Low
720401,Medium
1304549,Medium
2025670,High
213431,High
954943,Low
2225679,Medium
921445,Low
1190197,High
658675,High
39459,High
2049883,Medium
872256,Medium
180775,Low
2175469,Low
1821563,Low
2036734,High
1714041,Medium
1751322,Low
1773710,High
1209407,High
1270891,Medium
1773532,Low
921283,Medium
1388342,High
1848443,High
14523,Medium
2028431,High
339268,High
713673,Medium
708289,Medium
806003,High
582504,Medium
938944,High
1781677,High
1428850,Medium
1513388,Medium
1184692,High
1975129,Low
616488,High
269078,Low
1276609,Low
682002,Low
317083,Medium
1953632,Low
1935567,Medium
992862,Low
1248437,High
2044372,Medium
1422439,Low
879780,Low
272693,Medium
256915,High
415223,Medium
1492266,Medium
1213503,High
738701,High
2114060,Low
2270063,Medium
2301870,Medium
853708,Low
1515798,Medium
2263290,High
2235794,High
313178,Medium
736543,Medium
1119401,High
443638,High
390586,High
239095,Medium
1039224,High
1702035,Medium
1441031,High
1529593,High
742131,High
1670552,Medium
854847,High
901292,High
163374,Low
188065,High
67479,High
1533345,Low
1885432,Medium
2016569,High
787996,High
1272252,Medium
447273,Medium
1642643,Medium
676152,Medium
324280,High
1724044,Medium
1300620,Medium
303653,Medium
1084922,High
2018022,Medium
695765,High
1138119,Medium
1465370,High
778042,Low
2286485,Low
1649843,Medium
924573,Low
2308091,High
539237,Medium
1594694,High
1643906,Medium
2065272,High
1434524,Medium
26905,Low
1097014,High
682510,High
554013,High
2312979,High
1804074,Low
464597,High
404842,Medium
1077054,Low
1929016,Medium
1451340,Medium
1823340,High
859288,High
190904,High
1345582,High
1946708,Medium
561271,High
1968618,Medium
2062923,Medium
1274365,High
220458,Medium
1726794,Medium
668421,Medium
1620501,Low
1677258,High
599914,Medium
1317962,High
1807448,Medium
1949624,Low
2298340,Medium
447452,Medium
12339,Low
1124871,High
1884578,Medium
1755746,Low
39223,Medium
242613,Medium
1727530,Medium
1887163,Medium
1201753,High
1122853,Low
330839,Low
575643,High
1868770,High
51427,Low
1251102,High
101459,Medium
1925331,Medium
1935013,High
1890195,Medium
1866745,Medium
2068897,Medium
383068,Medium
1053373,High
957172,Low
1936776,Low
1240936,High
736548,High
1075829,Low
1136528,Low
474615,Low
2140391,High
792561,High
789480,High
2308433,Low
791319,Medium
1606423,Medium
2000149,High
1705175,High
71277,Medium
526859,Medium
608734,Medium
1126215,High
561339,High
1400380,High
1447759,High
1132711,Low
1787089,Medium
873388,Low
671916,Medium
1940156,High
948242,Medium
526608,High
2047953,High
1694709,Medium
832388,High
203323,Medium
1216628,Medium
1033573,High
1000640,Medium
2183601,Medium
2211102,Low
1913633,Medium
995240,Low
1160966,Medium
2171310,Medium
2267973,High
574564,Medium
2004897,High
154163,Low
1367536,High
2151858,High
664752,High
1310308,Medium
529840,Medium
68627,High
1599096,Low
1717606,High
774675,Medium
1822659,Medium
197601,High
1351330,High
776465,Low
1775364,High
855457,Medium
999014,High
1568429,High
1425536,High
764099,Medium
1990928,Low
37726,Low
428616,Medium
1047489,Medium
1371426,High
1129218,Medium
1807079,High
2235070,Medium
681724,Medium
1180060,High
820736,Medium
2101707,Low
623253,Medium
1230313,Medium
1657213,High
166897,High
1929703,High
1278141,Medium
240544,High
2289697,Medium
2021919,Medium
1461242,Medium
564133,High
292917,Medium
1703761,Medium
1296601,Medium
1062082,Low
1377506,Low
2142531,Low
2296715,Medium
2139065,Medium
2294477,Low
91595,Low
1369885,High
1998350,Medium
1408683,Low
901693,High
1047071,High
2233809,High
1556184,Medium
637309,Low
1555338,Medium
2037693,Medium
1378940,Medium
240581,Medium
391694,High
885451,Medium
1311586,High
733869,Medium
393681,Medium
1308693,Medium
299245,Medium
1947127,High
2110728,High
450924,Low
1222428,Low
242083,Medium
205667,High
633995,High
1193974,High
632104,Low
463944,Medium
1928791,Low
118883,Medium
368771,Low
1073,High
652693,High
2007568,Medium
1270626,High
1833242,High
1273067,Low
646466,High
830681,High
1936375,High
604884,Medium
1019284,Medium
408504,Medium
1438715,High
2217759,Low
191898,High
1854288,Medium
1085784,High
72656,Medium
1472645,Medium
35244,High
446228,Medium
1737762,Low
603533,Medium
924280,Medium
1582351,Low
2211694,Medium
1252915,High
2310897,High
920199,High
1591652,Medium
860791,Medium
2277020,Medium
1018328,High
1836082,Medium
1308622,Low
2013333,High
170037,Low
185316,Low
626787,Low
1567387,Low
1011502,Medium
484391,High
1596741,Low
2060171,High
291517,Medium
652094,Medium
1523540,Low
589387,High
1280831,Low
1314960,High
1416,Medium
1195716,Medium
1890089,Low
727860,High
1848740,High
308192,High
264268,High
1729056,Medium
2101127,Medium
1281090,High
11767,Medium
512801,High
1242050,Medium
1964912,High
974697,Low
394634,Medium
998703,Medium
829311,Low
833232,High
1613392,High
1581490,High
271564,Low
1647691,High
1494047,High
1379996,High
318302,Medium
1510051,High
321600,High
2160602,Medium
1554184,Low
489500,Low
511042,High
1597258,Medium
207675,Medium
1753425,Low
997254,Medium
1537851,Low
1570061,Low
1180209,Low
376195,High
709592,High
67244,Medium
1832029,High
341113,Medium
663404,Medium
1358134,Medium
2118292,Low
286684,Medium
844702,Low
383170,High
473979,High
2245715,Low
2250753,Medium
1743600,High
1847193,Low
657668,Medium
464031,High
2005077,Medium
1935112,Low
1058999,High
395404,Medium
1015619,High
413820,High
906331,Medium
1268781,Medium
1594211,Low
92370,High
191813,High
959164,High
5560,High
1515099,Medium
2029301,High
1250850,Medium
2263351,High
731321,High
781629,Medium
1006566,High
2320403,Medium
661763,Low
568722,Medium
796993,Low
75504,Medium
721332,Low
2249711,Medium
250829,High
496676,Medium
2210290,High
2065051,Low
1629086,Medium
328685,Low
598161,High
710493,Low
968705,High
1751093,Medium
1417848,Medium
1661376,Low
67249,High
217531,Low
1338150,Low
1818957,Medium
1053160,Medium
1048392,High
1333889,High
61711,Medium
1964629,High
1048086,Low
2155956,High
1440810,Medium
1689946,Low
1174876,Low
1794379,Low
2079167,High
978176,High
370209,High
350014,Medium
166818,Medium
619975,Low
2211464,Low
1568906,High
169205,Medium
2247560,High
908928,Medium
809142,Medium
2262115,Low
1975764,High
1895768,Low
1529233,High
1713464,High
1245938,Medium
2280283,High
2280053,Medium
684843,Low
1719110,High
1205407,Low
1127623,Medium
2165596,Medium
1373380,High
939494,Low
1066790,Low
1776507,High
715371,Low
771082,High
457952,Low
1918771,Low
1310585,High
1302956,High
2027115,High
1778239,Medium
273450,High
1530170,High
2035027,Low
1918891,Low
99023,Low
246864,High
488916,High
212773,Medium
2075883,Medium
1424284,Low
2030906,High
1797643,Medium
1656822,Medium
1566864,Medium
2067740,Medium
1175810,Medium
104335,High
1066986,Low
1333509,Medium
998605,Medium
926941,Medium
1851762,High
1619482,High
234578,Low
44516,High
1663622,Low
1457526,Low
1053233,Medium
1559320,High
1793032,Low
724780,High
538867,High
103639,High
280808,High
1056815,Medium
206347,High
2287089,Low
1718736,Medium
368319,High
2085593,Medium
429798,High
401351,Medium
654878,High
896196,Low
2009797,High
2119437,Medium
1491121,Low
256453,Medium
1057449,High
360243,Medium
1619163,Medium
85695,Medium
718071,High
790713,Medium
57071,High
1323841,High
445296,High
820948,Medium
4351,Low
1925899,High
483701,Medium
1147301,Medium
970912,Low
1307135,Medium
543031,High
828202,Low
724385,Low
2052691,High
248012,Low
820070,Medium
767948,Low
1467168,High
1687636,Low
1611038,Medium
1856220,High
1293217,Low
964502,Medium
2044311,Low
141786,Medium
903147,Medium
2310738,Low
1489494,Medium
795698,Low
1741405,Low
2154545,Medium
568857,Low
2032710,High
402739,Medium
686030,Low
1250210,Low
2119336,Medium
2219515,High
859363,Medium
121397,Medium
1372499,Low
412564,Medium
1896439,High
2123747,Low
1919003,Low
365555,High
1764548,High
380732,Medium
1700379,High
1326765,Medium
649778,Low
807642,High
4973,Medium
1667134,High
929132,Low
35454,Medium
1099716,High
1789383,Medium
1748257,Medium
1931281,Medium
1492407,Medium
595758,High
916304,Low
780957,Low
493356,High
1662119,High
369639,High
1448738,Low
1604853,Medium
1717507,Medium
1841670,High
1784611,Medium
450549,Medium
1089710,Low
1313860,High
1214712,Medium
581723,High
1670249,High
2173080,Medium
100902,Medium
2255536,High
532033,Low
867657,Low
881226,High
180886,Low
2178780,Low
592467,High
714994,High
1938440,High
1952503,High
1970841,Medium
1076703,High
1001626,Low
1176701,Medium
1975571,High
1670521,Low
1739988,Low
417149,Low
1964076,Medium
456812,Medium
983294,Low
1280022,Medium
1384333,High
17863,Low
1228431,Low
872001,Low
1103676,Medium
734450,Low
1453704,Low
1016602,Medium
55014,Medium
1808146,Low
73103,Low
2159449,Medium
1472818,Low
342929,Medium
1771189,High
1199866,Low
2251952,Medium
2163708,Medium
2229728,High
1661217,Low
818884,Low
771593,Low
2240019,High
755918,Medium
1815212,Low
75362,Medium
131321,High
627819,Low
173897,High
1922702,Low
1735464,Medium
1870028,Medium
1044180,Medium
2242877,Low
1736328,High
784226,Low
1035803,Medium
1263639,Low
2190063,Low
1241856,Medium
2108704,Low
1793233,High
922277,High
2248699,Low
1436140,Low
2233522,Low
1694385,Medium
993869,Medium
1781011,Low
399482,High
1221430,Low
1108999,Low
2234230,High
928423,Medium
2018590,Low
992906,High
550186,Low
870021,High
189869,High
2296003,Medium
1342396,High
549753,Medium
2186293,High
1882092,High
1193078,Low
271837,Medium
1617750,Medium
443186,High
1757009,High
1105393,Low
253862,Low
2047298,Medium
77960,Low
730054,Medium
118758,High
207463,High
1371833,Low
183311,High
1955107,Low
206934,High
191367,High
271339,Medium
768237,Medium
1702726,High
2162376,Medium
2278839,High
1017596,Low
1013797,High
834286,Medium
1622400,Medium
399271,Medium
1326826,Medium
1067733,Medium
341222,High
368460,High
663593,Medium
238718,Medium
1601251,High
1390098,Medium
243369,Medium
1185460,Low
1862101,Low
2240968,Medium
84139,Low
823523,Low
2132649,High
2041070,Medium
961449,Low
215878,Medium
1079414,Medium
1259738,High
810768,Low
1170909,High
1238101,Medium
746650,Medium
744568,High
819059,Low
118666,Medium
2081272,High
209331,Low
349440,High
2014440,High
1024913,High
2275034,High
2253776,Medium
31770,Low
164542,Medium
1163029,Medium
1067849,Medium
666966,High
466452,High
1418453,High
1558325,Medium
1745831,High
504342,Low
1903246,High
1410764,Medium
676306,High
70673,Medium
1810504,High
2286091,High
1497855,High
855586,Medium
1104359,High
869620,Medium
1903533,High
763677,High
599601,Low
588907,High
412264,High
27348,Medium
1772470,Medium
1391357,Medium
123395,Low
1001951,Medium
634679,Low
1364005,Low
1437114,Medium
1439468,Medium
2141797,Medium
2080498,High
2011882,Medium
246342,Medium
2188743,High
1522014,High
1560926,Medium
2064424,High
2212861,Low
674258,Medium
2242089,High
742434,Medium
938974,Medium
1836392,Medium
710009,Medium
516196,Low
522651,Low
1985483,High
1703620,High
505092,Low
1648061,Low
231503,Medium
1025131,Low
401580,Medium
1210735,Medium
577878,Medium
1847024,High
1800980,Low
330134,High
446222,Medium
648442,High
2294653,Low
1210828,High
97984,Low
1536419,High
438129,High
524553,Medium
2171830,High
2224218,High
1060934,Low
44708,Low
1166382,Medium
1932272,Medium
2044838,High
61773,High
2126468,High
1372649,Low
212528,Low
1695115,High
23076,Low
1076501,High
612240,Low
214256,Low
1705469,High
1588880,High
1521776,Low
1990785,Medium
229052,High
2012283,Low
1638334,Medium
1928372,Low
568264,High
749187,Medium
580596,Low
1285885,Medium
674600,Medium
167767,High
936142,Medium
917983,Low
433687,Medium
594719,High
590443,High
660827,Medium
65978,Medium
224406,High
561214,Low
938466,High
560149,Low
16254,Medium
1787298,Low
1024306,Medium
448755,High
235498,Low
1744856,Medium
1270411,High
718465,High
1791313,High
2290422,High
2023458,Medium
11818,High
251365,Medium
1082215,Low
2140351,High
877222,Low
145198,High
1368103,Medium
677764,High
531784,Medium
854618,Medium
2047047,High
2007923,High
2078675,Medium
405667,Medium
963052,High
882426,High
1315874,Medium
2181972,High
1613757,Low
1366906,Low
1155304,High
1387896,Medium
1628206,Medium
517320,High
1760367,High
1034702,Medium
1451546,High
982218,Low
2297916,High
1669619,Low
1278142,Medium
1151761,Medium
776519,High
212831,High
1906249,Medium
68990,Medium
2169395,Low
1132039,High
2231302,Medium
1039929,Low
908515,Medium
1230655,Medium
458243,High
547745,Low
622755,Medium
669905,Low
756365,Low
1521761,Medium
330286,High
1492928,Medium
1341966,High
1899168,High
1082491,Medium
2230251,Medium
652206,Low
2023491,Medium
218660,High
2033085,Medium
1889852,High
356167,Medium
1375753,Medium
1695451,High
50383,Medium
1942079,Low
1547186,Low
1195307,Medium
1818721,High
283867,Medium
1456941,Medium
2290647,Medium
1613269,Low
1594549,Low
1557717,High
868372,Low
402856,Medium
1166847,Low
937115,Low
2089806,Low
1936859,Medium
1120071,High
428884,Low
2082771,High
1982582,Medium
1348575,High
325296,Medium
1391923,High
623902,High
1310749,Medium
1262975,High
528012,Low
1917101,Medium
682120,Low
775730,Medium
1382033,Low
203546,Medium
217446,Low
666504,Medium
1663141,High
1259881,High
326001,High
1589926,High
1267245,High
2309756,High
550892,Medium
719687,Medium
1049435,High
642333,Low
1567085,High
80900,Low
542271,High
220762,High
101978,High
1116423,Low
2013011,Medium
2091088,Low
2063199,High
1147342,High
1969416,High
807260,Medium
451724,High
2157051,High
936200,High
57749,Medium
1528633,Low
378924,High
1110175,High
1474988,Medium
374023,Medium
1975930,Medium
729891,High
2216719,Medium
1110665,High
1203211,Medium
186215,Medium
1069110,High
474444,Medium
1023987,Medium
507827,Medium
357130,Medium
1024284,High
1059765,Medium
904034,Low
1259220,Medium
1207207,Medium
2243486,Low
1792751,High
439749,High
1943776,Low
1944367,Low
1379903,High
1050579,Low
727713,Medium
1878930,High
1939872,High
1292379,Low
1927220,Medium
1338739,Low
1523181,High
1809871,Low
2087749,Medium
936652,High
1309816,Medium
483172,Medium
208324,High
979282,High
1061513,High
266421,High
1840884,Medium
167664,Medium
654093,High
1304652,High
1869103,Medium
186186,High
1647069,Low
2294269,Low
666238,High
815852,High
2203636,Medium
1495580,High
2222667,Medium
786534,High
2001639,Medium
925416,Low
594450,Medium
879301,High
1401324,High
844637,High
326252,High
2228805,Low
1391840,High
1961093,Low
526502,Medium
579481,Low
711818,Low
804261,Medium
2002053,Low
546594,High
1388508,Medium
1488559,Medium
684490,Medium
192253,Medium
418942,Low
2226308,Low
1281802,Medium
984741,Medium
867310,Low
1379777,High
1337857,Low
16661,Medium
776878,Low
122218,Medium
193065,Low
2047288,Medium
479121,Low
1111977,Medium
1434301,Medium
1401184,High
1356133,Medium
1774804,High
873024,Low
590694,Low
979695,High
636834,Low
1749686,Low
1515423,Medium
1847280,Medium
2324676,Medium
1547331,Low
389619,Low
524304,High
1449078,Medium
1985397,High
994404,Medium
1431509,Medium
2147840,Low
768834,Low
1457488,Medium
192219,Medium
2212067,Low
183883,High
1148236,Medium
2099576,Medium
2093138,High
1459021,High
2014486,Medium
788641,High
1185303,Low
1850024,Low
1156366,Medium
2000321,High
2043845,High
199860,Medium
2021187,High
1354037,High
1875843,Medium
1896133,Low
716844,Low
2248804,High
752561,High
58490,Low
965336,Medium
1049405,High
971919,Medium
1886052,Low
1946105,High
1972328,Low
313279,High
337410,High
1177129,Low
381813,High
2292622,Medium
738286,Low
1807118,Low
1566953,Medium
1001423,Low
2222811,Medium
1240005,High
46853,Medium
332320,Medium
792001,High
529720,High
44264,Medium
834130,Low
2149311,Low
1267764,High
649825,Low
1340855,Medium
177069,Medium
2302049,High
1413727,Medium
2004960,Medium
582201,Medium
1551560,Medium
118147,High
70584,Medium
2323847,Low
1279471,Low
414246,Medium
2204496,High
340291,Low
1915025,Medium
680168,Low
1682692,Medium
1998553,High
1525097,Medium
592473,Medium
1693940,High
600970,Medium
1878733,Low
2155900,Medium
1175067,Medium
141085,High
58597,High
1851726,High
1859748,High
444804,High
1885038,High
974857,Medium
404854,Medium
1767039,Medium
1313044,Low
370881,Medium
190018,Medium
1755785,Medium
2206706,Medium
1277501,High
1141333,Medium
1338025,High
2177326,High
1661111,Low
1231038,Medium
881599,High
1008375,Low
2095425,Low
1880031,Medium
1865491,Medium
2027814,High
1900272,Medium
1052942,Medium
806980,Medium
626900,Medium
1163033,Low
817335,High
2178809,Medium
1303594,Low
1520867,Low
247437,Medium
1997676,Medium
401003,High
339982,High
1909059,High
1796642,Low
1138857,Low
740529,Medium
1160392,High
696070,High
1069529,Low
461880,High
1464030,High
2220215,High
1449296,Low
1326637,High
1749868,Medium
1117279,Medium
1841766,Medium
1100754,Medium
314722,Low
59511,Low
1850980,Low
1358594,High
812950,Low
2009772,Medium
461614,Low
2246241,Low
645316,Medium
1195043,Low
1601845,High
1939548,High
1612822,Low
581366,Low
82089,Medium
167965,Medium
1190183,Low
613004,Medium
596415,Low
468668,High
1692299,Low
981129,High
1594470,High
1694939,Low
391513,Medium
1848554,High
999214,Low
457218,Low
1526655,Medium
2068719,Medium
1099875,Low
1364448,Medium
736040,Medium
858869,Medium
2156745,Medium
1214568,Low
987289,High
1388840,High
846303,Medium
2223454,High
253141,Medium
715085,High
1132186,High
426778,Medium
723482,Medium
1934607,Medium
1674812,Medium
731252,High
1373287,Medium
1749564,High
1347203,High
522714,Medium
513649,Low
2264119,Low
2130465,High
2120255,Medium
130841,Medium
2224731,High
328416,Medium
1967792,High
1740650,Medium
107741,High
1199973,High
1439429,Medium
629432,High
2223376,Low
1099317,High
627173,Medium
1253325,Medium
2285353,Low
1756538,High
386188,High
571062,Medium
1552213,High
940305,Low
1341411,High
242945,Low
234503,Medium
2163762,High
876785,High
378487,Low
874709,High
337946,Low
1926747,High
2320476,Medium
154003,High
1910310,Low
31484,Medium
1842094,High
198020,Medium
1115552,Medium
2169461,High
1326462,Low
412797,High
249947,Low
240503,High
1399645,High
165038,Medium
1495220,High
1038477,High
1081341,High
189706,High
78835,Medium
1628785,Medium
365680,Low
348379,Medium
703861,Medium
521123,Medium
294887,High
1537659,High
1230967,High
606306,Low
305484,High
1255364,Medium
1941658,Low
466546,Low
1312238,Low
1099800,High
972005,High
1630561,High
1559675,Medium
642751,Low
178426,High
211028,Medium
602102,High
1658997,Low
726703,Medium
1961597,Low
1345319,High
379900,Medium
431787,Low
2033133,High
532695,Medium
1510138,High
1513732,High
1168742,Medium
595596,Medium
802577,Low
1683682,High
462871,Medium
1747936,High
1531285,High
1539092,Low
695529,High
28006,Medium
497702,High
498433,Medium
576736,Medium
1050590,Medium
1025887,High
1577597,High
115451,Medium
660622,Medium
743886,High
2227473,High
1067,Medium
92637,High
1198024,High
1166675,Medium
1812432,Medium
1186692,Medium
1168832,High
196951,Low
1261841,High
1952899,Low
1772831,Medium
1284006,Medium
690709,Medium
804500,High
1714150,Low
48094,Medium
278452,High
255828,Medium
104022,Low
844132,High
736127,High
1791962,Medium
1313622,Medium
182490,Medium
2304589,Low
880693,High
1615408,High
1687792,Low
1717272,High
192060,Medium
54526,High
1131178,Low
2307118,High
1530336,Medium
3287,High
2286848,Low
81735,Low
1675923,Medium
840902,High
1338148,High
478535,High
2055534,Medium
2124624,High
2307413,Medium
726964,High
1461117,Low
1675581,High
1973197,Medium
351114,High
429416,Medium
1937279,Medium
632242,Medium
42481,Medium
357814,Medium
308884,Medium
210727,High
514543,High
839654,Low
733942,Medium
1683804,High
31928,Low
604469,Medium
240243,Medium
442169,Low
782831,High
1822242,High
143972,Low
1825186,Low
506305,High
1451995,High
1964295,High
2033057,Medium
526795,Low
1421335,High
2279075,Low
1788754,High
816298,Medium
1467705,Low
2278929,Medium
902284,Low
1776959,Medium
849723,High
1044698,Medium
406462,Medium
1227330,Medium
960752,High
1267004,High
1922852,High
376478,Low
530851,Medium
1312191,Medium
1258263,Medium
352900,Low
2050301,Medium
900584,High
2259127,Medium
767467,Medium
764543,Medium
1757701,Medium
511976,High
629057,High
257418,Low
1746490,Medium
2040198,Low
340575,Low
1992079,High
1065843,Medium
1785999,Medium
1333128,Medium
307258,High
1102568,High
1854346,Medium
1586144,High
588554,Medium
222017,Medium
801789,High
1484770,Low
323162,Low
1539947,High
2172780,Low
676376,High
2172746,Low
963779,Medium
701365,Medium
987758,Medium
616370,High
413746,Low
1762713,Low
980251,High
1392137,Low
422673,High
855334,Medium
1535274,High
908198,High
285572,Low
869907,Low
1870648,Low
1822199,Low
1694745,High
1853819,High
120135,High
2219334,Medium
821703,Medium
1848674,Medium
666006,High
704337,Medium
1270376,Medium
2288375,High
2314062,Low
568460,High
843492,Low
159542,High
2031355,High
704162,Low
1361590,Low
30378,Medium
150069,Low
1371302,Medium
160529,Low
2316020,Medium
2049568,High
204034,Medium
307540,Low
1415572,Low
2198499,Medium
935065,High
1951281,High
1839881,High
1761814,High
567215,Medium
805938,Medium
965490,Low
1569423,Medium
896958,Low
2165060,Low
23689,Low
640545,Low
485517,Medium
1446315,Low
563862,High
420341,Low
159877,Medium
1184816,High
1988401,High
832980,High
543264,Medium
2074115,Medium
574975,High
422717,Medium
42944,Low
1983398,Medium
645157,High
351760,Low
1271271,Low
1271896,Medium
1268488,Low
810031,Medium
983664,Medium
384301,Medium
1463243,High
56758,High
77426,Low
922246,Low
244946,High
1144245,High
1016321,Medium
1452629,Low
1722833,High
1811033,Medium
892615,Medium
982455,Low
221604,Medium
1983091,High
1905573,High
1669059,High
1533192,Medium
630006,High
1394899,Low
417079,Medium
1421150,High
1633038,High
1101434,Medium
1727792,High
1927502,Medium
2236821,Low
1086189,High
384761,Medium
1323372,Medium
363782,Medium
1209801,High
558397,Low
474408,Medium
1389227,High
2095461,Medium
1453430,Medium
2138084,Medium
1685813,Medium
1216985,High
1996028,Medium
1805517,Low
1385205,Low
30192,High
2074307,Medium
94450,Medium
1190991,Medium
239915,High
2226964,Medium
1448398,High
545007,Low
203394,Low
1037670,Low
1992977,Medium
258546,Low
111036,Low
719,Low
432900,Low
1511734,Low
1039506,Medium
1693918,High
2323977,High
669619,Medium
1708744,Low
1643975,Medium
168727,Low
1109096,High
923471,High
735470,Medium
2241642,High
2113057,High
2267245,Medium
1638413,Medium
1557964,Medium
96115,Medium
1222070,Low
2053167,Low
1552567,Low
1471943,Low
2204164,High
1312089,Medium
946547,Low
460652,High
483540,Low
383169,High
1917954,Low
2198380,High
1415869,High
421080,Low
666932,High
901270,Low
2268167,High
1833530,Medium
1384272,High
115290,Medium
1571445,High
1327848,Medium
1005,Medium
2202155,Medium
979842,High
1488451,Low
166835,Medium
789668,High
1263210,Low
2190005,Low
1003253,Low
799880,Low
679484,Medium
98492,High
1259050,High
675182,High
66956,High
278314,Low
927441,High
299238,High
307324,Low
2276345,Medium
1913833,Medium
457506,Low
1255427,Low
1239878,Medium
804631,Low
1554901,High
848651,Medium
1758323,Low
290802,Low
390497,High
203950,High
349921,Low
1281241,Medium
1832787,High
833041,High
158608,Low
1016588,High
1825806,High
1106744,Low
2131995,Low
2165062,Low
1493603,Medium
1989173,Medium
1456321,High
3355,Medium
1492182,High
1840397,High
320705,High
301763,Low
800154,Medium
270990,Medium
825710,High
1298369,Low
594178,High
564742,Low
607423,High
1810897,High
107616,Medium
790501,Medium
1206101,High
2171807,Medium
753389,High
248545,Low
992490,Low
690398,Medium
768226,Low
519506,High
218979,Medium
1097264,Medium
1908002,Medium
1945512,High
414538,Low
2040124,High
2230268,High
392836,Medium
2127265,Medium
956550,High
603821,Medium
704897,Medium
2173908,Medium
1197467,High
314339,High
814883,Low
815102,Medium
574475,Low
1006055,Medium
533139,Medium
1751934,Medium
2007235,Medium
1452209,High
1748291,Medium
1062490,Low
2128822,Low
425060,High
2278446,Low
742242,Low
1678003,Medium
94581,High
2171328,Medium
517682,Medium
1374977,Medium
585050,High
2297041,Low
1637292,High
1878167,High
1979399,High
2075735,High
1039812,High
509314,Low
1651490,High
2052208,Medium
1698284,Medium
884305,Medium
793602,Medium
2192421,High
651018,Medium
205126,High
469308,Medium
813859,Low
1544595,Low
1876445,Medium
1635970,Medium
836799,Medium
1284080,Low
1608505,High
670973,Medium
301781,Medium
1592781,Low
591073,High
1632781,Medium
2297556,Low
1357424,Low
2162733,Low
1209085,High
2113358,Low
944075,High
983644,Medium
1284702,Medium
2131669,Medium
297739,Low
612014,Medium
1010956,High
129333,Low
1065778,High
2273054,High
1075179,Medium
1647795,Medium
149892,Medium
1005710,High
1694935,Low
2214490,Medium
415849,Medium
237226,Low
2090539,High
131672,High
1963548,Medium
33357,High
208167,Low
1144503,High
539906,Low
445611,High
1857624,High
90360,Medium
794884,Medium
678661,Low
1577498,Medium
1771022,Medium
353383,Low
1592936,Low
2132302,Medium
2194673,Low
2052582,High
1597362,Medium
2201328,Medium
132173,High
739887,Medium
130661,Medium
943800,Medium
754577,Low
388407,Low
1258690,Low
1967682,High
1701351,Medium
79025,High
1177547,Medium
1080439,High
1069278,Medium
775511,High
2167114,Medium
1412027,Medium
1092984,High
1839800,Medium
263196,High
1795692,Low
317279,Medium
1188617,Medium
6611,Medium
2103493,High
2182829,Medium
658789,Low
853913,Low
91681,High
510130,Medium
943686,Low
156661,Medium
1832623,Low
885198,High
1047267,Medium
1644312,High
805895,High
1001029,High
1534986,Medium
2082366,High
437240,High
1734316,High
383630,Medium
1048639,High
2299528,Low
335133,High
1953971,Medium
1606898,Medium
1819994,High
2298860,Medium
2136040,Medium
626265,Low
2018092,High
936093,Low
2197658,High
534480,Low
1613369,Low
2318832,Low
798331,High
1089571,Medium
38154,High
1434921,Medium
1400038,Low
112524,Low
1999648,Medium
1870705,Medium
346136,High
1438060,Medium
1922244,Low
1277982,Medium
884199,High
1779390,High
246980,Medium
1725095,Low
1308978,High
327978,Medium
1943378,Low
906355,High
2230067,Medium
1469656,Medium
1503724,Low
1085298,High
294530,Medium
1539021,Low
776589,High
1251132,High
1156733,Medium
1748817,High
683765,Low
1650997,High
1672095,Medium
2022876,High
1217852,Medium
146929,Medium
1074904,High
1451800,Low
1967306,High
894772,High
1593683,High
376155,Medium
1425337,High
435498,High
594207,High
378831,Low
2095536,Medium
2273022,High
1999689,Low
1304663,Medium
272421,High
1873781,Medium
6379,Medium
895380,Low
1700471,Low
970469,High
311754,High
1100761,Low
2265595,Medium
1921077,Medium
793695,High
1502422,Low
1895144,Medium
2185586,Low
2297388,Medium
2161061,Medium
1973824,High
1373125,Medium
1048291,Low
2315482,High
262338,High
2226896,Low
1870293,Low
1471697,Low
2139110,High
1843928,Medium
1900792,Low
1141048,Medium
486029,High
1474223,Low
1404580,Medium
268452,Medium
525576,High
485701,Medium
859433,Low
1992253,High
665909,High
795643,Low
1423417,High
186505,High
2206286,High
60120,High
1808815,Low
2153004,Medium
476027,Medium
2134424,Low
1966106,High
295049,Medium
2018120,High
746478,Low
482178,High
282309,Medium
802322,Medium
400800,Medium
1517921,High
2022906,High
2262571,Low
2159377,High
702426,High
1468396,Medium
766070,Medium
118792,High
1823130,Medium
358146,High
1936522,High
2306477,Medium
2169439,High
1233352,Low
1534975,High
183619,High
2117472,High
848485,High
2263231,Medium
798232,Medium
505504,Low
2151158,Low
22851,High
1982352,Medium
308071,Low
587933,High
113798,High
1854022,Medium
935886,High
1863720,Medium
1017336,Medium
1205310,Medium
1757413,Medium
2134937,Medium
129452,High
814982,Low
174862,Medium
145458,High
711436,Medium
1445495,Medium
1562915,Medium
775804,Medium
1669953,Medium
1025272,Medium
1603134,Medium
2087321,High
21969,Medium
2076849,High
1510039,Medium
467508,Medium
1722946,Low
2062424,Low
298323,Low
437367,High
1853760,High
203374,Low
200022,High
832862,Low
502597,Medium
223135,Medium
865960,Medium
1219414,Medium
423482,High
1823436,High
1016174,Low
942806,Medium
2148311,High
1397444,Low
1254246,High
1231902,Low
1973531,Medium
524677,High
1726305,Medium
1368083,Low
1399401,Low
1936336,Medium
1991581,Low
1077616,High
611622,Medium
2055117,Medium
167082,Low
919816,Medium
1252779,Medium
2095874,Medium
2044642,Low
702190,Medium
1180362,Low
1541434,Medium
913229,High
1067370,High
331283,Low
661504,High
5610,High
1090478,Medium
1457361,Medium
567246,Medium
2063966,Medium
858569,Medium
1518755,Medium
143740,High
2138539,Medium
219343,Medium
866146,Low
993511,High
1447433,Medium
1492549,High
126482,Medium
1564682,High
1031479,Low
512315,Medium
1800600,High
2133265,High
551444,Medium
988356,Medium
1842248,High
2075126,Low
417060,Medium
165784,Low
1753355,High
1245781,High
1383470,Medium
657842,Medium
961821,High
115476,High
2139559,Medium
1819742,Low
62903,Medium
1457704,Medium
1601583,High
749887,Low
275324,Low
790811,Low
1010409,High
2213548,Medium
455201,Low
1491142,High
1084155,High
140679,High
1178667,Medium
716859,Medium
686363,Medium
457635,Medium
803464,Medium
477373,Low
727424,High
346561,High
1701081,Low
494300,Medium
1880294,Medium
1629131,Medium
776598,High
2278682,Low
1605459,Low
308262,Medium
1879433,Medium
2256162,Medium
682035,Low
717345,Low
1541252,Low
1921998,High
1367728,High
200316,Low
309648,Medium
823833,Low
1759704,Low
1128938,High
409445,Medium
863512,Medium
1171256,Medium
665974,High
446927,Medium
341921,High
172545,High
1595744,High
1051541,Medium
1398196,High
434972,High
1140841,High
1125376,High
1187080,High
1886963,High
1176484,High
827322,High
549653,Medium
1462869,Low
1292867,Medium
853350,Medium
2216847,Low
1445769,Low
1070432,High
1608298,Medium
2140098,High
2186825,Medium
451170,Low
1457382,Low
199540,Low
1941898,Medium
806024,Medium
1970834,High
1038080,Low
890736,Medium
413535,High
1291914,Medium
956543,High
1732209,Low
1370172,High
445469,Medium
1285774,Medium
784058,Medium
1957428,Medium
1789509,Medium
1628166,Medium
1831340,Medium
434293,High
860688,High
1517232,Low
1688312,High
529521,Low
1301955,Medium
145946,High
2085085,High
401097,Low
125152,High
1667158,High
1919021,Low
453858,High
329588,Low
993399,High
18800,Low
1406954,High
209254,Medium
363588,Low
2273359,Medium
940134,Medium
1862212,Medium
1203647,High
2040875,High
1044435,Medium
1142472,High
1794431,High
1890191,High
1886298,High
878025,High
727952,Low
1274032,High
598868,Low
1930766,Low
895621,High
1201170,High
1639812,High
857052,Medium
1520520,High
885935,Medium
1888268,Medium
2302663,Medium
886568,Medium
1315733,High
435493,High
1436213,High
945777,High
910288,Medium
2099511,Medium
1703769,Medium
2166125,Medium
1197233,High
1766992,Medium
1188975,Low
1834915,Medium
493925,High
2302243,High
1521413,Low
1441002,High
609245,Medium
1128898,Medium
26558,Low
1413195,Medium
911339,Medium
259852,Low
2248468,Low
1964981,Low
1433958,High
161786,High
717857,Low
2222561,High
827171,High
1641859,Medium
866279,High
1163447,High
1774223,High
631849,Low
712187,High
2238195,High
2266790,Medium
755988,Medium
1433812,High
1401311,Low
748151,High
412165,Medium
1872611,Medium
500865,Low
816862,Medium
1652694,Medium
2001462,Medium
946389,Medium
1982597,High
703372,High
907767,High
534022,Low
867447,High
186747,Medium
1175046,Medium
366862,Low
385033,High
623000,High
43941,Low
639892,Medium
195665,Medium
430202,Low
812127,Medium
1751973,Low
530812,High
1907223,High
663943,Medium
1933730,High
1723953,Medium
335179,Low
2255279,Low
1251337,Low
1924994,Medium
72381,High
2147271,Low
2019119,High
2099512,High
300136,Low
1454912,High
1349642,High
2067108,Low
864208,Medium
1677731,High
1145767,High
1960150,Low
1364602,High
514818,Low
2258099,Low
1525130,Medium
1262094,Low
1504562,High
8647,Low
485789,High
1168057,Low
1520023,Low
961822,Medium
2270324,Low
2302253,Medium
1439293,Low
1071204,Low
2041474,Medium
341226,High
1674617,Low
400254,Medium
1092309,High
1758490,High
2254319,Low
716534,Medium
1677688,Low
786776,Medium
711637,Low
1313661,Medium
1030965,Medium
2202339,High
163251,Low
1959258,High
930125,Low
1668883,Medium
515337,Medium
1148138,Medium
269405,High
1147405,Low
1091270,High
903818,Medium
18405,Medium
681933,Low
758856,Medium
2109595,High
1672093,High
1753268,Medium
109081,Low
645443,Low
683066,Low
318455,Medium
1831718,Medium
9347,Low
841514,Medium
267686,Medium
1354865,Low
1318388,Medium
1763500,Low
865451,High
174128,Medium
819132,High
1267943,Low
1086849,High
296580,High
1071628,Medium
1857299,Medium
574459,Low
1759181,Medium
2267608,High
1850744,Medium
2326094,High
1710734,Low
198802,High
322987,Low
2025092,High
1580988,High
44785,High
929036,High
881698,High
1076190,Low
846177,Low
1589295,High
1197390,High
1109515,Medium
543449,Medium
252476,High
673462,Medium
2049925,Low
383491,Low
1745148,High
1541994,Medium
695176,Medium
507440,High
1264202,Low
2088948,Low
2107940,High
1081690,High
925664,Low
1322909,High
1544627,Low
68376,Medium
1751272,High
2020429,Medium
1402400,Medium
1730569,Medium
882459,High
454600,Low
1458231,Medium
1262849,Medium
1892188,High
232671,Medium
96224,High
430,Medium
863834,Low
933642,High
1085514,High
13136,Medium
1020863,Medium
1673451,Medium
2126323,Low
164868,Medium
435801,High
673670,Medium
1415267,High
229648,Low
561732,Low
265852,Medium
1311311,High
1713870,Medium
2320679,Medium
1544888,Medium
1557323,Medium
1891803,Low
105020,High
2021039,High
403094,High
564558,Medium
1062769,Medium
45802,Low
1934987,High
192690,Medium
1418598,Low
1685597,Low
1790764,High
1917513,Low
2087167,High
320813,High
1782385,Low
2144590,Medium
1859576,High
644359,Medium
711467,Medium
448607,High
2215799,Medium
252538,Medium
1686085,Low
827696,Low
1886351,Low
655704,Medium
48228,Low
1298450,Low
2150715,High
916551,Low
1909648,High
1764941,High
1523707,Medium
23648,High
2051284,Low
2137687,Medium
1764606,High
985214,Low
330676,Medium
1241080,Medium
1460360,Low
1713169,Medium
975232,Medium
311245,Medium
443983,Medium
1972372,Low
663207,Low
927073,High
59282,High
1323104,Medium
348796,Medium
789575,High
240410,High
665001,High
1372877,Medium
2066001,High
1904753,Medium
1231922,High
885418,High
1620362,Medium
623267,High
1607012,High
1929420,Medium
1208207,High
1328735,Low
904363,High
1988880,Medium
1002259,High
2118540,Low
1580698,Low
557717,Medium
1589015,Medium
558105,Low
2025260,Low
608332,Low
1937874,Medium
829006,High
1544620,High
1051314,Medium
612812,Medium
40085,High
39545,High
323518,Low
811972,Medium
1848201,Low
515393,High
195861,Medium
1840822,Low
811579,Low
1643235,High
1222094,High
1232573,High
901126,Medium
1410926,High
339821,Low
2326770,Medium
233331,Medium
1532672,Medium
2029133,Low
122201,Low
582710,High
92429,High
943090,High
1879775,High
1884669,Low
447290,Medium
1443238,Medium
1815337,High
465430,High
491319,Medium
999997,High
2112257,Medium
315790,Low
1491281,Medium
278125,Medium
1270610,Low
714124,High
1672810,High
311626,Low
2063349,Low
1759956,Medium
153446,Low
991329,High
1063735,High
1946282,High
462517,Medium
1870942,High
1955880,Medium
76016,Medium
462266,High
849929,Medium
2123192,High
1437513,Low
767640,Medium
1721389,High
2025243,Low
2079443,High
1425363,High
80088,Low
640822,Medium
1248380,High
584649,Low
959352,High
806497,Low
992787,Medium
1143657,Medium
2325138,Low
918622,Medium
1263695,High
1589474,High
2137461,Low
1621203,Low
306533,Medium
1449970,High
941862,High
2174055,Medium
1920691,High
1327300,Medium
1142132,Medium
16909,Medium
1705532,Low
2054899,Medium
1701563,High
282987,Low
70303,Medium
1920526,High
2065957,Medium
1945788,High
379946,High
133843,High
1963073,Medium
1414460,Low
835944,Medium
48791,High
987719,Medium
1091020,Medium
1955537,Medium
1463675,Medium
1756966,High
69126,Medium
1049424,Low
356676,Low
1311404,High
2236199,High
182931,Medium
1520981,High
1286297,High
1204265,Low
278753,Medium
2137643,Low
1126197,Low
1440149,High
2007735,Medium
1232002,Medium
1313087,Medium
1827990,Low
766431,High
759667,Medium
1423123,High
1564299,Medium
1126092,High
143743,Low
528881,Low
818498,High
1363011,High
417353,High
1985654,High
1305322,Medium
1254206,High
622553,High
2284053,High
178938,High
2052315,High
42700,Medium
1956748,Medium
85253,High
2212242,Medium
1940112,Low
109613,High
75305,Low
763533,High
880042,Medium
993675,Medium
572515,Low
30791,Medium
349074,High
30228,High
1665047,Medium
1901151,High
180930,High
946316,Medium
1226599,High
1424206,Low
637722,Medium
941886,Low
2185513,High
76449,High
198543,Low
977596,Medium
749783,High
1927020,Low
130542,Medium
678636,Low
2078523,High
1096373,Medium
459416,Medium
937717,Low
1549303,Low
2073219,Medium
679971,High
848400,Medium
1831510,Medium
2271201,Medium
2049916,High
1951151,Medium
1291755,High
971233,High
2006174,Medium
68272,High
336551,Low
686473,Low
660333,Medium
2253716,High
1065927,High
929022,Medium
153739,Medium
1825307,High
2320232,Low
946409,Low
1536901,High
2112347,Medium
890254,High
56888,High
1536925,Low
277860,High
773346,Low
878110,Low
105696,Medium
1581147,Medium
236500,Medium
54270,Low
1877341,Medium
1535267,Low
983897,High
58195,Medium
460076,Medium
143311,Low
189636,Medium
545326,Low
1661887,Low
1878033,Medium
1054164,Medium
2176418,Low
1802250,High
711304,Medium
988169,High
1271165,Medium
2062234,High
2050622,Medium
1539878,High
1816340,Medium
1563021,Medium
318800,High
490477,High
767930,Medium
1533347,High
99408,High
788080,High
670918,High
2018543,Low
254788,High
716684,Medium
2121833,Medium
2283100,Medium
117532,Low
863262,High
1904476,Medium
1135085,Low
2238601,High
2210052,Medium
1463788,Low
1531517,Low
1443241,High
52865,Medium
1598574,High
1122551,High
359776,High
661236,Medium
307158,Medium
318600,Low
1153920,High
597949,Medium
2034483,Low
1971314,High
1375801,Medium
1690963,Low
1365151,High
284090,Low
829657,Medium
1465035,High
415115,High
1142420,High
1691742,Low
327845,Medium
624046,Low
138310,Medium
2289933,High
629380,Low
1346980,Medium
2139763,High
1591051,Medium
1860224,High
586687,Medium
764955,High
421113,Medium
117328,Low
1973116,Low
182623,High
1471560,High
2124733,Medium
11619,Medium
1730982,High
2128877,High
1869756,Low
1355346,High
2009074,Low
1124067,High
1195598,High
2082223,Low
1736065,High
1695006,High
1593121,Medium
636222,Low
1442698,Medium
1967613,Medium
2160803,Medium
2277862,Low
2144174,High
1615315,Medium
79089,High
2037202,Medium
1969370,Medium
1669432,Low
1296011,Medium
2011181,High
1921015,High
287468,Medium
966969,High
1837590,Low
914900,Medium
1687805,High
540572,Medium
1119229,High
81601,High
2206198,Medium
713412,Low
478137,High
1787826,High
639964,High
1107200,High
167485,Low
116698,High
12222,Medium
493111,High
1296936,Low
333758,Medium
1322081,High
1813388,Medium
1834352,Medium
1260159,Low
762443,High
577687,Medium
1923002,Low
1097990,Medium
120122,Low
487417,High
2108138,Low
927900,High
632818,High
927261,Medium
529864,High
232278,High
671555,Medium
1444896,High
454912,Medium
130648,Medium
597623,Low
2055503,Medium
1254888,Medium
1933301,Low
2031025,High
1536728,High
520242,High
935108,High
333571,High
812110,Low
107202,Low
1287831,Medium
1775085,High
456140,High
2200259,Low
928485,Low
662708,Low
1759609,Medium
857289,Medium
2038706,Low
1906908,Medium
117169,High
2062993,Low
1842072,Medium
1219601,High
495319,High
2279847,Medium
421392,High
1900614,Low
1706179,High
651732,Medium
1696197,Low
1317190,High
1156556,High
938270,Medium
178328,High
720237,Medium
1521663,High
163516,High
1851109,Medium
1352826,High
78485,Medium
131653,High
1439729,Medium
30252,Low
863079,High
2263923,High
347628,High
2009691,High
1006347,Low
1903140,Medium
1564419,High
1458061,Medium
1414378,Low
1922177,High
2088622,High
1497220,Medium
1801655,Medium
1987716,Low
1452253,Medium
2255724,High
350908,High
300703,Low
1412597,Medium
1209550,High
602523,Low
233502,Low
1531121,Low
975070,Medium
431295,Medium
1442684,High
1466333,High
2082415,High
2018940,Low
138381,Medium
1039855,Low
2274952,High
290480,Medium
1236504,Medium
803971,High
487391,High
366302,Medium
657018,Low
1808342,High
1086887,Medium
1491900,Medium
215114,Medium
1372403,High
997801,High
2246261,High
1442422,Low
1845973,High
892963,High
1512236,Low
166563,High
736875,Medium
166564,Low
174373,Medium
412051,High
2208409,High
1222535,Low
1796428,Medium
776796,High
827805,High
1518273,High
1751249,High
1242827,High
993184,Medium
734497,Medium
1503512,Medium
1233018,High
1966532,Medium
705681,High
1934263,Low
572852,Medium
199509,Medium
1593318,Low
1128162,Medium
2030900,High
1607053,Medium
1764532,High
2086887,Low
1070422,Low
1668815,Medium
1974887,Medium
2149556,High
2306144,Medium
1739340,Low
1639012,High
2269532,Medium
1360881,Medium
23531,Medium
1591380,High
914435,High
612052,Medium
550495,High
1104090,High
1392452,Low
998512,High
1612514,Medium
1918203,High
1870030,Medium
1218953,Medium
2039744,High
1914436,High
525902,Medium
1410671,High
2324561,High
918109,Medium
596574,High
590976,High
301176,Medium
1943462,High
1782165,High
760202,High
2028765,Medium
98333,High
946735,Low
1974601,High
981927,Low
2219511,High
358457,Medium
740423,High
647436,Low
255555,Medium
1374132,Medium
302501,Medium
853800,Medium
1223615,Medium
460375,Medium
717718,Medium
1593289,Medium
2182198,High
144868,High
619487,Medium
1520678,High
948618,High
877365,High
1531213,Medium
1395724,Medium
612254,Medium
1040358,Low
2136913,Low
1273875,High
1601139,High
1359545,High
1338015,Medium
2070923,Medium
1797118,High
1002210,High
23970,Medium
368021,High
571033,Low
2064904,High
2097895,High
1643750,Low
463467,Medium
733621,High
2243656,High
1229656,Medium
1969183,High
2124649,Low
1438347,High
195134,Medium
213927,Medium
1423280,High
2065811,High
1295832,Medium
196099,Low
1189555,Low
1831292,Low
1267455,Low
1954176,Medium
1669899,Low
1301590,High
1003167,Medium
237119,High
385864,Low
1524085,High
1100018,High
181454,High
1132475,High
2151768,Low
1148655,Low
536646,Low
935215,High
1028753,High
1804308,Medium
2113069,Medium
1586827,Low
1073888,Low
1116402,Low
235316,Low
1766058,High
53393,Low
796985,High
880824,Medium
1296609,Medium
1096467,High
793996,Medium
606168,Medium
495125,High
1211927,High
1400188,Medium
1259725,Medium
1397868,Low
1582591,Low
357641,Medium
1021045,High
1775759,High
43996,Medium
2256502,High
1942,Medium
1658437,High
800975,High
1079019,Medium
2188476,High
327694,High
11812,High
857290,Medium
1104587,Medium
1112216,Low
1758212,Low
746298,Low
1942248,Medium
18676,Medium
949266,High
750471,Medium
313792,Low
29412,High
883812,Medium
445762,Medium
2262232,High
1207843,High
2192724,High
523608,Low
1984129,High
787859,Medium
856101,Medium
2084373,Low
641161,Medium
1439117,Medium
608043,Low
2035801,Medium
1447311,High
1997941,Low
1483955,Low
2090224,Low
189567,Low
941349,High
5153,Medium
2055805,Low
1252172,High
1316400,High
133915,High
1291104,High
286456,Medium
596420,Medium
1620539,Low
271145,High
235697,Medium
6868,Low
1029396,Low
137430,Medium
1669405,Medium
1408713,Medium
638997,High
1522117,High
658153,High
1110260,High
1531952,Medium
1838861,High
1284971,Low
1795493,Medium
2207603,High
2083296,Medium
659962,Medium
854440,Medium
1941246,Medium
2260527,Low
1942709,High
716792,Medium
788280,Medium
930864,High
413427,Medium
2288237,Medium
369269,High
1845289,Medium
227167,Low
1491110,Medium
20118,High
1239953,Medium
2050151,Low
539245,Low
182225,Low
10912,High
1718356,High
1733211,High
143637,High
123439,Medium
788322,Medium
1426172,Low
2081087,Medium
1808876,Low
978341,Medium
1978826,High
357511,High
1584587,Low
1477445,High
89421,Medium
2273783,High
2156330,Low
1952264,Medium
1131119,Low
50359,High
2244901,Medium
35273,Medium
52119,Low
969991,Medium
2036256,Medium
1770223,Medium
2051417,Low
2135731,High
1252654,Low
911402,Low
2245485,High
475335,High
2276505,High
1238586,Low
1428363,Medium
2211133,High
2167576,High
1329156,Low
2041708,Low
63387,Medium
1080627,High
1647827,High
681581,Low
952664,Low
954846,High
1377845,Low
1992129,Medium
1905056,High
1487470,Low
1268288,Low
818178,High
2185554,Medium
1643724,Low
287123,Medium
752084,High
2269012,High
1600505,High
190845,Low
1316442,Low
322013,High
962986,Medium
2158040,Low
1170528,Low
1861452,High
679876,High
658363,High
396038,Low
1960843,Medium
1584284,High
330692,High
979412,Medium
2221437,Low
1978616,Low
145424,High
125052,Medium
839665,Medium
1346785,Medium
925692,High
1804022,High
923716,Low
1386048,High
761835,High
1842505,Medium
1404407,High
1373294,Low
1803305,High
365405,High
2262505,High
1253384,Medium
1213702,High
731902,Medium
1946628,High
1392379,Medium
1680128,Medium
1088487,Low
2164043,High
1628270,Low
1061833,Low
1250653,Medium
167821,High
455346,High
1367677,Low
1523576,High
2167997,Medium
1748571,Low
1593932,High
206169,Medium
813519,High
1153148,Medium
1096854,High
2313344,High
670651,High
57359,High
1161355,High
1746134,Low
1200287,High
1468339,Medium
971837,High
1634934,High
1833854,Low
1495860,High
1255345,Medium
1878151,Medium
415359,Medium
2306493,Medium
1776770,Low
1584360,High
521705,Medium
1178770,High
707147,Low
2006984,Low
2128086,Medium
980426,High
1414959,Medium
1000801,Low
2005419,High
1261503,High
206167,Low
1271618,High
1409000,Medium
196953,Medium
957013,Low
282720,High
2213449,Low
803319,Medium
868,Low
756353,Low
489447,High
1506295,High
277474,High
1731269,High
2121160,Medium
120675,Medium
268390,Medium
1042832,High
192452,High
463868,Medium
565989,High
706537,Medium
12130,High
138385,High
307268,High
306366,High
1476946,High
952205,Medium
1196230,High
1493429,Medium
85111,Medium
1493988,High
1785428,High
225549,Medium
2195881,Medium
1884361,High
1165872,Medium
185599,Medium
1156799,High
2151249,Medium
348113,High
1764384,Low
693156,Low
1662299,Medium
2146695,Medium
1698961,Medium
225815,Low
984618,High
177530,Low
527051,Low
1609006,Low
2140128,Medium
1670430,Medium
348528,High
1351990,High
1184145,Low
627918,High
359189,High
1962485,Medium
817567,Low
2200433,Low
139969,Medium
1843481,High
892605,High
2121023,High
356553,Low
2149620,High
391546,Low
207682,Medium
1430567,Medium
1662688,Low
2253568,Low
875564,Low
999644,High
686407,Medium
1544531,High
577677,High
229170,Medium
1731616,Low
1708745,Low
167589,High
108125,High
893184,High
1111302,Medium
597831,Medium
11934,Medium
254885,High
1636668,High
1634873,High
612966,High
2097142,Low
196264,Medium
599636,Low
419617,High
1052514,Medium
1103785,Medium
76159,Medium
1551480,High
1513598,Medium
1452335,Low
1496036,Medium
1854696,High
1238723,High
1362532,High
311367,High
298328,Medium
1377058,High
1765562,Medium
2010836,High
1474791,Medium
1251839,High
236396,High
222851,Medium
1590783,High
1903907,High
35061,Medium
1493413,Medium
192125,High
1400002,Low
294296,Medium
2290351,Medium
1717383,Medium
1463741,Low
797452,High
592341,Medium
578953,Low
1635781,High
1041233,Medium
1938676,High
574501,Low
1572227,Low
1463048,Medium
1668084,Medium
1410515,High
1148538,High
708241,Low
319797,Medium
1414433,Low
2707,High
2162233,Low
2321601,Low
2297891,High
609929,Low
1569535,High
1343558,High
1488601,High
1623455,High
1570164,Medium
1892448,High
974887,Low
361714,Medium
642084,Low
2156937,Low
1336270,High
1725306,Medium
2210334,High
1289405,High
807327,Medium
932219,High
1236418,Low
1365380,Medium
1145392,Low
210538,Medium
923217,Medium
2078149,High
431405,High
653376,Medium
420148,Medium
1814961,High
231636,Medium
418711,Medium
145255,Medium
907582,Low
1551863,Low
1463374,Medium
1777789,High
2201586,Medium
587920,Low
2006679,Low
943738,Low
2097900,High
280050,Low
197981,Medium
907701,Low
219446,High
2313260,High
1789883,Low
168866,Low
1225961,Medium
622696,Medium
1513240,Low
2004139,Low
1216486,High
734569,Low
1131732,Low
533671,High
1051195,High
343635,High
723509,High
1057823,Low
1673098,High
888939,Medium
1612921,Medium
71242,High
1368443,Medium
1891057,Medium
717461,Medium
1968894,High
1588676,Medium
78733,Medium
970554,Medium
2513,Medium
200131,High
373774,Low
476769,High
919019,High
80869,High
4306,Low
1122954,Medium
1564166,Low
1232729,High
382381,High
1336067,High
541629,Low
1653093,High
1703129,Low
1949935,High
366366,Low
931331,Low
1001043,High
1919179,Low
412027,Low
260957,Low
829354,Low
861409,Medium
2102787,Low
254452,Low
1264079,Low
669015,Low
222228,Medium
1919513,Medium
2207685,Medium
871798,Low
2120323,High
1639273,High
1797872,High
564604,Medium
2024564,High
1373811,High
1248255,Low
769163,Low
793264,Low
1392945,Medium
1699024,High
1157627,High
208609,Low
1706475,Medium
570387,High
1237392,Low
1360922,Medium
287581,Medium
1933994,High
93590,Medium
788575,Medium
1476127,Low
749210,High
1609909,High
110135,High
2090856,High
168095,Low
455488,High
200444,Low
674050,Medium
542286,Low
1744139,High
1360501,High
2043828,High
812649,High
861487,High
2105060,High
1397146,High
667738,High
1249993,Low
1053064,Medium
1960306,High
217054,Medium
1716671,High
2224804,Medium
1426709,Medium
2087327,Medium
1707710,Medium
2258811,Medium
344747,Medium
481261,Medium
1729788,Medium
1634078,Low
1881224,High
1787411,Low
460365,Medium
1933408,Medium
78163,High
713018,High
669451,Low
682036,High
1617150,High
1690047,High
1137854,Medium
618780,Medium
200542,High
63220,High
209141,Low
428569,Low
2069786,High
1412530,Medium
1779158,High
887917,High
1654183,Low
1358381,Medium
2087667,Medium
1863762,High
772867,Medium
393005,High
988048,Medium
1085364,Medium
518490,Medium
870071,Medium
2123253,Medium
129221,High
763696,Medium
1895524,Medium
2260051,Low
1569880,Medium
2240759,Medium
1933638,Medium
634179,Low
301385,Medium
1034270,Low
224082,Medium
1167873,Medium
124926,High
862760,Medium
1047655,High
256001,Low
808213,Medium
2191563,Medium
845560,Medium
1416481,High
299092,Low
2003432,High
193282,High
399627,Low
1430699,Low
1515017,Low
635864,Medium
1445271,High
1763444,High
2119217,High
1218380,High
92141,Low
1366988,High
1623274,High
63064,Medium
833581,Medium
875841,Low
141212,Medium
1973174,Low
2213475,Medium
11020,Medium
2041403,Low
216993,High
269983,Low
774522,High
519106,Low
1289642,Low
109497,High
993969,Medium
1873956,High
2069010,Medium
1881949,High
1541085,Low
530041,High
636698,High
2040792,Low
468040,Low
728710,Low
1400045,Medium
1516139,Low
491170,High
1541735,High
28535,High
1439482,High
2028673,High
1714053,Low
482809,Low
694318,Medium
1359614,Low
2097674,High
2108389,Medium
2101613,Medium
1418997,Low
2054637,High
1258061,High
1552122,Medium
928524,High
2001463,Low
1748616,Low
643284,Medium
2151533,Low
469784,Low
530908,High
2068491,Medium
159114,High
894456,Low
1152765,High
479557,Medium
1613091,Medium
498523,Medium
160373,High
1453565,High
1983007,High
2034731,High
2209912,High
1560162,Medium
2216684,Medium
1009019,High
1972241,High
608684,Medium
1711187,High
2305139,Low
1064737,High
977131,Low
2147477,High
176937,High
504615,Low
461695,Low
1083558,High
61368,Low
1290341,Medium
1044325,Low
119534,Low
1519322,High
151570,High
1615663,Medium
1815863,High
569886,Medium
454395,Medium
1038071,Medium
2194283,Medium
1306519,Medium
386437,High
1597740,Medium
260854,Low
527792,High
1094490,Low
1667401,Medium
1413212,Medium
1740507,High
421749,Medium
659652,High
1949032,Low
1920490,Medium
2285300,Medium
387343,High
1947459,Medium
1834376,Low
971502,Medium
1540409,High
1215538,Medium
1690293,High
1235108,Low
172086,Low
131559,Medium
1274729,High
86897,Low
1499895,Medium
1004732,Low
853772,Medium
1982914,Medium
44218,High
2296555,High
1925406,Medium
49770,Medium
1730577,High
1908280,Medium
1765318,Medium
702493,Low
1651074,Low
1381752,Medium
1265582,Medium
1262500,Low
1605185,Low
1709296,Low
10140,High
1774196,High
1632972,Medium
2063604,Medium
446205,Medium
2251359,High
1332335,Low
2119618,Low
1592464,Low
1525750,Low
1504960,Medium
1976479,Medium
310233,Medium
1676741,Low
2037406,High
1617003,High
2298856,Low
995408,Medium
1569330,Low
504030,High
1899745,Medium
847731,Low
120272,Low
1009601,Low
1944867,High
300403,High
257500,Medium
137502,Medium
232123,Low
1386567,Low
2092106,High
2055941,High
1073692,High
2317186,High
440468,Medium
1724243,Medium
1786563,High
1230915,Medium
1134267,Medium
787010,High
1110300,Medium
1091292,High
1812471,Medium
112347,High
239374,Medium
1480512,High
1545288,Medium
1667324,High
11222,Low
1108462,High
1463052,High
1472857,Low
1472589,Low
341358,High
390042,High
196381,Medium
1789929,Medium
1199449,Low
818325,Medium
1829120,High
245178,Medium
827261,High
1798577,Medium
922740,Medium
500796,High
1316913,Low
1313473,Medium
287963,Medium
264250,Low
669924,High
69905,Low
628276,Low
687078,High
105333,Medium
689234,Medium
816085,High
472212,High
1613114,Medium
158343,Medium
1401140,Low
551135,High
1263090,Low
2096790,Medium
1845239,High
2204924,High
37111,High
1552062,Low
924019,High
1711876,Low
1643379,Medium
2290141,High
172747,Medium
636642,Low
397826,Medium
1074083,High
458058,High
686952,High
99983,Low
1240547,High
801896,Medium
306363,Low
2048313,Low
159429,High
290720,Low
836852,Low
550030,Medium
1084722,Medium
831198,Low
1040366,Medium
178528,Low
1465585,Low
1455862,Low
1725676,Medium
2111591,High
1732519,Medium
1721593,Low
1173211,High
668245,Medium
910599,Medium
824219,Low
630489,Low
1668639,Low
2112620,Low
271797,Low
479606,High
774305,Medium
308730,High
1794566,Medium
1223586,Low
2242296,Medium
1751579,Medium
884440,Low
2280218,Low
2026953,Medium
1254785,Medium
2059828,High
1033195,Low
1700424,High
160521,High
2155353,High
1721161,Low
1891111,High
680848,Low
503504,Low
1792505,Medium
1420539,Low
1817369,Low
1701062,Low
863127,High
1128425,Low
1392665,Medium
748733,High
989753,Medium
1850707,High
1191243,Medium
2290984,Medium
1147297,Low
1044453,Low
1961694,Low
841820,Medium
1020504,Low
1411243,Medium
1806700,Medium
1564438,High
1679508,Medium
46537,Medium
892004,High
1425560,Low
1245050,High
2322078,Low
2284843,Medium
916493,Low
1634231,Medium
839617,High
18428,Low
1166356,Low
1610172,Medium
109425,Medium
325195,Medium
1917740,Medium
1084929,High
1516503,High
1102514,Medium
1543877,Low
1311520,High
1318727,High
539693,Medium
415875,Low
1182906,Low
2326195,Low
319191,High
1008930,Low
333045,Medium
58266,High
2314901,Low
709911,Low
706197,Medium
1367420,High
787420,Low
162944,Medium
1232756,Low
1872931,Medium
331614,Medium
1853524,Medium
2030424,Low
717903,Medium
753352,Medium
1397021,Medium
2063932,Low
1905649,Low
1900591,Low
950414,High
1915337,Medium
1552975,Medium
379972,Medium
604226,Medium
285517,Medium
266554,Medium
738411,High
752985,High
1873934,High
1597408,High
540019,Low
726218,High
757355,Low
1205204,High
2324231,Low
2082672,Low
1694747,Medium
587608,Low
52439,Medium
1033124,Low
1506080,Medium
163310,High
1596962,Medium
2181665,Medium
745875,Medium
67270,Medium
382653,Low
1655491,High
1751524,Low
1989554,Low
2174863,Medium
41306,High
1609701,Low
2289554,High
615899,Medium
16244,Low
1403244,High
826357,High
798546,Low
1614795,Medium
2298512,High
63703,Low
67870,Medium
122453,Medium
96566,Low
1520121,Medium
1603666,Medium
350543,Medium
1843679,Medium
1758451,Medium
1983484,High
2263227,Medium
2025061,Low
1096027,Medium
527877,Medium
159988,High
1014548,Medium
1096863,Low
29388,Low
1958310,High
1405085,Medium
2183526,Low
1164488,Medium
266361,Low
881281,High
2217012,Medium
1692713,Medium
547033,Low
1932471,Low
273866,Low
46701,Low
216879,High
1969441,High
474413,High
211534,Medium
698978,Medium
1999350,High
1166244,Medium
499889,High
681189,Low
1442633,Low
2125791,Medium
821117,High
1244832,Medium
73882,Medium
1671323,Low
2193172,Low
174480,High
2022795,Low
115718,Low
406553,Medium
1796706,High
1190543,High
604838,Medium
1171727,High
2008277,Low
2007354,High
1336466,Medium
1464775,High
682709,Medium
269012,Low
2222110,Medium
1761249,Medium
1794394,High
2005432,High
245391,Medium
1299878,Medium
906587,High
2212021,Low
781773,Medium
216667,Low
687011,Medium
487768,High
1668297,Low
2024460,High
1436225,Medium
1752142,Medium
2070434,Medium
1756608,Medium
1330679,Medium
1541000,High
1421840,Medium
1455351,High
148839,High
533391,Low
1956221,High
1325337,Medium
1413269,Low
600922,Medium
435166,Medium
1579144,Medium
1664815,Low
313182,High
208297,High
721489,High
1629543,High
1046996,High
2035118,Medium
1714245,Medium
1749736,High
241404,Low
133830,Medium
1623346,Medium
581531,Medium
1203156,High
2314758,High
1444328,Medium
1717942,High
1882286,High
1068769,Medium
1679958,Medium
2090640,High
1375944,High
593660,Low
930083,High
1963031,Low
1227960,High
286769,High
1411425,Low
884603,High
2225040,High
605476,Low
334413,Low
488249,High
706034,High
544502,Medium
1446179,Medium
97876,High
837549,High
1363548,Medium
1598590,High
1622065,High
1626043,Medium
2263440,High
928663,High
485406,High
1177707,High
1371059,High
369442,High
104088,Medium
1426184,High
2109610,Medium
447296,High
2006492,Low
1264545,High
1891532,High
1441071,High
1810402,Medium
716416,Low
1455273,High
1285571,Low
1563777,Medium
728831,Low
697744,High
965284,Low
945226,Medium
1632059,Medium
429879,High
1007030,Medium
1660924,High
1888697,Low
1784934,Low
1986312,Low
394820,Low
1922493,High
1122798,Medium
321765,Low
876603,Low
1183580,High
1837319,High
906099,Medium
555429,Medium
1204192,Low
1762377,High
1468918,Low
1212942,Medium
2062752,High
479096,Low
2245129,Low
691637,Medium
2128745,Medium
1021344,High
978065,Low
1847071,High
1811899,Low
1938530,High
208637,Medium
107647,Medium
915538,Low
1559440,Low
1543514,Low
445943,Low
830309,Low
723159,High
1455958,Low
93219,Medium
1551024,Low
105512,Medium
163581,Medium
892590,Medium
496206,High
496330,Low
278237,Low
2276990,Medium
1284378,High
664429,Medium
2167786,High
1560136,Medium
612661,High
505324,Medium
739541,Low
499880,Medium
480712,High
1367469,Medium
1185699,High
670717,Medium
1467264,High
248383,High
1110290,High
124692,High
546551,High
1177620,High
1918310,High
2220454,Low
2079455,High
2256244,Medium
1796655,High
666452,Low
1842888,High
2122774,Low
1270691,Medium
284810,High
619168,Medium
611820,Medium
504739,Low
1974761,Low
734516,High
1172244,Medium
882684,Medium
114234,Low
1046516,High
1289752,Medium
1380799,Low
1674136,High
10312,Low
1383263,Medium
231695,Low
1515145,Medium
1506137,Medium
1009731,Low
1297279,Medium
426944,Low
282977,High
259070,High
1773765,High
1429065,Low
788349,High
1464950,Medium
44831,Medium
1132448,Low
2006511,Medium
777730,High
786731,Medium
2119539,High
783862,Medium
1816134,High
156515,High
359801,Medium
336440,High
1858397,Low
1755353,Low
1140438,Low
423884,Low
1763408,High
1385913,Low
1658803,Low
698464,Medium
1077475,High
2204095,Low
1260821,Medium
1886368,Medium
1199570,Medium
466757,High
2058053,Low
1160315,Low
600781,Medium
2125154,Low
934144,Medium
1007419,Low
2100446,Medium
1465485,Medium
1758588,Medium
850018,Low
2196736,Medium
1538044,Low
861295,Low
1916876,High
1648763,High
627133,Medium
1693211,Medium
930112,Medium
1370921,High
1346000,High
782169,Low
1768246,Medium
656914,Medium
133952,Medium
1192317,High
504407,Medium
1574674,High
978611,High
917536,Medium
1770339,High
1236919,Medium
2138850,High
1719655,High
1208291,Low
1712818,Medium
577732,High
1348434,Low
296830,Medium
1587273,Medium
2058297,Medium
1209917,High
263999,Medium
2055276,Low
991365,Low
776576,High
1921039,High
913272,Medium
35184,High
468735,High
1965249,Low
66019,High
595136,High
64991,Medium
1291051,Medium
64521,Medium
1681204,High
2026486,Medium
149999,High
2076356,Low
1327088,Medium
1796152,High
1286911,High
1394376,Medium
1957694,Low
757549,High
209349,Medium
1604264,High
1419789,High
1154484,Low
579130,Medium
2011013,Medium
146317,Medium
366739,Low
1766695,High
2117729,Medium
2026650,Medium
1635400,Medium
741980,Low
984000,Low
327134,High
1058670,Medium
1347280,High
1928155,Low
751095,High
205628,High
194870,Low
319303,Medium
577512,Low
800710,High
314374,Medium
325274,Medium
23486,High
786425,Medium
1363355,High
1039377,Medium
2261168,High
2206817,Low
710180,High
1695993,Low
1806624,High
2155042,Medium
81100,Low
1647525,Medium
1284290,Low
1865972,Low
782034,Medium
876353,High
1526228,High
1431974,Low
850232,Medium
1432535,High
2189835,Low
462588,High
100037,High
1746402,High
1518854,Medium
1733035,Low
955969,High
1603786,High
1384172,Low
725647,Low
1474452,Medium
1994081,Medium
1674350,Medium
1308196,Medium
1556435,Medium
617821,Low
146663,Medium
1766590,Medium
630304,High
775604,Low
1949423,High
690218,High
1582847,Low
1838293,Medium
1525040,Low
964534,Low
1203232,Low
9453,High
1745447,High
506485,Low
1587592,High
1463964,Medium
2189898,High
1406869,High
1424968,High
1051289,Low
1699735,High
2053160,Medium
1406824,Medium
2275644,High
2313954,High
856326,Low
2257775,Medium
1502640,High
1174591,Medium
1081631,Low
177135,Low
1539205,High
2049275,Low
1109878,High
1372886,Medium
2200894,High
1563795,High
1355368,High
24133,Medium
1590472,Medium
1095791,High
907820,Low
634962,Medium
472101,Medium
1121481,Medium
1238685,Low
1243139,Low
194798,Medium
1912146,Low
1626529,Low
509266,Medium
239200,High
350458,Low
154096,High
1284166,High
165876,High
1807221,Medium
1576108,High
1752646,Low
1872161,High
825783,Medium
1693837,Medium
1495403,High
706234,High
753231,High
1492835,Low
48987,Medium
1270482,Medium
1683694,Low
1193344,Medium
1307145,Medium
39881,High
343498,Medium
970914,Medium
51999,Medium
1628349,Medium
650605,High
1432194,Medium
1913235,High
489537,High
545013,High
2083583,Low
1761030,Medium
781708,Medium
2155246,High
2294646,Medium
1489994,Low
972969,Medium
1959804,Medium
376244,Low
1299040,Low
825356,Low
1348188,High
1019270,Medium
529229,Medium
36926,Medium
1495539,High
2015825,High
1604280,Low
1479570,Medium
158354,High
1354727,High
1993284,High
456758,High
2172781,Low
1255842,Medium
1331389,Low
1687753,Low
1726051,High
923762,Low
1107302,High
1730097,Medium
1196511,Low
369259,High
564975,High
1038081,High
1234138,Medium
198607,High
211619,High
605456,Medium
1323952,Low
21813,Medium
1125614,High
1342409,High
2212324,Low
232510,Low
1423259,Medium
1759619,High
234202,Low
437122,High
1417856,Medium
2317745,Low
218530,High
1008781,Medium
667594,Medium
1778063,High
614158,High
23338,High
479621,Low
2126123,Medium
908120,Low
636559,Medium
488978,Low
1025898,High
1725045,High
204857,High
367502,Medium
653219,Low
162934,Medium
48943,High
83796,Medium
2039841,Low
576124,Medium
1077194,Low
1587091,High
889645,Medium
1224453,High
1078917,High
2319543,Low
1945617,Low
1926821,Low
387224,Low
829233,Low
1836246,Medium
1688073,Medium
459611,High
1690013,High
1338107,Medium
652472,Medium
1677707,Low
868342,Low
1020343,Low
24692,High
106467,High
271777,Low
1814161,Medium
2180128,High
1379806,Low
1888616,High
39927,Medium
1159424,Low
1868950,High
1171483,Medium
1357453,Low
1559107,Low
1102226,Low
1308029,Medium
2121476,High
958946,High
857768,Low
842247,Medium
1026379,Low
893725,Low
561731,Medium
765070,High
1214183,High
1310867,High
766163,Medium
1626989,High
955142,Low
7879,High
165585,Medium
1406204,High
2091360,Medium
1808611,High
1864801,High
992805,High
1328400,Medium
1590985,Medium
749408,Low
2186994,Medium
1990508,High
41336,Medium
2027904,Low
1308162,Low
439637,Medium
1671087,Medium
619367,High
438547,High
1947044,High
176310,High
371587,High
1148337,Medium
75103,High
2058317,High
789876,High
476776,Medium
768473,Medium
1536395,Medium
489761,High
2195543,High
2186396,Medium
599777,Low
1361691,Medium
1034531,Low
1150592,Low
1026456,Medium
1015448,Low
2083953,Medium
1503118,High
2055457,Medium
1412134,Low
291185,Medium
2115502,Low
1894409,High
1277217,Low
109365,High
1348189,Low
57256,Medium
1082327,Low
1657264,High
1673486,High
1427141,Low
1142026,Low
348497,High
1088989,High
1648626,High
1494999,Low
1066720,Low
18894,High
623628,Medium
118825,High
1487921,High
303212,High
646172,Low
1934232,Medium
1560784,Medium
926767,Medium
1900939,Medium
224289,Medium
1597244,High
2148996,Low
195712,High
526106,High
1093357,High
2283230,Medium
370879,Medium
914294,Medium
943958,High
1674525,Low
2325494,Low
1916544,High
1134899,Medium
1572445,High
1027552,Low
597422,Low
939632,Low
1070706,Medium
1641439,High
38821,High
1455760,Medium
2147546,Low
83470,Medium
2101842,Low
1183795,High
423579,Low
86133,High
2133555,High
1758137,Medium
1138493,Low
2048289,High
36145,High
225142,High
1322708,Medium
2247111,Medium
2041521,High
694759,High
1786128,Low
1186115,Medium
697298,High
885576,High
2213515,Medium
1341738,High
1638086,High
1435961,Medium
313498,Medium
1304997,Medium
285827,Low
1253210,Low
131420,High
516501,Low
1434255,Medium
570086,Medium
232751,Medium
990598,High
91375,Medium
1454512,High
276384,High
843145,High
1626423,Medium
2186645,Medium
1247127,Medium
1416026,High
1314672,Medium
322961,Medium
914743,High
1671635,Medium
1368271,High
269747,High
1564401,Low
2234215,High
2159180,Medium
1913295,High
1797138,Low
1014382,High
47804,Low
245667,Medium
1215669,Medium
1322611,High
1603667,Low
2266175,High
167788,Medium
305516,Low
1438334,Medium
1115293,Low
10622,High
320390,Medium
512308,Medium
1252837,Low
302402,Medium
1091614,High
2269557,High
1229008,Medium
288512,Medium
91800,Medium
2132527,High
2250008,Low
1410487,Medium
1777834,Low
2007490,High
252143,Medium
925645,Medium
1420952,High
1373136,Medium
1103642,Low
533450,Medium
864155,High
846875,Low
1595289,Medium
1096533,Medium
1158478,High
1510208,Low
1150840,High
2265684,Medium
1620036,Low
15862,High
311333,High
972734,High
507875,Medium
4107,Medium
2325564,Medium
2185942,Medium
1414919,Medium
1336180,Low
1720601,Medium
834135,High
25116,High
2317889,Low
1292860,Medium
1108058,High
869652,High
1819784,Medium
314865,Low
110351,Medium
1009124,High
1153801,Medium
1528735,High
414057,High
46388,Medium
2160346,High
997443,Medium
1462169,Medium
15860,Medium
747583,Medium
1316004,High
8949,High
2214091,Low
884698,Medium
767875,Medium
1016113,Medium
1569455,Low
1622195,High
504605,Low
1859930,High
462052,High
693250,High
1478364,Medium
1323380,High
669991,High
33310,High
1621847,High
555230,Low
1606073,Low
1501382,High
1873653,Low
121053,Low
703464,High
2263983,Medium
636602,High
6036,Low
1158343,High
1156982,Low
2065859,Medium
2138434,Medium
1310544,Low
382458,High
116186,Medium
1478378,High
605449,Low
1711441,Medium
1083683,High
1739412,High
1718485,Medium
1811213,Low
751083,High
1915520,High
618372,Medium
1047345,High
409055,High
578419,High
1149394,Low
1583506,Medium
1399380,Medium
1405790,High
1667678,High
1143839,Medium
1268222,High
1962106,Medium
877987,High
1826609,High
94386,High
1835162,Low
1547412,High
849332,Low
869012,Medium
708614,High
1047418,High
2251649,High
1094681,High
315054,High
2049128,High
1240741,Medium
1805325,High
2141220,High
1676313,Medium
200623,Low
67549,Medium
1076658,Low
1777620,Medium
1989247,Medium
1705364,Low
138448,High
782628,High
2099657,High
1162763,Low
494413,Medium
994354,Medium
1289234,Medium
779901,Low
1661446,Low
1222148,High
1052015,Low
1053417,Low
648346,High
616610,High
1409068,High
1788613,Medium
2053375,High
1606774,Medium
655485,Medium
400452,Medium
1488429,Medium
690069,High
461412,Medium
212946,Low
450652,Low
1150710,Medium
1849902,High
383931,Medium
2313180,Medium
911063,Medium
484807,Medium
2178561,Medium
774700,Low
78481,Medium
1394206,High
1283971,Low
518579,Low
1165458,Medium
1812755,High
1082490,High
1582921,Low
1090599,High
1692366,Low
1873033,Low
906287,Medium
1039372,Medium
1318555,Medium
322889,Medium
1169522,High
1745593,Medium
1512180,High
722368,Low
452204,High
239864,High
1322361,Low
976392,High
1270380,High
1163564,Low
1008962,High
2133455,Low
1697801,Medium
1280117,Medium
2229668,Medium
2216050,High
864476,Low
1005301,Medium
1178798,Low
2179343,Medium
1579456,Medium
369815,Low
1926190,Medium
871935,High
1609382,Low
1055165,High
2059270,Low
1576364,Low
318114,Low
567526,High
499049,Medium
208388,High
831939,Medium
1992235,High
1153355,Medium
1518943,Medium
715918,High
781936,Medium
137141,Medium
939721,Low
2160348,High
1677552,High
1621641,Medium
685299,High
1205726,Low
1149130,Medium
112235,Low
215899,Low
563917,Medium
2120416,Medium
3248,High
2289410,Medium
457458,High
1496268,High
994604,Low
47532,Low
1780040,Low
238578,Medium
835560,Low
335641,Medium
2289747,High
2289016,High
920607,Medium
1213721,High
1996871,Medium
95534,Low
1771338,Medium
718450,High
2226364,Medium
606079,Low
1568189,Low
1783611,High
271243,High
153640,Medium
133999,Low
2281184,High
1854212,Medium
732973,Low
496426,Medium
1979208,Low
1132672,Medium
1941401,Medium
1635421,Medium
622274,Medium
1961368,Low
255548,High
1629734,High
1939884,Medium
1093300,Medium
2297858,Low
1894566,High
602696,Low
1329636,Medium
1446620,Medium
131576,Medium
1851396,Medium
1973663,High
567888,High
735183,Medium
1316130,High
2227705,Medium
317605,High
472741,Low
205395,Low
1337456,High
282970,Low
804199,Medium
1544506,High
754769,Low
1916098,Low
1536627,High
1097926,High
2254498,High
1570351,Medium
670341,High
744937,Low
1817443,High
465339,Low
1137679,High
477962,High
1819704,Medium
772309,High
2066554,High
599790,Low
2063898,High
1386466,Medium
838232,Low
974861,Medium
903715,Low
254546,Medium
760717,Medium
1253075,High
2011496,High
1452476,Medium
1215440,Medium
621723,High
96811,High
62008,Low
1097638,Medium
1718882,Medium
1940681,Low
1985154,High
789745,High
374628,High
2055846,Medium
581743,Medium
2285107,Medium
1715436,Low
395805,High
359952,High
1275274,Medium
143442,High
843833,Low
775145,Low
58835,Medium
432274,Low
1945656,Medium
2076148,Medium
1044337,Medium
1986170,Medium
1837251,High
1148787,High
2008950,High
1109724,High
674968,Low
1372974,Medium
1642800,High
1842632,Low
1511848,Low
2108445,Low
883190,High
694377,Medium
378519,Medium
1950669,Low
1183826,Medium
411508,Low
521338,Medium
2104189,Medium
30782,High
1698467,High
1704119,High
1559149,Medium
2014351,Medium
1681835,High
318367,High
378933,High
334780,Medium
2210148,Low
1008830,Low
130717,High
2143907,High
2018480,Low
1035124,High
1077636,Medium
511831,High
1927072,Medium
46477,High
811218,Medium
282808,High
438078,High
1771896,High
671014,Low
1319306,Medium
288923,Medium
1119160,Medium
1209825,High
386921,Medium
98715,Low
943773,Low
615252,Medium
1808723,Low
879817,Low
798034,High
996959,High
1383622,High
83580,High
1884156,High
1602642,Medium
25919,Medium
573824,Medium
971084,High
899566,Low
301339,Medium
2235241,High
1975381,High
2288184,High
1907262,High
1566730,High
1603405,Medium
1707121,High
1909703,Medium
2177340,Medium
766603,High
2114554,Low
282530,Low
2143295,Low
1043113,Low
700656,High
1641670,Medium
760673,Low
103310,High
816050,Low
768934,High
927821,Medium
1957165,Low
1118238,Low
1646370,Medium
1895793,High
1590699,Medium
1652154,Medium
1971625,High
527145,Medium
612235,Low
707851,Low
1477818,High
1383174,Medium
63553,Medium
104809,Low
582842,High
771,Low
1644127,Medium
1233090,High
795527,Medium
1330659,Low
966026,High
1085287,Low
243422,Low
1401187,Medium
669130,High
1382720,High
891177,High
1521781,Low
1029306,High
1342960,Low
100533,High
2174096,Medium
493527,Medium
2308298,Medium
1227657,Low
1363058,Low
790321,Low
1145152,High
1927654,Low
1793211,Medium
83590,High
2000613,Low
721934,Medium
733504,Medium
1011777,High
1533873,Medium
929581,High
146160,Low
1735390,Medium
1094102,Low
456258,High
376233,Low
2142519,Low
95567,High
185016,Low
1006653,Low
304246,Medium
1020819,High
1592453,Low
1115507,Medium
1725754,Medium
1563090,Medium
2268412,High
34099,Medium
2134740,Low
1598166,High
357451,High
1840084,High
1772487,High
2015003,Low
1955876,Medium
844586,Medium
1116228,Low
240075,High
51361,High
194347,Low
1402983,High
1803179,Low
2315279,Medium
1180986,Medium
434361,High
1132200,Medium
2266552,Medium
746012,Medium
56203,Low
363917,Low
1384254,High
40559,Medium
1382717,High
53489,High
2308831,Medium
859010,Medium
2246752,Low
1522033,High
1070674,Medium
857325,High
246629,Low
1902076,High
1527847,High
22034,Medium
1329084,High
2153040,High
966947,Medium
733719,Medium
1921418,High
245491,Low
1797421,Medium
764406,Low
1044477,Medium
922542,Medium
688164,High
72882,High
474750,High
1489274,Low
1972988,High
945002,Medium
1952800,Low
2095068,Medium
194250,Medium
1467773,High
830371,High
840098,Medium
307570,High
1920573,High
971070,Medium
1187652,Medium
1552204,Low
1653599,Low
73748,Medium
922035,Medium
1637707,High
956238,Medium
315051,Low
515868,High
728368,High
1920586,High
2109264,High
350379,High
477204,Low
1696500,Medium
1879772,High
1720725,Low
593944,High
1949897,High
2162738,High
894308,High
797115,Low
2084073,Medium
1336729,Low
1957248,High
1407161,High
89399,Medium
309097,High
1051433,Medium
1095921,High
111120,Medium
1442183,Medium
183142,High
773356,Low
746663,High
1106294,Medium
4908,Medium
726852,Medium
1148418,High
1798311,Low
422083,Low
627032,Medium
1882093,Medium
2154101,Medium
2248221,Medium
378005,Low
1422503,Medium
1241221,High
1854322,High
960875,Medium
812732,Low
5822,Medium
1696051,Low
1595843,High
2276863,High
295847,Medium
578553,Low
2008519,High
976044,High
2218404,Medium
566077,Medium
1000592,Medium
1689519,Low
684259,Medium
72868,Medium
355374,Low
1560834,Medium
1773065,Low
1762508,Medium
559829,Medium
1682709,Medium
2116615,High
2293439,Medium
89666,Medium
1492561,Medium
2108173,High
1118962,Medium
1474080,High
1212573,Low
1554101,High
1570974,High
1272815,Low
963895,High
858287,High
648848,High
138367,Low
954895,High
1578012,High
354395,High
380090,High
1197905,Medium
614961,High
1721990,High
423738,High
764398,High
804202,Medium
1579418,Medium
2144051,Medium
1981471,High
578633,Medium
1324556,Medium
2033481,High
745844,Low
2093296,Low
132791,Low
398939,High
2237281,High
1993944,High
1377251,Medium
1960816,Medium
397892,Medium
1133939,Low
1930225,Medium
2219763,High
189550,High
141183,Medium
1214851,High
1254747,Low
59955,High
1317308,High
928212,Medium
864161,High
901716,Medium
2048371,High
1335860,High
1947457,Medium
333291,High
716407,Low
1264167,High
1902292,High
1301966,High
2065836,High
193150,High
1663178,Medium
1448348,Medium
2044656,High
1640470,High
1204443,Low
390200,High
902398,Medium
776104,Medium
2287681,High
77294,Medium
24487,High
1089818,High
1569461,High
1765223,High
1713079,Medium
639976,Low
331702,High
2266966,High
571161,Medium
360322,High
205927,High
1020264,Medium
1950975,Low
744003,High
439575,High
1972481,High
441716,Medium
2141139,High
1546929,Low
5526,Medium
245390,High
578745,Low
1330385,Low
1502121,High
1817969,Medium
1906913,Medium
1522679,Low
1183752,Low
200281,High
739831,Medium
127804,High
1777601,Low
615467,Medium
430745,High
1566271,Low
213780,High
759424,High
1210604,High
151698,Medium
1115532,High
264939,Medium
514698,High
21106,Medium
2082577,High
1239067,Medium
874899,Low
1292112,Medium
1217441,Medium
61450,Low
317423,Low
250216,High
143117,Medium
957714,Low
636100,High
1911555,Medium
608966,High
1201018,High
1190443,Low
2324621,Low
1520202,Low
2229386,Medium
874505,High
2169003,Medium
2224539,High
1470043,High
1076715,Medium
187317,Medium
1363286,High
603918,Low
756569,Low
258444,High
454213,Low
1687969,Medium
1927218,Medium
703540,High
1469576,High
671553,High
2116606,Low
1834449,Medium
1187259,Low
1782088,Medium
526970,High
913766,Low
1369449,High
2295990,Medium
1431910,High
630090,Medium
1141222,Medium
1461938,Low
936122,Medium
1151501,High
238982,Medium
1967825,High
1095555,Medium
2251725,High
855649,High
748920,Medium
566145,Low
320650,Medium
1369827,High
563437,High
398758,Medium
1319760,Low
179275,Medium
1371068,Medium
598419,High
2234224,Low
650627,Low
1199366,High
1855201,High
1562723,High
1166919,Medium
2297928,Medium
261760,High
2059786,High
468386,Medium
1506826,High
971458,High
459795,Medium
851280,Low
2208584,Low
1169918,Medium
535148,High
923856,Medium
1791026,Low
2144091,High
1519947,High
1019232,Medium
695730,High
933031,Medium
294936,Medium
1465191,Low
340043,High
1048555,Medium
1484877,Low
130972,Low
2213857,High
937313,Low
1481413,Low
521755,Medium
1082706,Low
1016167,Medium
395885,Medium
917185,High
1198315,High
477185,Low
1515450,Low
1363510,High
660008,Low
1932189,Medium
1361474,Low
152750,Medium
443539,Low
2065044,Low
1568325,Medium
241494,Low
1152865,Medium
1341505,High
1342581,Medium
948413,Medium
84924,Low
173060,High
1488932,High
2293351,High
476705,Low
188725,Low
2042696,Medium
1750161,Medium
2282587,High
1635274,High
130143,Medium
1520459,Medium
249862,Medium
1048981,Low
528328,Medium
464600,High
2058709,High
1321878,Medium
1627300,High
1649469,Medium
1995082,High
223338,Low
83655,Medium
2080787,High
170248,High
625642,Low
1126162,Medium
140282,Low
1705077,Low
1821262,High
1857215,Low
38814,Low
1032411,Low
1676189,High
799371,Medium
1391886,Medium
86900,Low
1738163,High
810890,Low
2268840,High
964166,Medium
948153,Low
1557316,High
20985,High
983257,High
257560,Medium
1475806,High
881002,High
1884900,High
1334164,Medium
1567896,High
1453608,Medium
1048765,High
2066213,High
1553819,Low
1238440,Medium
1418600,High
863264,Medium
2240760,High
2188683,Medium
2130896,High
1312646,High
1144619,High
745934,High
853118,High
2063506,Low
538693,Low
2092792,Medium
109992,High
202300,High
2065516,Medium
1322561,High
620224,Low
285656,Medium
416244,High
879787,High
2026086,High
241837,Low
332869,Medium
1717553,Low
1698408,High
100357,Low
201078,Medium
1560381,Low
1234364,Medium
424939,High
1465547,High
2184964,High
1549667,Low
1791799,Low
137247,High
1573952,Medium
1220188,Medium
254994,High
874154,Medium
1588063,High
1090674,Low
444977,High
1300569,Medium
1911327,Medium
1970259,Low
892899,Medium
1036179,High
1161320,Medium
1680437,High
1234726,High
1075016,Medium
556280,Medium
676676,High
1646008,High
1187217,Medium
2039364,Low
1713617,High
1504434,High
1626894,Medium
222064,Medium
2067312,Low
1995797,Medium
440601,Medium
1057493,Low
1121514,Low
1666577,High
1915662,Medium
1544914,Medium
883992,High
1778828,High
611365,Low
1531189,Low
141524,High
2109494,High
1481034,Low
1284578,High
1055844,Medium
1332864,Medium
2253633,Medium
1420686,Low
1523906,High
270031,High
1533015,Low
409426,Medium
1398469,Medium
1325826,Medium
1866951,Low
950566,High
624815,High
1297680,Medium
474476,High
1536610,High
989398,Low
1185450,Medium
2243573,Low
911646,Low
1391125,Medium
501453,Medium
1444925,Low
803458,High
1809038,High
729039,Medium
1404256,High
1059527,High
1866426,High
1703161,High
891309,Low
1382401,Low
2199460,Medium
1208339,Medium
455425,Medium
364252,Medium
2138126,Medium
1517751,Low
1480107,Low
1642355,Low
7716,Medium
1560683,High
2156542,Low
1881948,Medium
2279354,Medium
287252,High
1209040,Low
1437514,High
2083999,High
247631,Low
428809,Low
2059660,Medium
1070434,Medium
674916,Medium
610063,Low
1655559,Low
554715,Low
1766170,High
2070670,Medium
536771,Low
1223223,High
2188360,High
1630158,Medium
1936285,Low
1003699,High
2194228,High
1975317,Low
968150,Medium
490930,Medium
2223299,Medium
288713,High
2196189,Medium
1661877,High
2288469,High
2211025,Medium
1320304,Medium
1857964,Medium
991770,Low
2082316,High
1018995,Low
407002,Medium
2121936,High
118040,Medium
1443726,High
16103,High
1462267,High
713955,High
1416949,Medium
1831501,Low
2166915,High
400861,High
1020424,Medium
2221312,Medium
290362,Medium
2129186,Medium
880308,Medium
2288220,Low
2037678,Low
763722,Medium
43219,Low
1590505,High
1176595,Medium
1776583,Medium
1917355,High
297659,Low
1515375,Low
705957,Medium
2156742,High
883558,High
2219004,High
2268583,Low
2025569,Low
1013442,Low
2014131,High
1376540,High
405645,Low
1383010,Medium
1483059,Low
1748221,High
1308084,Medium
737593,Medium
918070,High
1878216,High
615243,High
347946,High
1416767,Medium
2077983,High
1221607,Low
380474,High
1254555,Low
580396,Low
286813,High
934692,Low
1326377,High
2031047,Low
808775,Medium
2035448,High
29062,Low
151059,High
153998,Medium
499267,High
26789,Medium
1023118,Medium
709754,Low
2272335,Low
467577,Medium
2178231,High
1023652,Medium
1646603,High
328843,Medium
1446390,High
1440331,High
1701589,High
861265,Medium
1669894,High
1705893,High
1984854,High
646495,Medium
2137294,Low
178340,Low
1357554,High
2239474,Medium
524770,Medium
1469587,Medium
654880,Medium
2155202,High
576880,Medium
900676,High
82715,Low
982896,High
1342884,High
721330,Medium
1041953,Low
1468497,Medium
2031730,High
1887317,High
397838,High
1114562,High
206407,Medium
2124229,High
8212,Medium
898565,Medium
819052,Low
1706294,Low
734498,High
1231889,Low
1503519,Medium
621025,High
382913,Low
597755,Medium
136614,High
1705652,Medium
1211239,Low
1032305,High
604943,High
1494336,Medium
1139684,Medium
1963016,High
1155407,High
2038520,Medium
2078623,Medium
1273698,Low
340146,Medium
1950817,High
722794,Low
1972077,Medium
1822467,Medium
2011657,High
719221,Medium
1373521,Medium
1218637,Low
703064,High
982181,Medium
1819393,Medium
1719546,Low
545404,Low
712963,Medium
46024,High
517097,Low
2272327,High
2031515,High
1228952,High
702377,Medium
605960,Medium
556685,Medium
183308,Low
661370,Medium
1441154,High
2288745,Low
2110445,Medium
1511024,Low
296401,High
2293103,Medium
1531853,Medium
573130,High
70156,High
1889571,Medium
1553893,Low
585136,Low
1850293,Low
377393,High
1118739,High
294024,Medium
1003784,Medium
322579,High
1544314,Low
2064612,High
1174676,Medium
1552498,Low
1897109,Medium
1017416,High
2276146,Medium
1838415,Medium
472669,High
2032276,High
1738824,Medium
1050995,Low
681507,High
1196647,High
35633,Low
1368476,Low
1324818,Medium
863038,Medium
1829881,Medium
915581,High
1313842,High
1982770,Low
1854026,High
1024470,Medium
878387,Medium
266534,High
2067671,High
665321,Low
923764,Medium
1379439,High
2107278,High
1439839,Low
2117273,Low
1716350,Medium
1578866,High
1518851,High
2222692,Low
1257693,High
778600,High
1994618,Medium
1799732,Low
103218,Medium
2057049,Low
1998195,Low
89947,Medium
230114,High
258675,High
34,Medium
944536,High
1695826,High
1906925,Medium
2206589,Medium
715914,Low
641377,High
1159198,High
281467,Low
750655,High
526573,High
728241,Low
1196366,Low
1639424,Medium
1418510,Low
151460,Medium
1714093,High
1466444,High
1490212,Low
1283017,Low
635072,Medium
1139243,High
50930,Low
751744,High
866971,Medium
1245990,High
1622929,Low
1939787,Low
61358,High
1809532,High
1508646,High
1545547,High
335233,High
518745,High
1617022,Medium
1072954,Low
1363957,Low
489983,Medium
345551,Medium
436187,High
1026014,High
2126102,High
1851714,Low
662632,Medium
1446251,Medium
1297633,Medium
1884736,High
356212,Medium
221342,Medium
1194342,Medium
1128045,High
2233636,Medium
1502402,Medium
1098044,Medium
160239,High
986170,Medium
1424670,High
2166347,Medium
1635470,High
456227,High
1301656,High
1754416,Low
2198247,Medium
581368,Low
139880,Low
1156805,High
161908,Medium
450722,Medium
474758,High
2124943,Medium
307997,High
1158183,Medium
1874838,High
1773861,Low
1640995,Medium
490126,Low
1415046,High
168837,Medium
905384,Low
742037,High
1987573,Medium
1192570,Medium
968169,High
571785,Low
1906073,High
64302,High
922856,Medium
2271123,High
1677877,High
13546,Medium
180896,Medium
107777,Medium
460236,Medium
239030,High
1620098,Medium
1158963,Medium
778470,Low
2161286,Low
2224833,High
2267945,Low
2164552,Low
162163,Medium
1210485,Medium
1599390,Medium
2132040,Low
1476586,Medium
367673,Medium
508467,High
2143910,High
1756753,Medium
219866,High
2168290,Low
713192,High
732047,Low
1733024,High
2004439,Medium
2077571,Low
2032118,High
2050607,Low
1484332,Medium
1740890,Medium
1783197,High
2015713,Medium
79164,Low
456916,Medium
706350,Low
1957805,Low
452877,Medium
126433,High
2233593,Medium
965666,Medium
2131878,Low
77696,Low
500529,High
36881,Medium
807781,High
998141,Low
270957,Low
1187372,Medium
1701243,Medium
2236940,Low
1834685,High
1361380,Medium
2258485,Low
515184,High
477333,Medium
205212,Low
971031,Low
678064,Low
1790885,Medium
2154096,Medium
296995,Low
1173654,Low
1484733,High
1888742,High
1350249,Medium
590693,High
2194270,High
1127075,Low
2149466,High
1423224,Medium
2321984,Low
1961645,Medium
337413,Medium
893770,High
887630,Medium
929131,Low
1983567,Medium
372719,Low
379069,High
1056876,Medium
2225229,Medium
1472625,High
1709837,High
2088354,High
1296280,Low
2317071,Medium
990311,High
784529,High
671639,Low
1963538,Medium
695056,Medium
1870792,High
130879,High
827705,High
352063,High
1456932,Medium
1400193,Low
1971821,Low
1199432,High
1972216,High
1582297,High
1621328,High
1557936,Medium
528349,Medium
172351,Medium
1778155,Low
195283,High
1396367,High
1712487,High
757284,Medium
1929630,Low
244953,High
368119,High
1993764,High
2295445,High
1384947,High
314118,High
1407749,High
1315277,Medium
1499752,Low
871864,Medium
1461822,High
1028133,High
1636454,High
1559022,High
684286,Medium
1530377,Medium
504885,High
639387,Medium
1947299,Low
2187111,Low
1676530,High
1470466,Medium
1455245,Low
1292177,Low
2012015,Low
740502,Low
1888611,Medium
553445,Medium
722873,High
2093489,Low
2053703,Low
1382654,Low
1624689,Medium
452363,Low
1238876,Medium
2173543,High
1059877,Low
197696,Low
2271926,High
396154,High
1888176,Medium
1941018,Medium
980769,Low
35110,High
678270,Medium
1578369,Low
1264554,Low
320166,Low
886088,Low
1721707,Medium
135360,High
1920718,Low
449001,High
1171697,Low
1032081,High
933496,High
1966780,Medium
1371553,High
1648811,Low
852294,Medium
1403566,High
1945146,High
1657486,High
188590,High
1104975,Medium
876559,High
1373021,High
989438,Medium
77104,High
773414,Low
1910121,High
998649,Low
2163012,Low
1208933,Medium
1715743,Low
1027185,Low
402388,High
1031921,Low
1327755,Medium
1367361,High
762778,Medium
1330222,Medium
28491,Low
588889,High
2172586,Medium
1802112,High
1829928,High
228074,Low
1336252,High
626919,Low
2166166,Medium
1442406,Low
1693764,Medium
1459101,Medium
2030148,Medium
1807637,High
1168194,Medium
307961,Medium
2023592,High
987125,Medium
2060648,Low
2088753,High
1067918,High
153098,High
807707,Low
184238,Medium
2107864,Medium
1998973,Medium
1727443,High
816253,High
2325334,High
2094220,High
1902194,Medium
1691602,High
698975,High
386276,Low
1159092,Medium
798486,Medium
1722890,Medium
557752,High
1667220,High
150655,High
451958,Low
531063,Medium
264750,Medium
299168,Low
2256100,High
405913,Medium
1374152,Medium
765707,Medium
1933995,High
776983,High
725536,Medium
671138,Low
934602,Low
123854,Medium
1133990,Low
1248862,Low
1135002,High
1518082,Medium
1534557,High
1532612,Medium
409933,Low
2122854,Low
2124534,High
674276,Medium
826912,Medium
1277655,Medium
1075451,Medium
54737,High
2064759,Medium
574640,Medium
1065389,Medium
1473293,Low
1886405,Medium
591053,Low
1065147,High
2229007,High
1679354,Medium
417207,Medium
1821110,High
305574,Low
1602072,High
764028,High
1210595,Medium
1701447,High
394023,Medium
571747,Medium
2269380,High
1779637,Medium
845417,High
2260970,Low
114888,Medium
354671,Medium
695863,Medium
281066,Medium
862585,High
201474,Medium
3602,Medium
750554,Medium
351827,Medium
1984150,Medium
336803,High
1689170,Medium
1226584,Medium
634409,Low
1050632,Medium
2321924,High
1695878,Low
1021658,Medium
988410,Medium
1174304,High
1188352,Medium
2112969,High
1817334,Medium
677210,High
829262,Medium
2124684,Medium
1213511,Low
822236,Medium
1768313,Medium
1562183,Low
1033037,High
815501,Medium
1381835,High
1322049,High
1686266,Medium
2215459,High
1013095,High
1406344,Low
853188,Medium
2273018,High
1071452,Medium
1688730,Low
443065,Medium
1131377,Medium
2303287,Medium
884858,Medium
1920074,Low
1124808,Medium
1102802,Low
1900664,High
1592661,High
1098258,High
1442516,Medium
2096317,Medium
706247,High
291558,High
99686,Medium
1099237,Low
1156687,Medium
598877,Medium
1772373,High
1574352,High
1172760,Medium
201025,High
44911,High
610956,High
1006294,Medium
1499168,Medium
219789,Medium
1583840,Low
1706062,Medium
1202960,Low
1567164,Low
1365895,High
1138197,High
118085,Medium
651910,Low
674393,Medium
2048316,Medium
87540,Medium
895618,Low
142575,Medium
126059,High
1318010,Medium
1167585,Medium
1025490,Medium
283058,Low
2318006,Medium
299742,Medium
831166,Medium
1296613,High
2237661,Medium
1979735,Medium
2078349,High
1034127,High
1123653,Low
1697540,Medium
1090848,Medium
1536920,Low
2240043,Low
1733869,Medium
338393,Medium
791304,Low
2280627,Medium
2159096,Medium
2234235,Low
1399020,Low
166356,Medium
1629519,High
2120415,High
46921,High
1028411,High
1649888,Medium
2132739,High
1640613,Low
2293455,Medium
1684505,High
1382444,Low
2242279,Low
2139366,High
547021,Medium
607951,Low
1440176,Medium
2024270,Medium
2179753,Medium
1033349,High
752124,Low
1321556,High
389703,Medium
525484,Medium
308703,Medium
290741,High
879159,Low
850247,Medium
1674781,Medium
1907318,Medium
1358931,Low
1992899,High
2085742,Medium
169114,Low
153883,Medium
1547213,Medium
826140,High
1219054,Medium
728285,Low
1177556,Low
443911,High
1198321,High
89022,Medium
1563694,Low
2177535,High
361632,Low
1923026,Low
1057354,Medium
2147819,Medium
781955,Low
974224,Medium
2258118,Medium
956600,Medium
23959,Medium
1165362,Medium
30622,Low
1571328,Low
1601294,High
2226865,Low
386046,Low
698241,High
26780,Medium
1513695,High
404463,Medium
153719,Medium
205489,Low
1404359,High
292166,Medium
1740414,High
341477,High
126347,Medium
102506,High
1181745,Medium
173023,Medium
1697946,High
1028094,Low
1765612,Low
2277655,Low
1360778,Medium
1773582,Medium
241965,Low
198317,Low
1547981,Low
845360,High
362074,High
2274399,Low
1835773,High
1502796,High
1442129,High
664151,Medium
2161081,Low
1416308,High
2186542,Low
966455,High
1744896,Medium
959580,High
304049,High
1826697,Low
543199,Low
2061403,Medium
1017276,Medium
1012375,Low
1233361,Low
1273788,High
859318,Low
1547881,Medium
3268,High
83869,Low
2147846,Low
1059454,Medium
1292090,Medium
585135,Low
1182245,Medium
2068851,Medium
1407397,Low
110557,Medium
1285746,High
1730917,Low
520823,Medium
2067518,Low
669013,Low
907401,Low
1963621,Medium
647641,Low
171363,Low
757481,High
2104434,High
2107723,Low
552930,Medium
2306889,Low
428661,High
862547,Medium
310065,Medium
797852,Low
1231981,High
1617575,Low
1794684,High
1270719,Medium
140849,Medium
1885614,Low
1632917,High
1589567,Medium
1885720,Medium
118358,Medium
1729572,Low
397754,High
2139083,High
1365453,High
376173,Low
1094467,Medium
504626,High
1493195,Medium
1126691,Medium
1748719,Low
931234,Medium
59246,High
1653383,High
1958211,Medium
316486,Low
1046885,Low
2071867,High
2249376,Low
1695844,High
1803391,Medium
2150272,High
887655,Medium
1447476,Low
1082655,High
918903,Low
1576411,Low
2018645,Low
2031861,High
2113064,High
992920,Medium
415954,Medium
393721,Low
2304430,Low
1506404,High
1075743,High
537746,High
1444783,Low
1821371,High
1129978,Low
947794,High
1870953,Medium
615807,Low
2258887,High
456754,High
529325,High
1902587,Medium
312735,High
2174567,High
94680,Medium
1895432,High
1270287,Medium
514098,High
942237,High
1295729,Low
128320,Medium
69601,Medium
819663,Low
970751,High
824924,Medium
2186490,Medium
879111,Low
42894,High
1098572,Medium
85276,High
2256975,High
2082509,Medium
2215944,Medium
893605,Medium
1221086,Low
536259,High
2125789,High
320073,Low
61142,Medium
1042826,Low
449583,Medium
2266957,High
826447,Medium
1304239,Low
1120635,Medium
674298,High
609604,High
1579070,Low
1671041,High
948093,Medium
186648,High
1811473,Low
1303159,Medium
1188927,High
1469302,Medium
1093450,Medium
1787622,High
1419955,Medium
1990509,Medium
2285319,Low
400011,Medium
2282937,Medium
53875,Low
1120132,High
1562305,Low
756408,High
1224420,Medium
928758,Medium
2142028,High
534657,High
2037830,Medium
991989,High
3843,Medium
1444794,High
1432213,High
745116,Low
465582,High
1381399,Medium
667833,Low
1733913,High
504198,High
811892,High
924127,Low
559740,Low
407134,Medium
834635,Medium
2248284,Low
2068349,High
22226,Low
174263,Low
1694642,Low
1066182,Medium
1588949,Low
1170211,High
2165249,High
558068,Medium
1919758,Low
1986543,Medium
445163,High
1265858,Medium
166953,Medium
1344933,Medium
1877171,Medium
1184694,Low
1060208,Low
1365743,Medium
149798,Medium
1701894,Medium
2021568,Low
575752,Medium
369717,High
1523226,Low
1168964,Medium
1547656,Low
494340,Medium
864051,Low
716809,Medium
1608370,Low
1382914,High
1565335,High
281545,Medium
272145,Low
1887306,Low
255814,Low
50297,Low
1016839,Medium
1451095,High
2064025,Medium
1026538,High
2018148,Low
774576,High
1503523,High
840563,High
1275767,High
136405,Low
1280425,Low
647411,Medium
709150,Medium
161895,Low
2264685,Medium
1553916,Medium
744088,Low
1776988,High
1547236,Low
1565434,Low
424753,Medium
591090,High
1827971,High
1356139,High
458360,Low
1887634,High
991621,Medium
1803075,High
629986,High
690073,Low
2106227,Medium
1339708,High
380913,Medium
345500,High
1283565,High
1063681,Medium
635154,Low
247448,Low
2258716,High
459987,Medium
932256,Medium
355205,Low
724710,Low
658205,Low
1473139,High
1070255,High
482110,Medium
1131682,High
1716960,Low
247778,Low
1358056,Medium
781856,Medium
145744,Medium
1719699,Low
2005796,Medium
1822305,Medium
1432673,Medium
364002,Medium
2238322,High
1131696,High
146924,Low
1972568,Medium
143472,Medium
954040,High
1317919,Medium
1625798,High
274048,Low
216128,High
1100402,Medium
853181,High
502777,Low
883100,High
1066079,High
218075,Low
130599,High
484292,Medium
1729668,Low
1216532,Medium
1822174,Medium
1649383,Low
874281,Medium
1794299,High
1956824,Medium
1831534,Medium
1090259,Low
726398,High
1453616,Medium
1856809,Medium
100125,Low
2252497,Low
178997,High
1397747,Medium
1060850,High
1027591,Low
941834,Medium
1328105,High
2007194,High
607090,High
1566180,Medium
2218852,High
62391,High
1166510,Medium
851156,High
870097,Medium
2152573,Medium
1474699,Low
1363763,High
88412,High
321914,High
2168819,High
444934,High
1359646,Medium
736413,Medium
1004498,High
1842546,Low
54272,High
1859963,Medium
860196,High
88769,Medium
1655940,Low
2266382,Medium
645882,Low
331817,Low
935513,Medium
688454,Low
1492904,Medium
678865,High
1526329,High
1486955,High
931963,Low
979280,High
403485,High
147853,High
580814,High
245366,High
1854096,Medium
1350889,Medium
2134374,Low
843955,Medium
187250,Medium
891657,High
845862,Medium
18761,Low
149981,Medium
1935807,Medium
1807058,Low
1274271,Medium
441281,Medium
1177698,High
1601367,High
1624004,Low
1859163,Medium
2262194,Medium
2279160,Medium
2248605,Low
1347056,Medium
2214458,High
493995,High
207720,Medium
1182675,Low
1031915,High
2186011,Medium
1355770,Medium
467338,Medium
362030,High
231748,Medium
55975,Low
1217487,Medium
1343907,Low
659582,Low
683303,Low
1209618,Low
1888744,High
996640,High
30293,Medium
436410,High
651485,High
82901,Medium
7657,Medium
1620383,High
44713,Low
1829854,High
75337,Medium
42015,Low
1257224,Medium
675971,Medium
766099,Low
207340,Medium
1206037,Low
1689184,High
1251833,Low
599309,Medium
1635293,Medium
1676206,Low
301173,Medium
433954,Low
1657814,Low
1139011,High
401139,Low
55393,Low
886883,Medium
2104238,Low
1290417,Low
992888,High
911191,Medium
133285,Medium
1685993,High
1196572,High
27714,High
1129575,Medium
680236,Medium
1781305,Low
763792,Low
1440817,Medium
1264082,High
519617,High
833602,Low
1002568,Medium
1081264,Low
251526,High
2141387,Medium
2153246,Low
1185652,High
1816960,High
1054416,Medium
1065735,Medium
2145505,Low
91305,High
2163858,Medium
1662733,High
2306862,Medium
861358,Medium
1941143,High
1566764,Low
1911993,High
410339,Low
278390,Low
2250515,Medium
1041835,Medium
925278,High
1305542,Low
1240696,Medium
2108864,High
1008343,Low
1677588,Low
520809,High
1662650,High
1439211,Medium
2233013,High
1517290,Low
1936194,High
1554181,High
1129728,High
1366739,High
361158,High
514557,Low
883926,Medium
371627,High
1016403,High
84113,High
1903236,Medium
345669,Medium
1326506,High
1938791,Low
2282353,High
944370,High
594612,Medium
88232,Medium
1089185,Medium
19012,High
39403,Medium
55199,Low
79601,High
1855006,Medium
980163,Medium
2143243,Medium
1840101,Low
1227516,Medium
502292,High
266863,Medium
584726,Medium
1229103,Low
90673,Medium
969251,Medium
873162,High
785599,High
2158639,Medium
1499119,Medium
2197673,High
1904497,Low
414231,High
19831,Low
822387,Medium
446805,High
1640253,High
589758,High
633459,High
32857,Medium
1159248,High
280156,Medium
985908,Medium
572834,High
327010,Medium
1540283,Medium
1051367,Medium
1998176,High
1989053,Low
1112417,Medium
1568006,High
622914,High
502825,Medium
1431648,Medium
993044,High
470809,Medium
587590,High
1614538,Medium
954747,High
2321697,Low
1321789,Medium
2248113,High
176578,High
859028,Low
1191921,High
193928,Medium
731909,Medium
676263,Low
1023542,Low
1615126,Low
244934,Medium
614228,Low
1785028,High
2044905,Medium
1230840,High
2251089,Medium
109540,Medium
455714,High
1722483,High
12908,Low
1010357,Medium
1696717,Medium
1420348,Low
498151,High
1948432,High
2306592,High
290615,Medium
1074130,Medium
1089496,Medium
109058,High
1486206,High
934852,Medium
1732110,High
729890,High
1277665,High
1172824,High
1078930,High
1561218,Medium
372563,High
770890,High
2239820,High
972771,Low
265753,Medium
892841,High
1913335,Medium
2244806,Low
2297760,Medium
2215860,High
434557,High
346220,Low
1544947,High
256508,Low
352832,Low
1410870,High
939378,Low
1262884,Medium
702534,Low
1672625,High
1631974,High
416023,Medium
1145836,Medium
1284565,Medium
522531,Medium
841640,Medium
1470004,High
379388,Medium
509244,High
848728,Low
2045896,Medium
1897369,High
391324,Medium
1728249,Medium
1154969,Low
1738172,Medium
1962484,High
1996139,High
1832979,High
892621,Medium
1039982,Medium
1596911,Low
1098623,High
1350724,Low
297919,High
158563,Medium
1012879,Low
787094,High
2149822,Low
1560900,Low
424367,High
2017016,Low
2299337,Medium
171230,Low
310323,High
2036481,Low
35361,Medium
1565519,High
2181619,Low
2158562,Medium
1700366,Low
1433985,Medium
1038525,High
989970,Medium
1657454,Medium
1309870,Low
1121872,High
1281191,Low
1332440,High
742386,Medium
1782677,Low
375126,High
170868,Low
1270524,High
1131022,High
135995,High
2012348,Medium
391972,Medium
286698,High
52676,Medium
820752,Low
2064739,High
50903,High
2158598,Medium
944274,Low
1034155,High
1289520,Low
1779429,High
432066,Low
612700,High
137657,High
1284727,High
1320207,Medium
556770,Medium
2255847,Medium
1218308,Medium
1007136,Low
1421504,Low
1378175,High
2047227,Low
921690,Low
1040334,Medium
842368,High
2036829,High
72679,Medium
514861,Medium
1743785,Medium
636158,High
70806,Low
1913631,Low
1434948,Low
405099,Low
620687,Medium
1392260,Medium
879538,Medium
450422,Medium
1554779,Medium
443895,Medium
1573472,High
1472135,High
348664,High
561837,Medium
1163072,Medium
541938,Medium
301592,Low
1046135,Low
1463688,Medium
1983266,High
839231,Medium
1455220,High
907949,Low
1842820,Medium
189072,Medium
1648572,High
1881956,Medium
2259416,Low
1520949,Medium
2096356,Medium
1168031,High
1749925,Low
1089210,Medium
1011656,High
1611346,Medium
1296700,High
2178655,High
1265668,High
942058,Medium
2036781,Medium
571832,Medium
179911,Low
1790392,Medium
965104,Medium
1335619,Low
602480,High
576255,High
2025301,High
782320,Medium
1844283,Medium
358739,Medium
423930,Low
682699,Medium
1777174,Low
1838288,Medium
586542,Low
498797,Medium
1781596,High
2035863,Low
2192060,Low
2148343,Medium
1991609,Medium
1730607,High
563794,High
22659,High
2142306,Medium
1763033,Medium
2269691,High
1386086,Medium
2186669,Low
1389553,Medium
1242809,Medium
1395152,High
655231,High
718828,Low
24557,High
1656318,High
1647338,High
101309,Medium
116395,High
1055751,High
1657343,Medium
536791,Medium
1423262,Low
2323791,Medium
1795060,High
1783386,Low
1599451,Low
1500258,Low
1447431,Low
217314,Medium
34835,Medium
910682,Low
347333,High
1405548,Low
2076668,Low
1988597,High
278352,Medium
110811,Medium
294582,High
1682055,High
1987960,High
1249784,Medium
751137,High
115781,Low
212047,High
1246169,High
806649,Medium
937273,High
2249703,Medium
1717474,High
139910,Low
1223311,Medium
1206642,Low
1891848,High
2001192,High
235796,High
1008901,Medium
883906,Medium
1466454,High
168258,Medium
1568734,Low
372012,Low
983628,Medium
202024,Medium
1692018,High
1628277,Low
1525137,High
1457144,High
2298309,High
1214930,Medium
2115508,Medium
2135814,High
1934865,Medium
1534622,Medium
1489468,High
2295528,Low
70056,Medium
159356,High
2241635,Medium
1133554,Medium
493464,Medium
253999,Medium
686116,Low
2293577,Medium
15092,High
99905,Medium
797794,High
2284949,High
1624692,Medium
121075,Medium
53129,Medium
70781,Medium
52417,Medium
1936149,Low
816246,Medium
2013031,Medium
1269303,Low
716637,Medium
1042290,Low
609845,Low
2133268,High
114115,Low
1252169,High
870542,Low
1414409,High
1097784,Low
836928,High
881500,Medium
229342,High
1562861,High
433183,Low
945291,Low
2113671,High
975827,High
517038,Medium
1398452,Low
1348682,Low
1179750,High
453278,Medium
471937,High
1608122,Medium
1987524,Medium
1105043,Low
497724,Low
552109,Medium
426380,Low
1351729,Medium
1992822,Low
237912,Low
323121,Medium
1498097,High
68522,High
886734,Medium
1069587,High
598789,High
871686,Low
1851089,High
2172358,Medium
470691,Low
2169947,Medium
2125272,High
2181905,Medium
1626281,High
957774,Medium
626494,Low
1084800,High
608035,Medium
1023466,Medium
683463,Medium
2056272,Medium
855562,High
946018,Low
1719313,Medium
1977553,Low
2286248,Medium
2003433,Low
1653752,Medium
2098729,Low
656952,Medium
397220,Medium
394449,Medium
1072043,High
1779980,Medium
1795422,Medium
1332898,High
701998,Medium
897162,Medium
2135348,Medium
2253561,Medium
1437722,Low
1960971,Medium
1873997,Medium
1156432,High
1459606,Medium
1239700,High
1943886,Medium
1870222,Medium
1275156,High
1538242,Low
2950,High
2263591,High
44759,Medium
1256908,High
2098380,High
437350,High
2308766,Medium
387751,High
272251,Medium
146428,Low
370384,Low
543908,High
2020128,Low
1044076,Medium
1707503,High
1988432,Medium
960608,Medium
282649,Low
1115912,High
724565,Medium
1174297,Medium
1874766,High
2293214,High
1333560,Low
1912437,Low
1300495,Low
1302654,High
1325303,High
1101228,High
1001108,High
836644,High
159685,Low
1260377,High
910493,Low
506629,Medium
505189,High
711348,Medium
129530,High
44179,High
192363,High
1566881,Medium
1909965,High
1958126,Medium
1027445,High
1942009,Low
2087264,High
1087829,Low
135423,Low
1636520,High
228997,Medium
2076604,High
149839,Medium
1923849,Low
1465668,Low
757215,Medium
1649584,Low
2192343,Medium
2288911,Medium
193528,Low
1648675,High
597426,High
839172,Low
905199,Low
1165032,Medium
1541581,Low
1043287,Low
1107792,High
357288,High
550201,Low
1558323,Low
548746,High
967409,Low
444303,Low
525899,Low
1280660,Medium
1716188,Low
1642713,High
159723,High
651941,Low
2135479,High
139174,Medium
1786107,Low
2000142,High
2096920,Medium
450010,Medium
1340966,Low
439822,High
473315,Medium
1540641,High
2136271,High
1972648,High
1720203,Medium
21600,High
737355,High
411433,High
2256794,Medium
1715390,Medium
1835302,High
682357,Medium
49595,Low
230151,Medium
546274,Low
234384,Medium
889737,Medium
1904861,Low
1036838,High
2116841,High
1611591,Medium
1211286,Low
1250451,Medium
1898491,High
1310971,Medium
540723,Low
246699,High
360712,Low
440250,Medium
2136593,Medium
1676367,Medium
1291803,Medium
1192958,Medium
1330455,High
2008916,Low
1137863,Low
1150206,Medium
322741,Medium
19345,Low
1679006,High
1156004,Low
644262,High
2114485,Medium
1357053,Low
1530742,Medium
1960737,Low
526443,High
2011722,Low
1858746,Medium
1039794,Low
1795840,Medium
1317477,High
218802,High
681876,Low
1639656,Medium
1699407,High
1736225,Medium
1703941,Low
1306103,High
916389,Low
328418,Low
822808,Low
1222818,Medium
985040,Low
1908170,High
746301,Medium
1096728,Low
1485973,Low
780495,High
190790,High
1260248,Medium
1477498,High
300867,Medium
277015,High
421995,Medium
1873750,Low
47492,Medium
2228548,Low
1611990,Low
1729654,Medium
882220,High
825777,Medium
2259705,Medium
1848223,Low
382838,High
1850295,Low
302890,High
244410,Medium
972058,Medium
285662,Low
1911887,High
783414,High
1139849,Medium
1355246,High
1370874,Low
84453,High
567859,High
1349555,High
1218863,High
1609992,Low
1613168,Medium
2251392,Low
644090,Low
951609,Medium
2268737,High
364082,Low
85636,Low
1041909,Low
1102804,Low
1650802,High
1298126,High
1459222,Medium
2073270,Low
1316712,Low
1898682,Medium
1586730,Medium
1155104,High
303933,Low
1556969,Medium
1157415,High
2131082,Low
590155,Medium
1954596,High
888540,Medium
2036349,Medium
1633216,High
183681,Low
817673,Medium
244293,Medium
106115,High
1381479,Medium
361781,Medium
1109341,Low
267751,High
445271,Medium
987219,Medium
2044211,High
821215,Medium
1158590,High
339148,Low
769472,Medium
115589,High
1744741,Medium
135835,Medium
1919935,Medium
1340111,High
255387,Low
1289882,High
1499997,Medium
2238151,High
1006894,High
1203769,Medium
333165,High
802338,High
1604663,Medium
1971798,Medium
1312754,Low
716982,Low
2151558,High
1747418,High
959558,Low
1344621,High
66740,Medium
1859863,Low
1165730,High
893036,Low
1078774,Medium
96650,Medium
372434,Medium
178368,High
150689,Medium
155822,High
2170022,Medium
613354,High
1868946,High
1332916,High
1516460,High
1829872,Medium
1901721,Medium
137981,High
866996,Low
1525483,Medium
1900770,High
1904228,Low
2052784,High
526601,Low
1956349,High
1832485,Medium
1942690,High
2301703,Low
2036511,Medium
80844,Medium
23295,Medium
927995,Medium
41278,Low
2269461,Low
522198,High
1778925,Low
972534,Medium
1315934,High
929419,Low
2287288,Low
935553,Low
2192212,High
2028815,High
1172133,High
645236,High
300492,High
1194620,Medium
2238623,Medium
116065,Low
515507,Medium
226234,Medium
1174401,Low
1524352,High
1052869,Medium
1556086,Low
1057604,Low
979355,Low
538792,Low
21965,High
2082902,High
116437,Medium
1644194,High
341109,High
1326100,Medium
2257445,Low
359670,Medium
1084271,Medium
331224,Medium
1374583,Low
1550520,High
1357977,High
1906077,High
473621,Medium
1835556,Medium
1211650,Low
1321225,Medium
1847938,Medium
277005,Medium
112558,Low
2184622,Medium
670580,Low
1189080,High
1650013,High
294058,Medium
1964253,High
340328,Low
1632474,High
392776,Medium
1722807,Medium
701331,Low
687065,Low
696474,Medium
1832084,High
858522,Low
867518,Medium
475541,Low
556375,Medium
547819,Medium
1113560,High
1928365,Medium
888605,High
1810634,Medium
696264,Low
359689,Low
1185494,High
1811189,High
2217341,High
1486442,Medium
1085195,Medium
1666292,High
1015639,High
155713,High
1373343,Medium
1608723,Medium
805227,Medium
763467,Low
1838831,Medium
2057076,Low
532018,Medium
1173693,Medium
1152625,Low
326308,Low
2149856,Medium
1174173,Medium
2251945,Medium
2307318,High
35541,High
66311,Medium
303338,Medium
1069570,Low
534915,Medium
1215284,High
841505,Medium
1851386,High
706716,Medium
237566,Medium
1815751,Low
1615534,High
657220,Low
1921476,Low
1645587,Medium
927510,Low
1222914,High
2117213,High
1360084,High
627284,Medium
1358580,Low
1737633,Medium
1519543,High
175291,High
1125136,Medium
1848380,Low
356687,High
2300786,High
1662068,Medium
1297496,Medium
2039103,Medium
1078714,Low
662799,Low
2102391,Low
1029741,High
974840,Low
2147121,Medium
1827752,High
568011,Low
2102473,High
1314568,High
1793564,Low
680614,High
464638,Medium
1430649,Low
1152021,Medium
1096997,Medium
612641,Low
1535264,Low
1332,High
1696641,High
1354799,Medium
498347,High
1065712,Medium
1375627,Medium
1459826,Medium
1160388,Low
1120213,Medium
1114160,Medium
930029,High
2325835,Low
1814061,Medium
63674,Medium
1701115,Medium
426100,Medium
2280208,Medium
1521977,Medium
581633,High
2030947,High
980054,Medium
1811579,High
1136566,Medium
318788,High
1408670,Medium
2267703,Medium
1010144,High
793981,High
1079576,Medium
1719024,Low
2108246,Medium
2006757,Low
707372,High
852995,Medium
2257172,Medium
229227,High
1379111,Low
1075419,Medium
878915,High
914605,High
1068641,Medium
1312676,Medium
1344782,Low
1722193,High
2150565,Medium
1277162,High
1130939,Low
305964,High
325844,Low
742916,Low
949926,High
1126869,Low
895104,Medium
1759789,High
991807,Medium
1658396,High
602739,Low
857111,Medium
2250355,High
2134241,Low
2022167,Medium
260097,High
2209506,High
1057782,Medium
2078636,High
283986,Low
1883797,Medium
483611,High
644707,Low
2299552,Medium
2123888,High
991375,Medium
21125,Medium
1420623,Low
847373,Low
960741,High
261289,High
1990026,Low
189189,Low
1408131,Medium
2309479,Low
1245306,Low
972688,Medium
779505,Medium
1116824,Medium
931452,Low
558998,Low
202425,Low
395474,High
1737353,High
2269230,High
1821904,Medium
589845,Low
1246307,Low
1809785,High
277476,High
1315560,High
436366,High
614477,High
1984134,Medium
304009,Low
237893,Medium
1451584,Low
1110794,High
542402,Medium
1737044,Low
1956140,High
1643996,Medium
1687828,Medium
397993,High
993197,High
2068465,Low
838578,Low
1053146,Low
2180510,Medium
927991,Low
98499,Low
2122942,Medium
391266,High
813658,Low
1186498,Low
251874,Low
220601,High
1114696,High
416328,Low
2275935,Medium
553869,Low
2222791,Low
270401,High
1897350,Medium
1302151,High
1376231,Medium
1214436,High
505228,Low
378745,Low
1876557,Low
345168,High
926442,Medium
1467074,High
1430372,Low
1615178,High
571915,Low
2218357,Medium
1635688,High
151462,High
586152,Low
1484984,Medium
1393770,Medium
299491,Low
2173223,Medium
1883736,High
2320567,Medium
1463462,Medium
1597930,Medium
353289,High
650331,High
695322,Low
2312959,High
1504227,High
1246565,High
802764,High
1501710,High
2114171,High
1860329,High
204166,High
117868,Medium
375387,Medium
442315,Medium
468061,High
1163135,High
672866,Low
807984,Low
2160324,High
1856950,Low
46951,Medium
1133959,Medium
718763,High
1174988,High
911708,Low
2200327,Low
1972411,High
1309325,Medium
126621,High
1597160,Low
1646260,High
1315573,Low
947240,Low
614448,Low
2086048,High
771996,High
614041,Medium
850860,Low
2301822,Low
1936165,Medium
418230,Low
110193,Low
170340,High
567537,Medium
229858,High
838859,Low
1007867,Medium
697455,Low
356609,Medium
2212758,Medium
1310186,High
2038173,High
1725651,Low
891753,Medium
1143589,High
297172,High
1720256,High
939482,High
566457,High
155117,Medium
995388,High
1933002,Medium
1969448,Low
175501,Low
1410447,Medium
547180,High
210825,Medium
984189,Low
766103,Low
166778,Low
133847,Low
1816110,Low
379511,Medium
1926810,Medium
109489,High
803737,Medium
1157348,High
201191,High
696403,Medium
102330,Medium
1037311,Low
1454205,Medium
2320073,High
1979819,High
820324,High
1985426,Medium
403252,High
885156,Medium
79579,Low
154480,High
432365,Low
922132,Low
1986501,High
1673912,Medium
2252472,High
796645,Low
1350947,High
2018752,High
2313274,High
715234,Low
1555513,Low
2322680,High
1990612,Low
325227,High
1091701,Medium
1760127,Low
1228653,Medium
2113504,Medium
157664,Medium
844350,Medium
2309492,Medium
2168477,High
383132,High
333510,Medium
505041,High
566432,Medium
2061370,High
879959,Medium
2039720,High
401608,High
97852,Medium
1361848,Low
2006476,Medium
1322357,Low
1275280,High
2242253,Low
416682,High
1422269,Medium
32104,Low
2084761,Low
15343,Medium
1309559,High
1566532,Medium
861841,High
1961269,Low
2221235,Low
805676,Medium
457884,Low
1645510,Medium
1092624,High
2157778,Low
2056732,Medium
1534932,Low
876995,High
76806,High
2129484,Medium
1446424,Low
361609,High
2088361,Medium
577930,Medium
1217576,Low
1079400,Medium
1431098,Medium
260154,High
1605513,High
29786,High
1029548,High
1533043,Low
2237821,High
1249607,Medium
426555,Low
1582168,High
1902038,High
1046012,High
1293200,Low
1071880,High
549136,High
1992749,Low
1171215,High
1336022,Low
664285,Low
870229,High
551325,High
397003,Low
1529801,Low
2269763,High
1907234,Medium
862707,Low
399420,Medium
100458,High
997356,Low
1994430,Medium
449642,High
2303419,Low
1846184,Medium
1329545,Low
392850,Low
2056152,Medium
1465934,High
2122119,High
2083945,High
1773409,Low
2220854,Low
2296210,High
441104,Low
1978435,Low
1054264,Low
650861,High
768849,Medium
524887,Low
224747,Low
597614,Low
1039755,High
121457,Low
361610,Medium
1651652,Medium
817123,High
1585331,Medium
1981403,Medium
58907,Medium
402533,High
1741221,High
919097,Low
521523,Low
1513280,Low
704836,Medium
1816324,Medium
1976018,Medium
54379,High
2150468,Medium
2023770,Medium
1734683,High
428982,Low
194820,Medium
1298346,High
148579,Low
406100,High
809538,High
1997490,High
1518504,Medium
26741,Low
1935600,High
1220563,Medium
2152631,Low
2313721,High
1424734,High
531228,High
198210,High
21005,Medium
661355,High
780498,High
1363666,Medium
432404,High
1843934,Low
384233,Low
1641434,Low
1556950,High
1367746,Medium
1839930,High
1360007,Low
856105,High
816480,Low
1644486,Medium
993360,Low
1323632,Medium
1329317,Medium
1076526,High
910838,Low
967216,Low
1640790,Medium
1612123,Medium
2097542,Low
154366,Low
725761,Medium
1858533,Medium
1982600,High
1111827,High
631764,Medium
318750,Low
1759695,Medium
1293386,High
329328,High
1904078,High
579839,High
642404,High
383528,Low
1292968,Low
2049814,High
804292,Low
1626410,Medium
1454511,High
1787293,Low
1250718,Medium
1839606,High
1868062,High
1587000,Low
501976,Low
1351815,Medium
1577942,Low
442681,Medium
1893310,High
854562,Low
2314031,Medium
382703,High
540468,Medium
1359027,High
1981356,Medium
2169923,Medium
1809606,Medium
1439195,High
1866406,Medium
1288084,Low
870645,High
1393975,High
1303496,Low
1961544,Medium
1203373,Medium
850313,Medium
69621,Medium
1374613,Medium
258094,Low
2017756,Low
1739805,High
2151025,Medium
325453,Low
2292424,Medium
222444,Medium
1779543,High
865888,Low
1968090,Low
857469,Low
1845377,Medium
204858,High
1921198,High
1139798,Medium
652736,Low
68587,High
1829173,Medium
252427,Medium
85620,Medium
1254986,Medium
230872,High
296297,High
1235309,Medium
249777,Medium
1420473,Medium
116535,Medium
1088564,High
2057515,High
254695,Medium
1151739,Medium
1315266,High
119561,High
1812839,High
1835184,Medium
1125607,Medium
2008414,Low
199397,Low
323891,High
1944223,Medium
950300,Medium
1540733,Low
2291769,Low
1952789,Medium
1279778,High
410203,Low
1338045,Medium
2139676,High
179111,High
1402466,Low
1900130,Medium
319415,High
655565,Medium
148054,Medium
1511491,Medium
487283,High
1581909,Low
658432,Low
401909,Medium
635121,Low
1017598,Low
2309804,Low
2246573,Low
421011,Medium
1084079,Medium
198815,Medium
1239019,Low
1941766,Medium
1633468,High
1532351,High
2181683,High
418634,Medium
34397,High
1751311,Low
1631846,Medium
741706,Low
1053256,Medium
2114230,Low
1402379,Low
622837,High
1916969,Low
1290105,Medium
1578210,High
635262,Low
1913253,Low
1220176,Medium
762911,Medium
196301,High
1824953,High
1105394,High
1455688,Low
343867,High
554797,Medium
623935,High
1712302,High
1735300,Low
152329,Medium
605257,Medium
1615215,High
201916,High
306386,Low
1826476,Medium
1664156,Medium
1153791,High
905798,High
934298,Medium
1967470,Low
1122077,Medium
1951967,Medium
138574,Low
840056,Low
2219212,Low
2170682,Medium
2017864,Low
1600095,High
2143735,Medium
2092810,Medium
1099043,High
444017,High
2114564,Medium
1683380,High
758334,Low
730027,Medium
613391,High
1864244,High
1975209,Medium
1824384,Medium
492499,Medium
250471,High
1800047,High
1918578,High
505755,Medium
917936,Low
1932484,High
286921,High
1654030,Low
1120568,Medium
1537531,High
486847,High
2107188,Medium
487373,High
1826159,High
1700765,High
995853,Low
1165429,High
1816755,Low
1052355,Low
1445542,High
2263096,Medium
247742,Medium
743962,High
165111,Low
1334800,Medium
1431956,High
1402871,High
2119810,Medium
255469,Medium
962055,High
944427,Low
152152,Medium
1572356,Medium
407572,Medium
2162122,High
1915702,High
1247403,Medium
1565741,Medium
869218,High
731699,Low
909464,Medium
343489,Low
1106718,Medium
1783748,Medium
1097993,High
174801,Medium
1431870,Medium
1387847,Medium
2122368,Medium
618176,Medium
183696,Low
1099041,Medium
724556,Low
412400,Medium
1250316,High
2290250,Medium
411226,Medium
1624174,Medium
1079346,Medium
1996528,Medium
448920,High
2238653,High
1290555,Low
2233612,Low
265054,High
1852618,Medium
249793,High
568216,Low
1692911,High
1838959,High
1158071,Medium
2323767,Low
529538,High
172123,High
499961,Low
2024918,High
116381,Low
1000891,High
1665075,Low
1150318,Medium
1627241,Medium
237176,Medium
709012,High
163616,High
206831,Medium
2287796,High
968022,High
2017887,Low
681309,High
670031,High
1546023,Low
1190420,Medium
145812,Medium
1101469,High
2016205,High
746912,Low
2319619,High
1630470,Medium
28624,Medium
659990,High
1972593,High
553374,Medium
925450,Low
1896298,Medium
868645,Medium
1342042,Low
1211083,Medium
2139188,High
1026631,Medium
1559324,Low
307857,Low
1035759,High
2069811,Medium
2129935,Low
634694,High
213039,Medium
758748,Low
409270,Medium
850116,Medium
1165510,High
365272,Low
119432,Medium
1840258,Medium
1576560,High
547778,Medium
239110,Low
1157488,Low
402824,Medium
582814,High
2239634,Low
147649,Medium
440925,Low
1433246,Low
1263019,Low
101882,Low
637705,Medium
1337082,Medium
2113373,Medium
129023,Low
749198,Low
2090049,Low
371485,High
2022889,Low
857253,High
812440,High
1615541,High
1446652,High
2216717,High
1688680,Medium
647776,Low
397307,Low
9527,High
2092929,Low
390644,High
1981865,High
1208945,Low
2199214,Low
35998,High
641047,High
2176721,Medium
1750588,High
2014588,High
2251872,Low
1793007,Medium
783690,High
189998,Low
1625192,High
1698425,Low
762048,High
1486004,Medium
1775299,Low
531692,High
1506552,Medium
142482,High
1123109,High
1295863,High
104706,High
1114187,High
2212875,High
1736515,Medium
441372,High
22861,Medium
499326,Medium
2122513,Low
368600,Medium
1136453,High
1595923,High
2223186,Low
1789536,Medium
1278742,Low
714616,High
85090,Medium
15927,Medium
438309,Medium
431788,Medium
63446,Low
1906210,Medium
790036,Medium
1936769,High
1961198,Medium
1525105,Medium
363418,Medium
1433910,High
1056491,Medium
932134,Low
390232,Low
1485017,High
1225835,High
1483271,High
791766,High
1375787,High
848620,Medium
2101164,Low
832527,Medium
1581683,Medium
312630,High
1017182,Low
328664,Medium
2247551,Medium
1786988,Low
2300112,Low
417679,Low
1953826,Medium
1886530,Low
211435,High
1637146,High
1730040,High
96765,Medium
1556553,High
1707535,Low
1968933,Low
2282017,Low
1861238,High
485027,Low
1886486,Medium
948650,High
2129414,High
42842,High
815657,Medium
529077,High
344337,Medium
373453,High
900755,Medium
1776085,Low
282011,Medium
954566,Medium
1112262,Medium
646492,Medium
1761926,High
307010,Low
58228,Low
2191206,Low
78505,High
766460,Medium
2233963,Medium
697469,Low
425154,Medium
2115340,High
1326342,Medium
1135486,Low
477482,Medium
1595379,High
82625,Low
586549,Low
982515,Low
1756931,Medium
411980,Medium
2308989,High
1983878,Medium
1499804,Low
2079601,Medium
217597,High
70695,Medium
796062,Low
2520,Medium
809171,Low
2129994,High
2116052,Medium
1979899,High
883387,High
2158240,Medium
535675,Medium
928035,High
598513,Low
468369,Medium
938285,Low
8685,High
860318,Medium
549511,Medium
2310841,High
528832,High
1569120,High
1718829,High
81385,High
1264721,Low
356283,Low
575271,Medium
2129195,High
1182416,High
896835,High
820932,Medium
1419022,Medium
1873767,High
598491,Low
1663352,Medium
811220,Medium
617992,High
2323537,Medium
383716,Low
1858085,Low
2289476,High
1483767,High
2152549,Medium
5947,Medium
1756168,High
597120,High
1489335,High
1615398,Medium
1209989,Medium
1045516,High
433658,High
45430,Medium
764738,High
1908720,Medium
1082422,Medium
1667755,Medium
61323,Low
225275,High
499711,Low
1500818,Low
1856181,Low
129597,Medium
674123,Medium
1737610,Low
1084908,Medium
463666,Medium
1754818,Low
250728,Low
1340004,Low
1904291,High
2209615,Medium
2052049,High
167435,High
1254390,Low
642730,High
1880117,Medium
369153,Low
181522,Medium
1219627,High
770519,High
1889446,High
137899,High
252405,Medium
383066,Low
190218,High
617077,Low
1793318,High
760514,High
2250090,Low
672386,High
1292689,Medium
1861295,Low
1945267,Medium
843307,Medium
309427,Medium
1544450,Low
826090,Medium
1957602,Medium
2185506,Low
459144,High
171069,Low
1710980,Medium
2087901,Low
1438501,Low
2318850,Medium
1104635,Medium
1936881,Low
2095450,Low
1272646,Medium
2155201,High
1669284,Medium
1945304,High
1076243,High
499974,High
35460,Medium
2249593,Medium
1137833,Medium
413073,Low
1413247,High
912146,Low
894129,Low
1398293,High
365369,High
1962204,High
1270775,Low
233795,Low
1801097,Medium
2256117,Medium
971165,High
1066972,Medium
1030060,Low
1512881,Low
81831,Low
631229,Low
1923140,High
597753,Medium
671256,High
881922,High
2156966,High
1049278,Medium
2100907,Low
203890,Medium
626451,High
795729,High
575801,Medium
757426,High
585214,Low
658934,Low
1923826,High
700280,High
883284,High
1614780,Medium
197775,Low
801744,Medium
1893859,High
2158840,Medium
91890,Low
366327,High
835571,Low
1904004,Medium
774008,Low
1161917,High
1712140,High
1289899,High
1273238,Low
1395438,Low
784827,Low
1065531,Medium
1597961,Medium
158340,High
1368380,High
1094162,High
829849,Low
1773372,Low
172525,Medium
791101,High
1162066,High
369138,Medium
2088991,Medium
523675,Medium
1787900,Medium
1740475,Low
15347,Low
859669,High
705412,Medium
172377,High
1940811,Low
1964123,High
1622525,High
1934609,High
1265083,High
921401,High
52012,Low
199898,Low
503206,Medium
1416051,Medium
164089,Low
769481,High
380127,High
2279488,Low
2307365,High
35565,High
1645373,Medium
1823244,Medium
613833,Medium
1108349,High
995304,Medium
2211520,High
1911892,Medium
1839147,Low
664847,Medium
755566,Low
848820,High
986854,Medium
1163703,Medium
2038740,Low
1085221,Medium
1117084,High
1921063,Medium
1879787,Low
1688306,Medium
124645,High
1646274,Low
1710272,Low
214904,High
672488,Low
2101034,Low
122855,Low
1280510,High
1379687,Medium
581539,Medium
598253,Medium
1333417,High
1856384,Medium
1062387,Medium
856278,Medium
393022,High
358066,High
298257,High
2284854,Medium
1675960,Low
486303,Low
1807490,Medium
1989003,Medium
1826663,Low
1774428,High
581050,High
1225622,Medium
1680634,Low
721993,Medium
1672818,Medium
1113398,Low
502415,High
2240997,High
640761,High
1895400,Medium
632143,Medium
1750611,Low
93978,Medium
1755115,Low
817644,Low
10700,Medium
954418,Medium
101653,High
1604391,Low
1162831,High
767345,Medium
143527,Medium
1905373,Medium
2205300,High
104884,Medium
1203385,High
328958,Low
309445,High
787571,Medium
410570,Medium
2243915,Low
1400332,Medium
1918579,High
1480519,Medium
2263739,High
543999,Medium
131625,High
1575207,High
1252447,High
10711,Medium
909755,Medium
1896966,Medium
2168157,High
2015124,High
1477031,High
2292112,High
1037323,Low
2205888,Low
2117836,Medium
1495738,High
1063092,Medium
944602,Medium
419109,Medium
2007537,Medium
1851535,High
9188,Medium
430356,High
468313,High
1254851,Medium
719004,Medium
1939312,Medium
640079,High
339317,High
1298948,High
1041089,Medium
1697233,Medium
401852,High
2123447,High
1769678,Medium
1382756,Low
1705943,Low
133196,Medium
1383249,Low
52463,Low
466270,High
108475,Low
1080704,Medium
1426714,High
599629,Low
1836993,Low
1526814,Medium
465260,High
599597,High
945298,Low
2206385,Low
1047107,Medium
1343128,Medium
1371792,Medium
631036,Low
778051,Medium
899733,Medium
875557,Medium
312498,High
1396039,Medium
1971109,Medium
721523,High
1781199,High
1497995,Medium
1623849,Low
2010108,Low
1184842,High
2288299,Low
2313575,High
1287590,High
1364814,Low
2317116,Low
1788922,Medium
2083784,Medium
1465058,Low
1616747,Medium
1846133,Medium
1736006,Low
1679,Medium
58809,High
1657991,High
565035,Medium
765913,High
1672815,High
842623,Low
1753770,Low
5463,Medium
1478361,Medium
928970,Low
2188876,Medium
1056172,High
1342426,Medium
2213629,Medium
659664,Low
1526497,High
1047484,Medium
1301564,High
2298005,Low
760466,High
1386645,High
1078684,High
752826,High
113132,Low
989135,Low
1316441,Low
2060592,Low
107115,Medium
79642,Low
23904,Medium
1107370,High
144722,Medium
2052865,Low
1881851,Medium
819193,High
409078,Low
1671763,Low
1000897,High
1820842,High
1831690,High
1831201,Low
316632,High
294429,Medium
1143314,Medium
845686,Low
185302,High
1885519,Medium
1827674,Medium
1676245,High
1333398,Medium
25658,High
1528315,Medium
248633,High
1843514,Low
631206,Low
169288,High
1728460,High
1277304,High
483159,Low
733432,High
442988,Medium
1038374,High
66606,High
41734,Low
962382,Medium
318075,High
2053922,Medium
135725,Medium
1403464,Medium
428791,Low
993345,Medium
1549893,High
604824,High
1038817,Medium
566121,Medium
1169317,High
2221176,Low
1241732,High
1104543,High
1291011,Low
1487846,High
545234,Medium
1347314,High
1173708,Low
1849673,Low
1428073,High
254680,Low
348163,Medium
805256,Low
112006,Medium
1914977,Low
248903,Medium
626145,Low
1657251,Medium
2323426,Medium
1958635,Medium
2201310,High
1575050,High
1883040,Medium
2038496,High
19934,Low
1518673,High
511487,High
1205703,High
1968516,Low
675299,Low
765932,Medium
2146425,High
678670,High
2233800,Medium
1938236,Low
1960908,Low
738046,Low
518109,High
2034949,Medium
536300,Medium
2279954,High
789289,High
657230,High
415245,Medium
2177999,High
541925,High
1667111,High
1181136,Low
476331,Medium
655381,Medium
936468,Low
869081,Medium
1577236,Low
1184592,Medium
890749,High
989302,Medium
2318268,Low
963561,Medium
1026505,Low
1858029,Medium
953207,Medium
1753149,Medium
1996336,High
810627,Medium
1223436,Medium
2090754,Low
274599,Low
554094,Medium
1117105,High
1163166,Low
1596757,High
1908017,High
263536,Low
1081215,High
2278315,Low
2055781,Medium
883985,High
2135787,Medium
458417,Medium
532733,High
1225802,Low
1229993,Medium
93408,High
78561,High
277691,High
1866012,Medium
1756222,Low
1655503,High
138831,High
49600,High
1141087,Low
601791,High
1100358,Low
191641,High
491055,Low
1033590,Medium
1736104,High
1765383,Medium
1546809,High
2075288,Medium
1817518,High
1271950,High
1774529,Medium
890528,Low
2054827,Medium
2062335,Medium
1618713,Low
1387063,Medium
1310922,Low
1301005,Medium
1388804,Medium
1906334,High
1106300,Low
256097,High
1504735,Low
2004103,Medium
1496382,High
332171,High
992931,High
2248352,High
530475,High
568600,Medium
475216,Medium
240919,Medium
901624,Medium
744067,Low
398949,Low
464412,Medium
487340,Medium
1878345,Medium
844343,High
665029,Medium
663789,High
696104,Medium
1206113,Medium
1747079,Low
93621,Low
1456716,High
999413,Medium
2261392,High
841722,Medium
275907,High
1012572,Medium
189579,Medium
1224143,Low
1796961,High
129618,Medium
1110975,Medium
2264624,Low
864773,Medium
1995563,High
1796351,High
635557,Medium
525783,High
183382,Medium
945762,High
1564874,Medium
2154044,High
1371361,Medium
1026326,High
326273,High
661627,Medium
1032008,High
1253661,Medium
2263623,High
320740,Low
1509438,Medium
600756,Low
1692159,High
165299,Low
729508,Medium
10408,High
2187242,Low
520081,Medium
1504977,Medium
407015,Low
1237128,Low
1551304,High
327618,Medium
844267,High
1628971,High
1497545,High
2106641,Medium
1436489,Medium
873682,Low
1437757,Medium
2033534,Medium
787728,Medium
2091272,High
2214618,Low
935546,High
1545062,High
2205371,Low
907267,Low
1092577,High
726665,Low
1725370,Medium
206596,Low
437130,High
973498,Medium
1406312,Low
1190015,Medium
1595615,Medium
1712218,Medium
1478591,Low
674782,High
842986,Low
1990633,High
328027,Low
43895,Low
123220,Medium
613789,High
1111195,Medium
1833261,High
1127936,Medium
1488904,High
2061851,Medium
1700777,Medium
428374,Medium
454157,Low
516395,Medium
788785,Low
1703456,High
1482412,Low
202320,Medium
172133,High
2262828,High
988012,Medium
1749540,High
1058913,Medium
616059,Medium
455580,High
2265586,Low
2326692,Low
903769,Low
1933233,Medium
1488496,High
435464,High
117635,High
428684,Medium
1828645,Medium
2232554,High
51220,Medium
1546208,Low
214994,High
2303906,Medium
2084920,High
233815,High
1339011,Medium
923262,Low
1396151,Medium
2233501,Low
1448034,Low
68046,High
2299762,Low
163278,High
237453,Low
2231074,Low
2203865,High
2283535,High
1980869,High
799261,Medium
2034629,Medium
693970,Low
2206938,Low
216449,High
1810912,High
1806174,Medium
264724,High
783934,Low
1069339,Medium
1001638,Medium
1893331,Medium
307970,Medium
488606,High
447135,Medium
1333076,High
1899937,High
117552,Medium
622789,High
1131568,High
2164215,Medium
1338575,Low
1844486,Low
1414953,Low
1792934,Medium
1117811,Medium
651960,High
520054,Low
811260,Low
1438590,High
1948799,Medium
1716255,Medium
2303946,Medium
1384447,High
1456770,Medium
2212969,Medium
1170728,Medium
1785198,High
1930279,Low
1145972,High
1444480,High
2080648,Medium
1682134,Low
1164793,High
2141243,Medium
74128,High
1866981,High
2272716,Medium
1836458,Medium
1102841,High
2040754,High
963376,High
1668437,High
1191573,Low
659698,High
1251874,Low
164033,High
79334,High
409851,Medium
441682,Medium
1984900,High
157619,Medium
1227503,Medium
1666038,High
66500,Medium
352070,High
257168,Medium
2167214,Low
531406,Low
1222857,High
1611750,High
649086,Low
497039,Low
1903711,Low
439703,High
1069578,Medium
1347710,High
1551016,Medium
1455895,Medium
1922096,High
238623,High
2269485,High
1418200,Medium
1384397,Medium
362171,Medium
1867439,Medium
1584738,Low
66960,High
909418,Low
1496115,High
368010,High
2216839,High
16543,High
161359,Low
929639,High
1519295,High
471561,Medium
447502,Medium
49077,High
2035997,High
875448,Medium
554842,Medium
2055060,High
1200825,Low
2220334,High
2230541,Low
1708909,Medium
970300,High
1117666,Low
639618,Medium
1036942,Medium
552464,Medium
1961055,Low
1448035,Low
1655844,Low
44322,Low
1572061,High
1137949,Low
1140185,Medium
168947,Medium
2302018,Low
1198550,High
1958858,High
2130923,High
1375925,Low
341620,Medium
93881,Low
246443,High
1449528,Medium
1277418,Low
1768770,Medium
809556,Medium
336793,High
1220012,High
1475252,Medium
1286945,Low
1092271,High
1886170,High
2004228,High
267706,Medium
1286946,Medium
1481918,High
1091659,Medium
1678043,Medium
1946735,High
879642,Medium
10087,Low
756567,Low
1817800,High
2275951,High
1140691,Low
45107,Medium
904828,Medium
562800,Low
852063,High
1891423,High
545437,Medium
1030084,Low
725354,High
707219,Medium
1915815,Medium
109601,High
2013350,Low
238902,Low
511852,High
953464,High
1429155,High
184006,High
1127437,Medium
1324944,Low
2142880,Medium
112265,Medium
1736445,Medium
50480,High
975018,Medium
1396503,High
713684,Medium
1897103,Medium
327880,High
1372473,Medium
580408,Low
172744,High
82305,Medium
1167530,Medium
2219555,High
96487,Medium
1818938,High
618667,Low
1239177,Medium
347227,High
1700048,Low
1997703,Low
2265587,Low
2135203,Medium
1470242,Medium
1540444,Medium
1442530,Medium
1692597,Low
929557,Low
2031307,Medium
1176424,Low
755415,Low
2279857,Low
1135084,Low
2278790,Medium
869270,High
1852646,High
1146006,Low
415593,High
2246631,Medium
316684,Medium
1736977,Medium
898397,Low
1233942,High
774952,High
156177,Medium
57674,Medium
2291389,Low
1327364,Low
1542143,Low
924878,High
2093542,Medium
1102573,High
77722,High
763973,Low
804709,High
1308257,Low
2094933,Medium
706935,High
359403,Low
1007657,Medium
1057501,Low
350121,High
834871,High
1191192,High
513152,Medium
2061421,Medium
542277,High
2149809,Low
520768,High
693914,High
1712696,High
1375734,High
615718,High
859308,Low
1313699,High
636102,Medium
2009615,Medium
79276,Medium
1943536,High
909871,High
2128774,Low
2012988,High
1805841,High
595481,Medium
1397324,Low
1234382,Medium
1458634,Medium
2185053,Low
993150,High
2095451,Low
1909295,Medium
323095,High
943623,High
1762459,High
787665,High
1452586,Medium
671638,High
2223864,High
1179367,Medium
551283,Low
1925397,Low
1414898,Low
719458,Medium
1827924,High
311520,Low
994713,Medium
1897359,Medium
2255338,High
207619,High
1531117,High
626074,High
629085,Low
1652043,High
1656161,Low
1851807,Medium
803701,Medium
1253305,Medium
370031,Medium
1078360,High
1111241,High
371926,Low
2302904,High
499760,Medium
576550,High
313622,High
677003,High
779850,High
484709,Low
772487,Medium
168716,High
563560,Medium
928148,Medium
203232,Medium
2068784,Medium
1644202,Medium
1589412,High
1831546,Low
611627,Low
1223901,Medium
2325654,High
1711697,High
2180074,Low
413863,Medium
1096123,Low
652254,High
525973,Low
412341,Low
1293420,Medium
2020220,Low
1507919,Low
1896561,High
150874,Low
514687,Medium
1279369,High
765417,High
1507117,High
1292178,Low
178195,Low
1276210,Medium
827543,Medium
621616,High
1554166,Low
2042567,Low
2324451,Medium
639758,Medium
787322,Medium
1310363,Low
1337209,Medium
1559276,Low
507760,High
1138219,High
1083293,High
2102589,Low
2290507,Low
529867,High
1832939,Medium
224354,Medium
485951,Low
1256463,Low
1428315,Low
2124975,Medium
2314957,High
313593,Medium
461192,Medium
628886,Medium
2158003,High
1809571,High
595705,Medium
313324,High
947248,High
1233989,Medium
1147962,Medium
1325199,High
1804316,Medium
1693751,Medium
1590669,Medium
1195273,Medium
651764,Low
196991,Low
815506,Medium
839210,Low
654576,Medium
523404,Low
365829,High
412185,Low
1157402,High
336769,Low
1313407,Low
1116722,Low
39747,Low
1827311,Medium
125425,High
117515,High
1299082,High
258379,High
2066644,Low
355680,High
49983,Medium
134894,Low
1916007,High
1024219,Low
2143728,Low
1043274,Low
2264871,High
1122716,Medium
553740,Medium
273306,Medium
1025919,Low
749993,Medium
1527526,Medium
927169,Medium
1999992,Low
2159269,High
1376083,Medium
1536167,High
293123,Low
169656,Medium
1072258,Medium
1773959,Medium
196756,High
623275,Low
542446,Medium
1831331,Medium
1725347,Low
456219,Medium
1058581,Medium
2032152,Low
1791411,High
1548212,High
811351,High
1523498,High
2233317,Medium
508985,High
88113,High
793681,Low
1929269,Low
2252323,High
1934126,High
2156492,High
1267451,Low
15888,High
460695,Low
1817258,High
1820138,Medium
1506438,Medium
382365,High
238210,High
553085,Medium
40003,High
1966804,Low
604029,High
1769907,Medium
1269687,Low
1259177,High
1028265,Low
421530,High
1525751,Medium
1792812,Medium
1840655,Low
747478,Low
425078,Low
1250163,Low
330921,High
897676,Medium
2058695,Medium
1001612,Medium
1248323,Low
473948,High
1202827,High
1599221,Medium
1616784,Medium
1445864,Medium
1270401,High
644878,High
863104,Low
1002856,Medium
2301389,High
424226,Low
2074080,Medium
781795,Low
1426409,High
1505845,Medium
693941,Medium
804767,High
1698432,High
281537,Medium
284392,High
780446,Medium
479345,Medium
476249,Low
1630314,Medium
1551360,High
1004780,High
1083200,Low
791150,Low
373924,High
18998,Medium
954379,High
1082048,Low
2209581,Low
2107817,High
2295330,High
1969221,High
1420745,Medium
1672632,High
1861281,Medium
446528,Low
871746,Low
1316544,High
1413706,Medium
752813,Low
1148029,Low
753100,Low
340939,Low
1815173,Medium
1338693,High
281779,Low
1153359,Low
1754395,Medium
1306766,Low
1285035,Medium
1979705,Medium
1944957,High
1447032,Medium
1759209,High
443801,High
126462,Medium
1975897,Low
119226,High
1507837,High
916432,Low
2287277,Medium
795281,Low
139796,High
2283962,High
2109289,Medium
650358,Low
766424,High
995289,Medium
1541483,High
1069910,Low
1646854,Low
419848,Medium
1995334,Medium
914195,High
756532,Medium
1556721,High
398640,Medium
2254656,Medium
834398,Medium
1546255,Medium
845722,Low
196387,High
1156056,High
2035144,Medium
1442059,Medium
48455,High
698343,Medium
89075,High
149243,High
1859656,Low
850001,Medium
1148593,High
2316245,Low
1676456,Medium
2252600,Medium
1207011,High
913797,High
2001642,Low
1666006,Medium
1322935,Low
1107542,Medium
1672131,High
977318,Medium
1064912,High
801272,Medium
1727798,Medium
1089640,High
671854,Low
2005632,Medium
1559754,High
1858646,High
667808,Medium
2042649,Low
2300642,High
623898,Medium
2204704,Medium
1561845,Low
1009850,High
753537,High
1235943,Low
1677249,High
425910,Medium
891949,Low
302546,Low
1818673,High
2238533,Medium
1236591,High
646002,High
1113190,High
877045,High
823756,Medium
1197258,Low
1904137,Medium
2168605,High
912846,High
314403,Low
843270,High
514340,Medium
1714835,Medium
2163699,High
591859,Medium
1900843,Medium
1940553,High
35762,High
1719610,Medium
2243848,Low
150814,Low
1989549,High
585274,Medium
271677,Medium
1867499,High
1098922,Low
17480,Low
2263685,Medium
1642586,Low
2088593,Low
613822,Medium
1427180,High
694314,High
1542183,Low
1091048,High
450032,High
2222662,High
1207599,Medium
183633,Low
1236396,Medium
1619826,Medium
1140622,Medium
599447,Low
191201,High
1006462,Low
138070,High
723247,Low
805907,Medium
1413893,Low
578310,High
1251623,Medium
509413,Low
987770,Medium
363056,Medium
2102411,High
36368,Medium
689804,Low
37628,Medium
1343046,High
259528,Medium
1292226,Medium
1155707,High
765638,High
1638439,High
1500069,Medium
1652561,Medium
671628,High
1170712,Low
1203745,High
1780,High
1054,Low
204525,High
287314,Medium
472457,Medium
534418,High
909652,High
552614,Medium
765144,Medium
1405159,Medium
1778709,Medium
720583,High
816345,High
930420,Medium
1134082,Medium
266074,High
1032102,Low
1045980,Medium
1761980,Medium
648506,High
78812,High
765352,Medium
765996,High
1395907,Low
1145101,High
1956084,Low
1841974,High
624580,Medium
385395,High
547892,Low
24988,Medium
1243010,Medium
1684035,Medium
595842,Low
338577,Medium
1712157,High
1000274,Low
2229501,Low
815927,High
2020436,High
1140497,Medium
187899,Medium
2082538,Low
804871,Medium
815422,High
1166103,High
1243924,Medium
814747,High
2122748,Low
1515174,High
970574,Medium
1808935,Low
816740,High
2114034,High
891749,Medium
1038441,Medium
1249508,Medium
1026864,Medium
1356758,High
195932,Medium
280737,Medium
1385751,Medium
94752,High
1993415,Low
2071520,Low
1537661,Medium
129566,High
798385,High
561665,Medium
1974115,Low
746423,High
1532602,Medium
1009148,Low
565301,Medium
1523975,High
2134852,High
2264352,Low
1789633,High
1106426,Medium
526186,Low
2025262,Medium
2073506,Low
630470,Medium
541622,Medium
200760,Low
77788,Low
1987636,Medium
1161534,Medium
2092186,Medium
243307,Low
915751,Low
20602,Medium
1926463,Medium
277871,Low
51465,High
247614,High
923541,High
1555231,High
2147172,Low
206325,Medium
486523,High
2139549,Medium
517444,Low
1459554,High
1892152,High
67062,Medium
111860,Low
971453,Medium
1722479,High
2045595,Low
2126795,High
1490518,High
657685,Medium
272843,Medium
1259412,High
2025850,Low
1148052,Medium
2104834,Low
1204633,High
1220460,High
191227,Low
294129,Medium
857529,Medium
284285,Medium
1869848,Medium
1883373,High
1094361,Medium
860228,High
1501452,High
1210440,Low
753470,Low
857231,Medium
1054429,Low
904507,High
2053318,Medium
1558522,Low
1381513,Medium
1563028,High
1004810,Low
250863,Medium
1122386,High
462038,High
1631258,Medium
1608564,Low
93112,Medium
1930608,Low
1228194,High
1302875,Low
2000438,High
2212394,High
1534682,Medium
2241085,Medium
551661,High
99606,Medium
1664274,Low
1962051,High
873330,High
1443973,Medium
395420,Low
1441342,High
2192656,Medium
218274,Low
1594043,High
368496,Low
996101,High
2098661,Low
1902777,Low
2203693,Medium
1848150,Low
1056425,Low
1946673,High
2121612,High
969673,Medium
960442,Medium
935316,Medium
43382,High
2295720,Low
108058,Medium
35225,High
598738,Low
2144889,Low
656502,High
1028877,Medium
1988982,High
737406,High
1278567,High
1039239,Low
1826608,High
157405,Low
81670,Low
878210,High
178231,Medium
370428,Medium
340641,Medium
3772,High
1484324,High
868377,Medium
1801778,High
1231393,Medium
2055786,Medium
268373,Low
1377630,Low
1167842,High
1817406,Low
1743406,Low
1911561,High
1813326,Medium
1260862,High
1921238,High
1971864,Medium
1362408,Medium
1028823,High
34570,High
575511,High
2243240,High
1281261,High
1645930,Low
351237,Medium
1291260,Low
1973220,Medium
667826,High
287006,Medium
1240093,Medium
1013946,High
1376490,Medium
6997,Medium
2200713,Low
1161183,High
1414434,Medium
239167,Medium
240007,Medium
1664397,Low
1125065,Medium
1708687,High
1460951,Medium
1625625,High
349015,Low
985404,Medium
2274549,Low
984318,Medium
1383698,High
1537853,Medium
499664,Low
1021601,High
579305,Low
1053673,Medium
1428766,Medium
1053207,Medium
386270,Medium
1089652,Medium
276953,Low
1187394,Medium
673183,Medium
546482,Low
1731894,Low
2252728,High
716023,Medium
731965,High
1140206,Medium
737819,High
1142601,Medium
251354,Medium
1928887,High
736293,Medium
170969,High
1349607,Low
1587892,Medium
590433,Medium
140850,Medium
1218682,High
1460753,Medium
2190958,Medium
1524038,Medium
1041811,Low
1865237,High
20088,Medium
1781874,Medium
2261926,Medium
1500705,High
1491846,Low
980190,Low
672271,High
1898616,Low
1999879,High
1837400,Medium
961883,Medium
2318786,High
117782,High
1187087,High
827214,Low
482778,Medium
1626519,High
25579,Medium
1252515,Medium
1144586,Medium
1290623,Medium
518705,High
242456,Medium
332635,Low
26043,Low
1436839,High
2155813,High
1083075,Low
265362,Medium
1571142,High
890610,Low
1295064,Medium
1003058,Medium
1784057,Medium
1483906,Low
526485,High
2095438,Medium
2188790,Medium
1642142,Medium
1708237,Low
1409182,High
2233549,Low
1257650,High
2214557,Low
1546984,Low
2170476,Low
672898,Low
1300997,High
2100735,Low
2202392,Medium
916848,High
369862,High
162487,High
241870,Medium
984281,Medium
1500699,Low
1636202,Medium
2150689,High
1720984,Medium
746860,Low
1390930,Medium
978815,High
1026917,Medium
2064452,Low
1317940,Medium
1426470,Low
1964263,Low
575114,Medium
2160762,Medium
2167416,High
437410,Medium
602569,Medium
152786,Medium
2318100,High
846302,Medium
1306903,High
1609864,High
172117,High
1223433,Medium
1211378,Medium
218584,Medium
869165,Medium
1263755,High
1550417,Medium
1475220,Medium
455496,High
981942,High
816419,High
979007,Medium
1564162,Medium
153345,Low
1449310,Medium
1777614,High
1597371,Low
2315484,Medium
1406786,Low
1793424,High
2186694,Medium
1685254,Medium
791287,Low
1290136,Low
488041,High
1251969,Medium
1315855,Low
1827043,Low
1338406,Medium
463627,High
877144,Medium
632619,High
590931,High
1684811,Medium
105701,High
1977547,High
1471555,High
1728218,Low
1611666,Low
1988987,Medium
2224491,High
2293289,High
1637355,Low
497808,Medium
2199897,Medium
646218,Medium
366686,Medium
1719297,Low
1720042,High
677239,Medium
1222877,Low
1580768,Low
1757888,Low
1768350,Medium
211850,Medium
366777,Low
868721,Low
509005,Medium
2179596,Medium
1279967,Low
1285617,High
950123,Low
2452,Low
801724,Medium
1267885,Low
1080255,High
1216128,Low
465850,Low
83547,Medium
2242175,High
1412432,Low
1342705,Medium
1565479,Low
97083,Medium
2177052,Low
204136,High
1874624,High
386639,High
1420330,High
1120901,Medium
753912,High
970924,High
1706373,Medium
821011,High
107985,Medium
1677857,Medium
186009,High
2117036,High
2116425,Medium
728566,High
2020399,High
25821,High
1057264,Low
1357410,High
743646,High
1897725,Medium
824140,Low
1713431,High
80849,Low
500375,Low
342636,High
1048126,Medium
771443,Medium
870178,High
1103267,Medium
1773010,High
376806,Medium
1731378,Low
1457738,High
1018947,High
441840,Medium
808116,Medium
2227380,Medium
593661,High
701649,Low
360585,Medium
1347048,High
211013,High
2041271,Medium
573269,Low
2118335,Low
1037192,High
883148,High
1884041,Low
1410735,Low
246962,High
843309,High
189555,Medium
1138476,Medium
391463,Medium
344848,Medium
912724,Low
2232945,High
1211683,Medium
22178,Medium
476981,High
1919049,Low
65891,Medium
1526419,High
2120352,Low
324338,High
1401541,Medium
355198,High
1831100,Low
1169634,High
2238993,Low
1720573,Medium
1425958,Medium
41474,Low
2055719,Low
183578,Medium
1165278,High
1326563,Low
1301968,Medium
583644,Low
1078012,High
1504927,Low
1184033,Medium
1251385,High
2058234,Medium
972075,Low
935687,Medium
2110690,High
1277319,High
2132758,Medium
446888,Medium
1997652,Medium
1926269,High
1430905,Low
2305571,High
469212,High
1290342,High
2067033,Low
262542,Medium
939039,Low
1998569,Medium
1516654,Medium
821274,High
987361,Low
1372668,Low
1011393,Low
115950,Medium
1714605,Medium
1207567,Medium
514419,Low
1283794,Medium
537392,High
1309197,Low
150565,Medium
723484,Medium
709184,Low
288073,High
2276865,Medium
1299373,Low
1352844,High
1538327,High
1124967,High
67653,High
1083804,Medium
620386,Medium
68508,High
1445915,High
1269381,High
2305959,Low
2028462,Medium
871331,Medium
660163,High
913114,Medium
726924,Low
748379,High
930190,Low
1053975,High
796866,High
660953,High
1325198,High
1262652,Low
464267,High
2132823,High
1883180,Medium
1242115,Low
2168399,High
1777044,Medium
881918,Low
17909,Low
147833,Medium
768512,Medium
1842853,High
1862304,Medium
1486946,Medium
1963968,Medium
658872,Medium
41917,Medium
1972659,Low
1818549,High
330199,High
1965950,High
2251774,Low
1393436,High
2096781,High
2187845,Low
168049,Medium
1388832,High
2263788,Medium
2309703,Medium
1814255,High
904233,Medium
1206765,High
1639313,High
324308,Low
1380871,High
21981,Low
1151244,Medium
2201611,Medium
787244,Medium
1243797,High
1548830,High
401589,High
1580027,High
1855644,Low
404791,High
58035,Low
2293928,Medium
1798199,High
196294,Low
183537,High
249942,Medium
1614432,Medium
780125,High
2243241,High
1737674,Medium
743509,Low
1238956,Low
631841,High
209343,High
448408,High
1226214,Medium
72577,High
549867,Medium
548456,High
781209,Medium
270556,High
2044580,High
1940315,Medium
220119,Medium
516555,Medium
66953,Medium
2271144,Medium
800625,High
2237705,High
1133814,Medium
1519755,High
1650382,Low
1928353,High
1745814,Medium
2020890,Medium
1950395,High
689570,Low
75333,Medium
1567178,High
2654,Medium
193307,Low
1313969,Low
1115757,High
1499522,Medium
2161123,Medium
603381,Medium
464016,High
1687668,Low
1229792,High
1454552,High
2185604,Low
1799847,High
17213,High
461997,Medium
810059,Medium
1893187,Low
1691628,High
1587730,High
678698,Medium
895102,Medium
1125317,High
341451,Medium
1968375,High
1037414,High
2232605,Low
551124,Medium
1173632,Low
992393,High
543037,High
712942,Low
1493187,Low
465289,Medium
389352,Medium
1940778,High
2195463,High
1381652,Low
1185542,Low
1550792,High
672945,Low
1763375,Medium
1950904,High
767756,Medium
2078830,Low
1133651,High
315590,Low
567449,Medium
470212,Low
1764564,Medium
20520,Low
131538,Medium
454072,High
2233281,Medium
602153,High
1007003,High
181139,High
1069584,High
698564,Low
1988195,Low
891357,Medium
177632,High
1915886,Low
577451,High
563465,Medium
479291,High
1522120,High
1669786,Low
530280,High
1193766,High
2185917,High
407478,Medium
841128,High
84887,High
1849383,High
1981496,High
2165746,Low
1993972,Medium
87678,Medium
742661,Medium
2289114,Medium
704057,Medium
1271949,High
2250561,High
550599,Low
1466153,Medium
427178,Medium
168302,Low
372974,Medium
875206,Low
709500,Medium
1504602,High
1433354,Medium
667203,Low
1673388,Low
688719,Medium
2280299,Medium
1461983,High
848010,High
2094743,Low
1834727,Low
1402056,Low
808702,High
1407897,High
1217532,Medium
1054340,Low
771767,Low
1810622,High
1038856,Medium
2004261,Medium
665957,Medium
2126737,High
2013617,Medium
1449232,Low
627664,High
1129217,Low
1926841,High
92115,High
1069992,High
1301305,Medium
2059986,High
927640,Low
2042543,Medium
409292,High
1271370,High
875433,High
1740337,Medium
338080,Medium
2205812,High
146348,Medium
1031335,Medium
507246,Medium
274065,High
1374460,High
991987,Medium
2106731,High
1556987,Low
2026691,Medium
854241,Medium
1086641,Low
2208757,Low
1522895,Medium
446112,Low
1988090,Medium
1655625,Medium
414767,Medium
662447,Low
618603,Low
166466,Low
346821,Medium
1532960,Medium
977913,Medium
1308228,Medium
705494,Low
2122891,Medium
2197516,Low
1212899,High
2211495,High
286490,Low
738588,High
1645281,Medium
1411035,High
733062,High
947157,Medium
2145984,Low
2204151,High
33845,Medium
2218308,Medium
399416,Low
189795,Low
583747,High
24016,High
533574,High
1386838,Low
1349026,High
2162882,High
2020415,High
2004002,Medium
1129079,Low
483617,Medium
786652,High
924473,Low
383680,High
765054,Medium
1080172,High
2049354,High
1177492,Low
647530,High
2060796,Low
302642,Medium
2163042,High
530017,Medium
2141237,High
1369763,High
2297778,Medium
2004607,High
1188697,High
1263277,Medium
2069517,Medium
1670084,Low
2087706,Medium
568341,Medium
1102362,Medium
1974229,Low
148412,High
1690763,Medium
81946,Medium
2289915,Medium
498085,Medium
2104221,Medium
767528,High
49316,High
2283402,High
689929,Medium
103779,Low
1321420,Medium
2115447,Low
872147,Low
502053,High
2110603,High
1260366,Low
1632490,Medium
1381307,High
160244,Low
2088508,High
1153684,Low
1369473,Low
1404884,High
2086943,High
2487,Low
1159983,Medium
745377,Medium
1136255,High
637676,Medium
1382709,Medium
1540057,Low
1744983,Low
724592,Medium
1221637,High
1024872,Low
1666758,Low
1063301,High
2252182,Low
919409,High
507623,High
2155494,Low
242997,Low
1197494,Medium
903550,High
1797849,Medium
603339,Low
355932,Medium
1505625,Medium
2028066,Medium
1666241,High
450934,Low
562226,High
1375596,Low
1044123,High
1579301,Low
1065667,Medium
1228093,High
428957,Low
1809767,Medium
1704698,Medium
1236950,Low
1882622,Medium
1887078,High
2269919,Medium
158646,Low
433629,Low
334293,Medium
1727054,Medium
1405586,High
2087212,High
2213212,High
429643,High
2105207,High
945227,High
1934659,Medium
1234571,Medium
1670672,High
1702789,High
746289,High
1291193,Medium
577795,Medium
1750574,Medium
96081,High
805273,Low
1612546,High
1819769,Low
1935348,Low
871305,Low
1498203,High
100184,Low
1583140,Medium
2071955,Low
1388059,High
1464868,Medium
727068,Low
1214462,Low
1816684,High
1960615,High
1927440,High
71442,Medium
1288642,High
1810310,Medium
819044,High
1553697,High
1005589,High
1018986,High
1510094,High
6934,High
1316249,Medium
1783146,Medium
2274023,High
1966214,Medium
2015393,Medium
924212,Low
555142,Low
540580,Low
1823338,Low
1860290,High
2317708,High
433774,Low
926676,Medium
1725278,High
1070149,Medium
1961705,Low
1672319,Medium
1694125,Medium
505318,Medium
56630,High
299821,High
1104251,Medium
1414856,High
1060168,High
2234207,High
1269382,High
207489,Low
1618257,Medium
1607409,High
1708169,Low
70261,High
1352014,High
1946761,High
1683175,Low
2316218,Low
570297,Low
1484527,High
911834,High
40067,Low
2212406,Medium
1691670,Low
852563,Medium
965939,Medium
2214011,High
1624538,High
1676586,Low
1369281,Medium
377898,Low
507333,Medium
2128456,High
1150286,High
25509,Medium
1841407,High
1368637,Low
1927080,High
2170506,High
1331652,Medium
2277568,Medium
1416747,Medium
603398,High
2284596,Medium
2157869,Medium
1592735,Low
82322,Medium
141227,Low
1147735,High
559067,Medium
1138244,Medium
838536,Low
1640919,High
950536,Medium
433651,Low
2105824,Low
2299453,High
1252807,Medium
1383344,Medium
31683,Medium
648254,Low
1495971,Medium
879231,Low
1825826,High
1373107,Low
804483,High
905419,Low
1235218,Low
1051050,Low
957302,High
1342227,High
941202,High
685698,Medium
1702887,High
1370844,Medium
1737318,Low
632653,Low
416289,Medium
347815,High
236731,Medium
1037427,High
832942,Low
1636754,Low
415369,High
806595,Medium
1911973,High
740078,Medium
1175582,Medium
575037,Low
1638666,Medium
1077721,Medium
1782774,High
316379,High
1505850,High
2148177,Medium
620336,Low
1270257,High
248413,Low
608865,High
2298258,High
1420600,Medium
1265956,Medium
589534,High
1878543,Low
1158344,High
1715446,High
198440,Medium
684890,High
2055321,High
147260,Medium
1534142,Medium
1664868,Low
254351,Low
1886572,Low
1331679,Low
586220,Medium
199178,Medium
122849,High
382801,Medium
641010,Medium
947934,Medium
93005,Medium
2298576,Low
12131,Medium
1086961,High
1299710,Low
1619657,Medium
1787113,Low
49646,Medium
392522,Medium
723793,High
2146315,Medium
347244,High
1760534,High
1060743,Medium
1761194,High
2273603,Medium
89988,High
1791697,Medium
235551,High
824842,Medium
2000914,Medium
1939572,Medium
2008020,Low
949532,Medium
805741,Low
277890,High
804554,Medium
213130,High
1288142,Medium
2091818,Medium
1696450,Low
775025,Medium
793524,Medium
1507883,Low
1216301,Medium
1681628,Medium
2190241,High
1351375,High
2180796,Medium
1624978,Low
2202281,Medium
1088524,High
1786971,Medium
1298371,High
1243289,Low
348125,High
535557,High
1574167,Medium
1796033,Medium
1690028,Medium
490990,Low
2301048,Low
916103,High
1135155,High
801159,Low
902133,Low
39727,Medium
1790090,High
1538461,Low
1089457,High
865555,Low
2073325,Low
411326,Low
1430005,Low
1437761,High
43997,High
1873210,Medium
1959158,High
1813294,Low
630882,Medium
1710938,Medium
2208799,Medium
1004555,High
407625,High
697812,High
1502531,Medium
2080988,High
1627662,High
1862345,Medium
1277141,High
1811841,Low
938239,Medium
2231600,High
2092987,Low
1413850,High
2149225,High
784895,Low
2087587,High
2261757,Medium
1255001,High
512464,Low
1279780,High
1370035,High
518148,High
1264678,Medium
2219797,Low
1798004,Low
1655372,Low
1342313,High
244717,Medium
172478,High
1006857,High
2111671,High
372637,Medium
66022,Medium
794744,High
1323702,High
1710765,Low
575329,High
1307270,Medium
2223476,Medium
382861,High
554861,High
2307624,Low
2176572,High
884831,Low
1096160,Low
604604,Medium
1405400,Medium
824689,High
1081642,Medium
1859210,Medium
863851,Medium
94772,Low
1426036,Low
1033274,Medium
89031,High
467972,Medium
677665,High
2324251,High
12121,Medium
1243864,High
933610,Low
1877639,High
149071,Medium
592438,High
2015247,Medium
